"id","defined_in","def_count"
"ACT-01","01-business/stakeholders.md","1"
"ACT-02","01-business/stakeholders.md","1"
"ACT-03","01-business/stakeholders.md","1"
"ACT-04","01-business/stakeholders.md","1"
"ACT-05","01-business/stakeholders.md","1"
"ACT-06","01-business/stakeholders.md","1"
"ACT-07","01-business/stakeholders.md","1"
"ACT-08","01-business/stakeholders.md","1"
"ACT-09","01-business/stakeholders.md","1"
"ACT-10","01-business/stakeholders.md","1"
"ACT-11","01-business/stakeholders.md","1"
"ACT-12","01-business/stakeholders.md","1"
"ACT-13","01-business/stakeholders.md","1"
"ACT-14","01-business/stakeholders.md","1"
"ACT-15","01-business/stakeholders.md","1"
"ADR-P01","00-governance/RATIFICATION-PACKAGE.md;00-governance/decisions/ADR-P01.md","2"
"ADR-P02","00-governance/RATIFICATION-PACKAGE.md;00-governance/decisions/ADR-P02.md","2"
"ADR-P03","00-governance/RATIFICATION-PACKAGE.md;00-governance/decisions/ADR-P03.md","2"
"ADR-P04","00-governance/RATIFICATION-PACKAGE.md;00-governance/decisions/ADR-P04.md","2"
"ADR-P05","00-governance/RATIFICATION-PACKAGE.md;00-governance/decisions/ADR-P05.md","2"
"ADR-P06","00-governance/RATIFICATION-PACKAGE.md;00-governance/decisions/ADR-P06.md","2"
"ADR-P07","00-governance/RATIFICATION-PACKAGE.md;00-governance/decisions/ADR-P07.md","2"
"ADR-P08","00-governance/RATIFICATION-PACKAGE.md;00-governance/decisions/ADR-P08.md","2"
"ADR-P09","00-governance/RATIFICATION-PACKAGE.md;00-governance/decisions/ADR-P09.md","2"
"ADR-P10","00-governance/RATIFICATION-PACKAGE.md;00-governance/decisions/ADR-P10.md","2"
"ADR-P11","00-governance/RATIFICATION-PACKAGE.md;00-governance/decisions/ADR-P11.md","2"
"ADR-P12","00-governance/RATIFICATION-PACKAGE.md;00-governance/decisions/ADR-P12.md","2"
"ADR-P13","00-governance/RATIFICATION-PACKAGE.md;00-governance/decisions/ADR-P13.md","2"
"ADR-P14","00-governance/RATIFICATION-PACKAGE.md;00-governance/decisions/ADR-P14.md","2"
"ADR-P15","00-governance/RATIFICATION-PACKAGE.md;00-governance/decisions/ADR-P15.md","2"
"ADR-P16","00-governance/RATIFICATION-PACKAGE.md;00-governance/decisions/ADR-P16.md","2"
"AGG-ADAPTER","03-domain/contexts/BC07/aggregates/AGG-ADAPTER.md;08-security/label-derivation-rules.md;14-slices/SLC-02/readiness.md","3"
"AGG-AI-REQUEST","03-domain/contexts/BC07/aggregates/AGG-AI-REQUEST.md;08-security/label-derivation-rules.md;14-slices/SLC-10/readiness.md","3"
"AGG-AI-RESULT","03-domain/contexts/BC07/aggregates/AGG-AI-RESULT.md;08-security/label-derivation-rules.md;14-slices/SLC-10/readiness.md","3"
"AGG-AI-ROUTING","03-domain/contexts/BC07/aggregates/AGG-AI-ROUTING.md;08-security/label-derivation-rules.md;14-slices/SLC-10/readiness.md","3"
"AGG-AI-TOOL","03-domain/contexts/BC07/aggregates/AGG-AI-TOOL.md;08-security/label-derivation-rules.md;14-slices/SLC-10/readiness.md","3"
"AGG-ALERT","03-domain/contexts/BC03/aggregates/AGG-ALERT.md;08-security/label-derivation-rules.md;14-slices/SLC-06/readiness.md","3"
"AGG-ALERT-RULE","03-domain/contexts/BC03/aggregates/AGG-ALERT-RULE.md;08-security/label-derivation-rules.md;14-slices/SLC-06/readiness.md","3"
"AGG-ALLOCATION","03-domain/contexts/BC05/aggregates/AGG-ALLOCATION.md;08-security/label-derivation-rules.md;14-slices/SLC-09/readiness.md","3"
"AGG-ANALYSIS-CASE","03-domain/contexts/BC03/aggregates/AGG-ANALYSIS-CASE.md;08-security/label-derivation-rules.md;14-slices/SLC-07/readiness.md","3"
"AGG-ANALYSIS-METHOD","03-domain/contexts/BC03/aggregates/AGG-ANALYSIS-METHOD.md;08-security/label-derivation-rules.md;14-slices/SLC-07/readiness.md","3"
"AGG-ANALYSIS-RUN","03-domain/contexts/BC03/aggregates/AGG-ANALYSIS-RUN.md;08-security/label-derivation-rules.md;14-slices/SLC-07/readiness.md","3"
"AGG-ARCHIVE-PACKAGE","03-domain/contexts/BC06/aggregates/AGG-ARCHIVE-PACKAGE.md;08-security/label-derivation-rules.md;14-slices/SLC-12/readiness.md","3"
"AGG-ASSESSMENT","03-domain/contexts/BC03/aggregates/AGG-ASSESSMENT.md;08-security/label-derivation-rules.md;14-slices/SLC-07/readiness.md","3"
"AGG-ASSET","03-domain/contexts/BC05/aggregates/AGG-ASSET.md;08-security/label-derivation-rules.md;14-slices/SLC-09/readiness.md","3"
"AGG-ASSET-ASSIGNMENT","03-domain/contexts/BC05/aggregates/AGG-ASSET-ASSIGNMENT.md;08-security/label-derivation-rules.md;14-slices/SLC-09/readiness.md","3"
"AGG-ASSET-RESERVATION","03-domain/contexts/BC05/aggregates/AGG-ASSET-RESERVATION.md;08-security/label-derivation-rules.md;14-slices/SLC-09/readiness.md","3"
"AGG-ATTACHMENT","03-domain/contexts/BC02/aggregates/AGG-ATTACHMENT.md;08-security/label-derivation-rules.md;14-slices/SLC-02/readiness.md","3"
"AGG-AUTHORITY-GRANT","03-domain/contexts/BC01/aggregates/AGG-AUTHORITY-GRANT.md;08-security/label-derivation-rules.md;14-slices/SLC-01/readiness.md","3"
"AGG-CAP-MESSAGE","03-domain/contexts/BC03/aggregates/AGG-CAP-MESSAGE.md;08-security/label-derivation-rules.md;14-slices/SLC-16/readiness.md","3"
"AGG-CLAIM","03-domain/contexts/BC02/aggregates/AGG-CLAIM.md;08-security/label-derivation-rules.md;14-slices/SLC-02/readiness.md","3"
"AGG-CLASSIFICATION-SCHEME","03-domain/contexts/BC08/aggregates/AGG-CLASSIFICATION-SCHEME.md;08-security/label-derivation-rules.md;14-slices/SLC-01/readiness.md","3"
"AGG-CLEARANCE","03-domain/contexts/BC01/aggregates/AGG-CLEARANCE.md;08-security/label-derivation-rules.md;14-slices/SLC-01/readiness.md","3"
"AGG-COLLECTION-PLAN","03-domain/contexts/BC02/aggregates/AGG-COLLECTION-PLAN.md;08-security/label-derivation-rules.md;14-slices/SLC-14/readiness.md","3"
"AGG-COLLECTION-REQUIREMENT","03-domain/contexts/BC02/aggregates/AGG-COLLECTION-REQUIREMENT.md;08-security/label-derivation-rules.md;14-slices/SLC-14/readiness.md","3"
"AGG-CONFLICT","03-domain/contexts/BC02/aggregates/AGG-CONFLICT.md;08-security/label-derivation-rules.md;14-slices/SLC-04/readiness.md","3"
"AGG-COORDINATION-CASE","03-domain/contexts/BC04/aggregates/AGG-COORDINATION-CASE.md;08-security/label-derivation-rules.md;14-slices/SLC-15/readiness.md","3"
"AGG-CORRELATION-PROPOSAL","03-domain/contexts/BC02/aggregates/AGG-CORRELATION-PROPOSAL.md;08-security/label-derivation-rules.md;14-slices/SLC-15/readiness.md","3"
"AGG-CORRELATION-RULE","03-domain/contexts/BC02/aggregates/AGG-CORRELATION-RULE.md;08-security/label-derivation-rules.md;14-slices/SLC-15/readiness.md","3"
"AGG-DECISION","03-domain/contexts/BC04/aggregates/AGG-DECISION.md;08-security/label-derivation-rules.md;14-slices/SLC-08/readiness.md","3"
"AGG-DECISION-REQUEST","03-domain/contexts/BC04/aggregates/AGG-DECISION-REQUEST.md;08-security/label-derivation-rules.md;14-slices/SLC-08/readiness.md","3"
"AGG-DEVICE","03-domain/contexts/BC01/aggregates/AGG-DEVICE.md;08-security/label-derivation-rules.md;14-slices/SLC-11/readiness.md","3"
"AGG-DISPOSITION-RUN","03-domain/contexts/BC08/aggregates/AGG-DISPOSITION-RUN.md;08-security/label-derivation-rules.md;14-slices/SLC-12a/readiness.md","3"
"AGG-DISTRIBUTION","03-domain/contexts/BC06/aggregates/AGG-DISTRIBUTION.md;08-security/label-derivation-rules.md;14-slices/SLC-12/readiness.md","3"
"AGG-ENTITY","03-domain/contexts/BC02/aggregates/AGG-ENTITY.md;08-security/label-derivation-rules.md;14-slices/SLC-02/readiness.md","3"
"AGG-ERASURE-REQUEST","03-domain/contexts/BC08/aggregates/AGG-ERASURE-REQUEST.md;08-security/label-derivation-rules.md;14-slices/SLC-12a/readiness.md","3"
"AGG-ER-CASE","03-domain/contexts/BC02/aggregates/AGG-ER-CASE.md;08-security/label-derivation-rules.md;14-slices/SLC-04/readiness.md","3"
"AGG-EVAL-SUITE","03-domain/contexts/BC07/aggregates/AGG-EVAL-SUITE.md;08-security/label-derivation-rules.md;14-slices/SLC-10/readiness.md","3"
"AGG-EVIDENCE","03-domain/contexts/BC02/aggregates/AGG-EVIDENCE.md;08-security/label-derivation-rules.md;14-slices/SLC-02/readiness.md","3"
"AGG-EVIDENCE-LINK","03-domain/contexts/BC02/aggregates/AGG-EVIDENCE-LINK.md;08-security/label-derivation-rules.md;14-slices/SLC-02/readiness.md","3"
"AGG-EXERCISE","03-domain/contexts/BC05/aggregates/AGG-EXERCISE.md;14-slices/SLC-19/readiness.md","2"
"AGG-EXTERNAL-ID","03-domain/contexts/BC02/aggregates/AGG-EXTERNAL-ID.md;08-security/label-derivation-rules.md;14-slices/SLC-02/readiness.md","3"
"AGG-FINDING","03-domain/contexts/BC03/aggregates/AGG-FINDING.md;08-security/label-derivation-rules.md;14-slices/SLC-07/readiness.md","3"
"AGG-HR-SYNC-PROPOSAL","03-domain/contexts/BC01/aggregates/AGG-HR-SYNC-PROPOSAL.md;08-security/label-derivation-rules.md;14-slices/SLC-16/readiness.md","3"
"AGG-IMPORT-BATCH","03-domain/contexts/BC02/aggregates/AGG-IMPORT-BATCH.md;08-security/label-derivation-rules.md;14-slices/SLC-02/readiness.md","3"
"AGG-INCIDENT","03-domain/contexts/BC04/aggregates/AGG-INCIDENT.md;08-security/label-derivation-rules.md;14-slices/SLC-17/readiness.md","3"
"AGG-INTEGRATION-CONNECTION","03-domain/contexts/BC07/aggregates/AGG-INTEGRATION-CONNECTION.md;08-security/label-derivation-rules.md;14-slices/SLC-16/readiness.md","3"
"AGG-KNOWLEDGE-OBJECT","03-domain/contexts/BC06/aggregates/AGG-KNOWLEDGE-OBJECT.md;08-security/label-derivation-rules.md;14-slices/SLC-12/readiness.md","3"
"AGG-LEGAL-HOLD","03-domain/contexts/BC08/aggregates/AGG-LEGAL-HOLD.md;08-security/label-derivation-rules.md;14-slices/SLC-12a/readiness.md","3"
"AGG-LOGISTICS-REQUEST","03-domain/contexts/BC05/aggregates/AGG-LOGISTICS-REQUEST.md;14-slices/SLC-18/readiness.md","2"
"AGG-MAINTENANCE-ORDER","03-domain/contexts/BC05/aggregates/AGG-MAINTENANCE-ORDER.md;08-security/label-derivation-rules.md;14-slices/SLC-09/readiness.md","3"
"AGG-MATCH-RULESET","03-domain/contexts/BC02/aggregates/AGG-MATCH-RULESET.md;08-security/label-derivation-rules.md;14-slices/SLC-04/readiness.md","3"
"AGG-MODEL-VERSION","03-domain/contexts/BC07/aggregates/AGG-MODEL-VERSION.md;08-security/label-derivation-rules.md;14-slices/SLC-10/readiness.md","3"
"AGG-NOTIFICATION","03-domain/contexts/BC04/aggregates/AGG-NOTIFICATION.md;08-security/label-derivation-rules.md;14-slices/SLC-06/readiness.md","3"
"AGG-OBSERVATION","03-domain/contexts/BC02/aggregates/AGG-OBSERVATION.md;08-security/label-derivation-rules.md;14-slices/SLC-02/readiness.md","3"
"AGG-ORGANIZATION","03-domain/contexts/BC01/aggregates/AGG-ORGANIZATION.md;08-security/label-derivation-rules.md;14-slices/SLC-01/readiness.md","3"
"AGG-OUTCOME-TRACKER","03-domain/contexts/BC04/aggregates/AGG-OUTCOME-TRACKER.md;08-security/label-derivation-rules.md;14-slices/SLC-08/readiness.md","3"
"AGG-PERSON","03-domain/contexts/BC01/aggregates/AGG-PERSON.md;08-security/label-derivation-rules.md;14-slices/SLC-01/readiness.md","3"
"AGG-PLAN","03-domain/contexts/BC04/aggregates/AGG-PLAN.md;08-security/label-derivation-rules.md;14-slices/SLC-08/readiness.md","3"
"AGG-PLAN-VERSION","03-domain/contexts/BC04/aggregates/AGG-PLAN-VERSION.md;08-security/label-derivation-rules.md;14-slices/SLC-08/readiness.md","3"
"AGG-POLICY-SET","03-domain/contexts/BC08/aggregates/AGG-POLICY-SET.md;08-security/label-derivation-rules.md;14-slices/SLC-01/readiness.md","3"
"AGG-PRELOAD-PACKAGE","03-domain/contexts/BC07/aggregates/AGG-PRELOAD-PACKAGE.md;08-security/label-derivation-rules.md;14-slices/SLC-11/readiness.md","3"
"AGG-PRODUCT","03-domain/contexts/BC06/aggregates/AGG-PRODUCT.md;08-security/label-derivation-rules.md;14-slices/SLC-12/readiness.md","3"
"AGG-PRODUCT-TEMPLATE","03-domain/contexts/BC06/aggregates/AGG-PRODUCT-TEMPLATE.md;08-security/label-derivation-rules.md;14-slices/SLC-12/readiness.md","3"
"AGG-PROJECTION-VERSION","03-domain/contexts/BC07/aggregates/AGG-PROJECTION-VERSION.md;08-security/label-derivation-rules.md","2"
"AGG-QUALIFICATION-RECORD","03-domain/contexts/BC05/aggregates/AGG-QUALIFICATION-RECORD.md;08-security/label-derivation-rules.md;14-slices/SLC-03/readiness.md","3"
"AGG-REALWORLD-EVENT","03-domain/contexts/BC02/aggregates/AGG-REALWORLD-EVENT.md;08-security/label-derivation-rules.md;14-slices/SLC-02/readiness.md","3"
"AGG-RECONSTRUCTION","03-domain/contexts/BC06/aggregates/AGG-RECONSTRUCTION.md;08-security/label-derivation-rules.md;14-slices/SLC-12/readiness.md","3"
"AGG-RELATIONSHIP","03-domain/contexts/BC02/aggregates/AGG-RELATIONSHIP.md;08-security/label-derivation-rules.md;14-slices/SLC-02/readiness.md","3"
"AGG-RESOURCE-POOL","03-domain/contexts/BC05/aggregates/AGG-RESOURCE-POOL.md;08-security/label-derivation-rules.md;14-slices/SLC-09/readiness.md","3"
"AGG-RETENTION-SCHEDULE","03-domain/contexts/BC08/aggregates/AGG-RETENTION-SCHEDULE.md;08-security/label-derivation-rules.md;14-slices/SLC-12a/readiness.md","3"
"AGG-RISK","03-domain/contexts/BC04/aggregates/AGG-RISK.md;08-security/label-derivation-rules.md;14-slices/SLC-17/readiness.md","3"
"AGG-ROLE","03-domain/contexts/BC01/aggregates/AGG-ROLE.md;08-security/label-derivation-rules.md;14-slices/SLC-01/readiness.md","3"
"AGG-ROLE-ASSIGNMENT","03-domain/contexts/BC01/aggregates/AGG-ROLE-ASSIGNMENT.md;08-security/label-derivation-rules.md;14-slices/SLC-01/readiness.md","3"
"AGG-ROLE-REQUIREMENT","03-domain/contexts/BC05/aggregates/AGG-ROLE-REQUIREMENT.md;08-security/label-derivation-rules.md;14-slices/SLC-09/readiness.md","3"
"AGG-SCENARIO","03-domain/contexts/BC05/aggregates/AGG-SCENARIO.md;14-slices/SLC-19/readiness.md","2"
"AGG-SECURITY-EXCEPTION","03-domain/contexts/BC08/aggregates/AGG-SECURITY-EXCEPTION.md;08-security/label-derivation-rules.md;14-slices/SLC-01/readiness.md","3"
"AGG-SENSOR-STREAM","03-domain/contexts/BC07/aggregates/AGG-SENSOR-STREAM.md;08-security/label-derivation-rules.md;14-slices/SLC-16/readiness.md","3"
"AGG-SERVICE-ACCOUNT","03-domain/contexts/BC01/aggregates/AGG-SERVICE-ACCOUNT.md;08-security/label-derivation-rules.md;14-slices/SLC-01/readiness.md","3"
"AGG-SHIPMENT","03-domain/contexts/BC05/aggregates/AGG-SHIPMENT.md;14-slices/SLC-18/readiness.md","2"
"AGG-SIMULATION","03-domain/contexts/BC05/aggregates/AGG-SIMULATION.md;14-slices/SLC-19/readiness.md","2"
"AGG-SITUATION","03-domain/contexts/BC03/aggregates/AGG-SITUATION.md;08-security/label-derivation-rules.md;14-slices/SLC-06/readiness.md","3"
"AGG-SOURCE","03-domain/contexts/BC02/aggregates/AGG-SOURCE.md;08-security/label-derivation-rules.md;14-slices/SLC-02/readiness.md","3"
"AGG-SUBSCRIPTION","03-domain/contexts/BC04/aggregates/AGG-SUBSCRIPTION.md;08-security/label-derivation-rules.md;14-slices/SLC-06/readiness.md","3"
"AGG-SYNC-CONFLICT","03-domain/contexts/BC07/aggregates/AGG-SYNC-CONFLICT.md;08-security/label-derivation-rules.md;14-slices/SLC-11/readiness.md","3"
"AGG-SYNC-SESSION","03-domain/contexts/BC07/aggregates/AGG-SYNC-SESSION.md;08-security/label-derivation-rules.md;14-slices/SLC-11/readiness.md","3"
"AGG-TASK","03-domain/contexts/BC04/aggregates/AGG-TASK.md;08-security/label-derivation-rules.md;14-slices/SLC-03/readiness.md","3"
"AGG-TASK-TYPE","03-domain/contexts/BC04/aggregates/AGG-TASK-TYPE.md;08-security/label-derivation-rules.md;14-slices/SLC-03/readiness.md","3"
"AGG-TENANT","03-domain/contexts/BC01/aggregates/AGG-TENANT.md;08-security/label-derivation-rules.md;14-slices/SLC-01/readiness.md","3"
"AGG-USER","03-domain/contexts/BC01/aggregates/AGG-USER.md;08-security/label-derivation-rules.md;14-slices/SLC-01/readiness.md","3"
"AI-AUTONOMY-MATRIX","10-ai/autonomy-matrix.md","1"
"AI-OP-01","10-ai/autonomy-matrix.md","1"
"AI-OP-02","10-ai/autonomy-matrix.md","1"
"AI-OP-03","10-ai/autonomy-matrix.md","1"
"AI-OP-04","10-ai/autonomy-matrix.md","1"
"AI-OP-05","10-ai/autonomy-matrix.md","1"
"AI-OP-06","10-ai/autonomy-matrix.md","1"
"AI-OP-07","10-ai/autonomy-matrix.md","1"
"AI-OP-08","10-ai/autonomy-matrix.md","1"
"AI-OP-F1","10-ai/autonomy-matrix.md","1"
"AI-OP-F2","10-ai/autonomy-matrix.md","1"
"AI-OP-F3","10-ai/autonomy-matrix.md","1"
"AI-OP-F4","10-ai/autonomy-matrix.md","1"
"AI-OP-F5","10-ai/autonomy-matrix.md","1"
"AI-OP-F6","10-ai/autonomy-matrix.md","1"
"ANTI-PATTERN-R1","16-reports/ANTI-PATTERN-REPORT-R1.md","1"
"ANTI-PATTERN-R2","16-reports/ANTI-PATTERN-REPORT-R2.md","1"
"ARCH-REVIEW-R1","16-reports/ARCHITECTURE-REVIEW-R1.md","1"
"ARCH-REVIEW-R2","16-reports/ARCHITECTURE-REVIEW-R2.md","1"
"ASM-001","00-governance/registers/assumptions.md","1"
"ASM-002","00-governance/registers/assumptions.md","1"
"ASM-003","00-governance/registers/assumptions.md","1"
"ASM-004","00-governance/registers/assumptions.md","1"
"ASM-005","00-governance/registers/assumptions.md","1"
"ASM-006","00-governance/registers/assumptions.md","1"
"ASM-007","00-governance/registers/assumptions.md","1"
"ASM-008","00-governance/registers/assumptions.md","1"
"ASM-009","00-governance/registers/assumptions.md","1"
"ASM-010","00-governance/registers/assumptions.md","1"
"ASYNCAPI-SLC01","05-contracts/asyncapi-slc01.md","1"
"ASYNCAPI-SLC02","05-contracts/asyncapi-slc02.md","1"
"ASYNCAPI-SLC03","05-contracts/asyncapi-slc03.md","1"
"ASYNCAPI-SLC04","05-contracts/asyncapi-slc04.md","1"
"ASYNCAPI-SLC05","05-contracts/asyncapi-slc05.md","1"
"ASYNCAPI-SLC06","05-contracts/asyncapi-slc06.md","1"
"ASYNCAPI-SLC07","05-contracts/asyncapi-slc07.md","1"
"ASYNCAPI-SLC08","05-contracts/asyncapi-slc08.md","1"
"ASYNCAPI-SLC09","05-contracts/asyncapi-slc09.md","1"
"ASYNCAPI-SLC10","05-contracts/asyncapi-slc10.md","1"
"ASYNCAPI-SLC11","05-contracts/asyncapi-slc11.md","1"
"ASYNCAPI-SLC12","05-contracts/asyncapi-slc12.md","1"
"ASYNCAPI-SLC12A","05-contracts/asyncapi-slc12a.md","1"
"ASYNCAPI-SLC14","05-contracts/asyncapi-slc14.md","1"
"ASYNCAPI-SLC15","05-contracts/asyncapi-slc15.md","1"
"ASYNCAPI-SLC16","05-contracts/asyncapi-slc16.md","1"
"ASYNCAPI-SLC17","05-contracts/asyncapi-slc17.md","1"
"ASYNCAPI-SLC18","05-contracts/asyncapi-slc18.md","1"
"ASYNCAPI-SLC19","05-contracts/asyncapi-slc19.md","1"
"ATAM-SLC01","14-slices/SLC-01/atam-lite.md","1"
"ATAM-SLC02","14-slices/SLC-02/atam-lite.md","1"
"ATAM-SLC03","14-slices/SLC-03/atam-lite.md","1"
"ATAM-SLC04","14-slices/SLC-04/atam-lite.md","1"
"ATAM-SLC05","14-slices/SLC-05/atam-lite.md","1"
"ATAM-SLC06","14-slices/SLC-06/atam-lite.md","1"
"ATAM-SLC07","14-slices/SLC-07/atam-lite.md","1"
"ATAM-SLC08","14-slices/SLC-08/atam-lite.md","1"
"ATAM-SLC09","14-slices/SLC-09/atam-lite.md","1"
"ATAM-SLC10","14-slices/SLC-10/atam-lite.md","1"
"ATAM-SLC11","14-slices/SLC-11/atam-lite.md","1"
"ATAM-SLC12","14-slices/SLC-12/atam-lite.md","1"
"ATAM-SLC12A","14-slices/SLC-12a/atam-lite.md","1"
"ATAM-SLC14","14-slices/SLC-14/atam-lite.md","1"
"ATAM-SLC15","14-slices/SLC-15/atam-lite.md","1"
"ATAM-SLC16","14-slices/SLC-16/atam-lite.md","1"
"ATAM-SLC17","14-slices/SLC-17/atam-lite.md","1"
"ATAM-SLC18","14-slices/SLC-18/atam-lite.md","1"
"ATAM-SLC19","14-slices/SLC-19/atam-lite.md","1"
"AUDIT-ARCHITECTURE","08-security/audit-architecture.md","1"
"AUTHZ-MODEL","08-security/authorization-model.md","1"
"BC-BOUNDARY-TEST","03-domain/bc-boundary-test.md","1"
"BO-AI-REQUEST","03-domain/ownership.md","1"
"BO-ALERT","03-domain/ownership.md","1"
"BO-ANALYSIS-CASE","03-domain/ownership.md","1"
"BO-ARCHIVE-RECORD","03-domain/ownership.md","1"
"BO-ASSESSMENT","03-domain/ownership.md","1"
"BO-ASSET","03-domain/ownership.md","1"
"BO-AUDIT-RECORD","03-domain/ownership.md","1"
"BO-AUTHORITY","03-domain/ownership.md","1"
"BO-CATALOG-KERNEL","04-information/business-objects-kernel.md","1"
"BO-CLAIM","03-domain/ownership.md;04-information/business-objects-kernel.md","2"
"BO-CLASSIFICATION","03-domain/ownership.md","1"
"BO-COLLECTION-REQUIREMENT","03-domain/ownership.md;04-information/business-objects-kernel.md","2"
"BO-COMMUNICATION","03-domain/ownership.md","1"
"BO-COMPETENCY","03-domain/ownership.md","1"
"BO-CONFLICT","03-domain/ownership.md;04-information/business-objects-kernel.md","2"
"BO-DECISION","03-domain/ownership.md","1"
"BO-DECISION-REQUEST","03-domain/ownership.md","1"
"BO-DELEGATION","03-domain/ownership.md","1"
"BO-DEVICE","03-domain/ownership.md","1"
"BO-ELIGIBILITY","03-domain/ownership.md","1"
"BO-ENTITY","03-domain/ownership.md;04-information/business-objects-kernel.md","2"
"BO-ER-CASE","03-domain/ownership.md;04-information/business-objects-kernel.md","2"
"BO-EVENT","03-domain/ownership.md;04-information/business-objects-kernel.md","2"
"BO-EVIDENCE","03-domain/ownership.md;04-information/business-objects-kernel.md","2"
"BO-EXERCISE","03-domain/ownership.md","1"
"BO-GEOMETRY","03-domain/ownership.md","1"
"BO-IDENTITY","03-domain/ownership.md","1"
"BO-INCIDENT","03-domain/ownership.md","1"
"BO-KNOWLEDGE-OBJECT","03-domain/ownership.md","1"
"BO-LINEAGE","03-domain/ownership.md;04-information/business-objects-kernel.md","2"
"BO-LOGISTICS","03-domain/ownership.md","1"
"BO-OBSERVATION","03-domain/ownership.md;04-information/business-objects-kernel.md","2"
"BO-ORGANIZATION","03-domain/ownership.md","1"
"BO-PLAN","03-domain/ownership.md","1"
"BO-PLAN-OUTCOME","03-domain/ownership.md","1"
"BO-POLICY","03-domain/ownership.md","1"
"BO-PRODUCT","03-domain/ownership.md","1"
"BO-QUOTA","03-domain/ownership.md","1"
"BO-RELATIONSHIP","03-domain/ownership.md;04-information/business-objects-kernel.md","2"
"BO-RESOURCE","03-domain/ownership.md","1"
"BO-RETENTION-SCHEDULE","03-domain/ownership.md","1"
"BO-RISK","03-domain/ownership.md","1"
"BO-SAMEAS","03-domain/ownership.md;04-information/business-objects-kernel.md","2"
"BO-SECURITY-EXCEPTION","03-domain/ownership.md","1"
"BO-SITUATION","03-domain/ownership.md","1"
"BO-SITUATION-ALERT-RULE","03-domain/ownership.md","1"
"BO-SOURCE","03-domain/ownership.md;04-information/business-objects-kernel.md","2"
"BO-TASK","03-domain/ownership.md","1"
"BO-TENANT","03-domain/ownership.md","1"
"BRL-001","01-business/business-rules.md","1"
"BRL-002","01-business/business-rules.md","1"
"BRL-003","01-business/business-rules.md;16-reports/REQUIREMENTS-QUALITY-REPORT.md","2"
"BRL-004","01-business/business-rules.md","1"
"BRL-005","01-business/business-rules.md;16-reports/REQUIREMENTS-QUALITY-REPORT.md","2"
"BRL-006","01-business/business-rules.md","1"
"BRL-007","01-business/business-rules.md;16-reports/REQUIREMENTS-QUALITY-REPORT.md","2"
"BRL-008","01-business/business-rules.md","1"
"BRL-009","01-business/business-rules.md","1"
"BRL-010","01-business/business-rules.md","1"
"BRL-011","01-business/business-rules.md","1"
"BRL-012","01-business/business-rules.md","1"
"BRL-013","01-business/business-rules.md","1"
"BRL-014","01-business/business-rules.md","1"
"BRL-015","01-business/business-rules.md","1"
"BRQ-001","02-requirements/requirements.md","1"
"BRQ-002","02-requirements/requirements.md","1"
"BRQ-003","02-requirements/requirements.md","1"
"BRQ-004","02-requirements/requirements.md","1"
"BRQ-005","02-requirements/requirements.md","1"
"BRQ-006","02-requirements/requirements.md","1"
"BRQ-007","02-requirements/requirements.md","1"
"BRQ-008","02-requirements/requirements.md","1"
"CAP-01","01-business/capabilities.md","1"
"CAP-01.01","01-business/capabilities.md","1"
"CAP-01.02","01-business/capabilities.md","1"
"CAP-01.03","01-business/capabilities.md","1"
"CAP-01.04","01-business/capabilities.md","1"
"CAP-02","01-business/capabilities.md","1"
"CAP-02.01","01-business/capabilities.md;16-reports/EVOLUTION-ROADMAP.md","2"
"CAP-02.02","01-business/capabilities.md","1"
"CAP-02.03","01-business/capabilities.md","1"
"CAP-02.04","01-business/capabilities.md","1"
"CAP-03","01-business/capabilities.md","1"
"CAP-03.01","01-business/capabilities.md","1"
"CAP-03.02","01-business/capabilities.md","1"
"CAP-03.03","01-business/capabilities.md","1"
"CAP-03.04","01-business/capabilities.md","1"
"CAP-03.05","01-business/capabilities.md","1"
"CAP-03.06","01-business/capabilities.md","1"
"CAP-03.07","01-business/capabilities.md","1"
"CAP-04","01-business/capabilities.md","1"
"CAP-04.01","01-business/capabilities.md","1"
"CAP-04.02","01-business/capabilities.md","1"
"CAP-04.03","01-business/capabilities.md","1"
"CAP-04.04","01-business/capabilities.md","1"
"CAP-05","01-business/capabilities.md","1"
"CAP-05.01","01-business/capabilities.md","1"
"CAP-05.02","01-business/capabilities.md","1"
"CAP-05.03","01-business/capabilities.md","1"
"CAP-06","01-business/capabilities.md","1"
"CAP-06.01","01-business/capabilities.md","1"
"CAP-06.02","01-business/capabilities.md","1"
"CAP-06.03","01-business/capabilities.md","1"
"CAP-07","01-business/capabilities.md","1"
"CAP-07.01","01-business/capabilities.md","1"
"CAP-07.02","01-business/capabilities.md","1"
"CAP-07.03","01-business/capabilities.md","1"
"CAP-07.04","01-business/capabilities.md","1"
"CAP-07.05","01-business/capabilities.md","1"
"CAP-08","01-business/capabilities.md","1"
"CAP-08.01","01-business/capabilities.md","1"
"CAP-08.02","01-business/capabilities.md","1"
"CAP-08.03","01-business/capabilities.md;01-business/release-3-scope.md","2"
"CAP-08.04","01-business/capabilities.md","1"
"CAP-08.05","01-business/capabilities.md;01-business/release-3-scope.md","2"
"CAP-09","01-business/capabilities.md","1"
"CAP-09.01","01-business/capabilities.md;01-business/release-3-scope.md","2"
"CAP-09.02","01-business/capabilities.md;01-business/release-3-scope.md","2"
"CAP-09.03","01-business/capabilities.md;01-business/release-3-scope.md","2"
"CAP-10","01-business/capabilities.md","1"
"CAP-10.01","01-business/capabilities.md","1"
"CAP-10.02","01-business/capabilities.md","1"
"CAP-11","01-business/capabilities.md","1"
"CAP-11.01","01-business/capabilities.md","1"
"CAP-11.02","01-business/capabilities.md","1"
"CAP-11.03","01-business/capabilities.md","1"
"CAP-12","01-business/capabilities.md","1"
"CAP-12.01","01-business/capabilities.md","1"
"CAP-12.02","01-business/capabilities.md","1"
"CAP-12.03","01-business/capabilities.md","1"
"CAP-12.04","01-business/capabilities.md","1"
"CAP-13","01-business/capabilities.md","1"
"CAP-13.01","01-business/capabilities.md","1"
"CAP-13.02","01-business/capabilities.md","1"
"CAP-13.03","01-business/capabilities.md","1"
"CAP-13.04","01-business/capabilities.md","1"
"CAP-14","01-business/capabilities.md","1"
"CAP-14.01","01-business/capabilities.md","1"
"CAP-14.02","01-business/capabilities.md","1"
"CAP-14.03","01-business/capabilities.md","1"
"CAP-MAP","01-business/capabilities.md","1"
"CELL-ARCHITECTURE","12-solution/cell-architecture.md","1"
"CF-01","03-domain/contexts/BC02/conflict-detection-engine.md;04-information/conflict-model.md","2"
"CF-02","03-domain/contexts/BC02/conflict-detection-engine.md;04-information/conflict-model.md","2"
"CF-03","03-domain/contexts/BC02/conflict-detection-engine.md;04-information/conflict-model.md","2"
"CF-04","03-domain/contexts/BC02/conflict-detection-engine.md;04-information/conflict-model.md","2"
"CF-05","03-domain/contexts/BC02/conflict-detection-engine.md;04-information/conflict-model.md","2"
"CLAIM-EVIDENCE-MODEL","04-information/claim-evidence-model.md","1"
"CMD-ACS-ADD-ASSUMPTION","03-domain/contexts/BC03/commands-slc07.md","1"
"CMD-ACS-ADD-HYPOTHESIS","03-domain/contexts/BC03/commands-slc07.md","1"
"CMD-ACS-CANCEL","03-domain/contexts/BC03/commands-slc07.md","1"
"CMD-ACS-CLOSE","03-domain/contexts/BC03/commands-slc07.md","1"
"CMD-ACS-CREATE","03-domain/contexts/BC03/commands-slc07.md","1"
"CMD-ACS-DEFINE","03-domain/contexts/BC03/commands-slc07.md","1"
"CMD-ACS-DEFINE-SCENARIO","03-domain/contexts/BC03/commands-slc07.md","1"
"CMD-ACS-DESELECT-EVIDENCE","03-domain/contexts/BC03/commands-slc07.md","1"
"CMD-ACS-OPEN","03-domain/contexts/BC03/commands-slc07.md","1"
"CMD-ACS-RECLASSIFY","03-domain/contexts/BC03/commands-slc07.md","1"
"CMD-ACS-REOPEN","03-domain/contexts/BC03/commands-slc07.md","1"
"CMD-ACS-RETIRE-ASSUMPTION","03-domain/contexts/BC03/commands-slc07.md","1"
"CMD-ACS-SELECT-EVIDENCE","03-domain/contexts/BC03/commands-slc07.md","1"
"CMD-ACS-UPDATE-HYPOTHESIS","03-domain/contexts/BC03/commands-slc07.md","1"
"CMD-ADP-ACTIVATE","03-domain/contexts/BC07/commands-slc02.md","1"
"CMD-ADP-REGISTER","03-domain/contexts/BC07/commands-slc02.md","1"
"CMD-ADP-RESUME","03-domain/contexts/BC07/commands-slc02.md","1"
"CMD-ADP-RETIRE","03-domain/contexts/BC07/commands-slc02.md","1"
"CMD-ADP-SUSPEND","03-domain/contexts/BC07/commands-slc02.md","1"
"CMD-ADP-UPDATE-MAPPING","03-domain/contexts/BC07/commands-slc02.md","1"
"CMD-AIR-CANCEL","03-domain/contexts/BC07/commands-slc10.md","1"
"CMD-AIRS-ACCEPT","03-domain/contexts/BC07/commands-slc10.md","1"
"CMD-AIRS-ACCEPT-PARTIALLY","03-domain/contexts/BC07/commands-slc10.md","1"
"CMD-AIRS-REJECT","03-domain/contexts/BC07/commands-slc10.md","1"
"CMD-AIRS-START-REVIEW","03-domain/contexts/BC07/commands-slc10.md","1"
"CMD-AIR-SUBMIT","03-domain/contexts/BC07/commands-slc10.md","1"
"CMD-ALC-APPROVE","03-domain/contexts/BC05/commands-slc09.md","1"
"CMD-ALC-PREEMPT","03-domain/contexts/BC05/commands-slc09.md","1"
"CMD-ALC-RECORD-CONSUMPTION","03-domain/contexts/BC05/commands-slc09.md","1"
"CMD-ALC-REJECT","03-domain/contexts/BC05/commands-slc09.md","1"
"CMD-ALC-RELEASE","03-domain/contexts/BC05/commands-slc09.md","1"
"CMD-ALC-REQUEST","03-domain/contexts/BC05/commands-slc09.md","1"
"CMD-ALR-ACKNOWLEDGE","03-domain/contexts/BC03/commands-slc06.md","1"
"CMD-ALR-DISMISS","03-domain/contexts/BC03/commands-slc06.md","1"
"CMD-ALR-RESOLVE","03-domain/contexts/BC03/commands-slc06.md","1"
"CMD-AMT-ACTIVATE","03-domain/contexts/BC03/commands-slc07.md","1"
"CMD-AMT-DEPRECATE","03-domain/contexts/BC03/commands-slc07.md","1"
"CMD-AMT-REGISTER","03-domain/contexts/BC03/commands-slc07.md","1"
"CMD-AMT-RETIRE","03-domain/contexts/BC03/commands-slc07.md","1"
"CMD-ARC-MIGRATE-FORMAT","03-domain/contexts/BC06/commands-slc12.md","1"
"CMD-ARC-REPAIR","03-domain/contexts/BC06/commands-slc12.md","1"
"CMD-ARC-RETRY-INGEST","03-domain/contexts/BC06/commands-slc12.md","1"
"CMD-ARC-TRANSFER","03-domain/contexts/BC06/commands-slc12.md","1"
"CMD-ARL-ACTIVATE","03-domain/contexts/BC03/commands-slc06.md","1"
"CMD-ARL-DEFINE","03-domain/contexts/BC03/commands-slc06.md","1"
"CMD-ARL-DISABLE","03-domain/contexts/BC03/commands-slc06.md","1"
"CMD-ARL-EDIT","03-domain/contexts/BC03/commands-slc06.md","1"
"CMD-ARL-ENABLE","03-domain/contexts/BC03/commands-slc06.md","1"
"CMD-ARL-RETIRE","03-domain/contexts/BC03/commands-slc06.md","1"
"CMD-ASG-ASSIGN","03-domain/contexts/BC05/commands-slc09.md","1"
"CMD-ASG-CANCEL","03-domain/contexts/BC05/commands-slc09.md","1"
"CMD-ASG-RETURN","03-domain/contexts/BC05/commands-slc09.md","1"
"CMD-ASM-DISCARD","03-domain/contexts/BC03/commands-slc07.md","1"
"CMD-ASM-DRAFT","03-domain/contexts/BC03/commands-slc07.md","1"
"CMD-ASM-EDIT","03-domain/contexts/BC03/commands-slc07.md","1"
"CMD-ASM-PUBLISH","03-domain/contexts/BC03/commands-slc07.md","1"
"CMD-ASM-RETURN","03-domain/contexts/BC03/commands-slc07.md","1"
"CMD-ASM-SUBMIT","03-domain/contexts/BC03/commands-slc07.md","1"
"CMD-ASM-WITHDRAW","03-domain/contexts/BC03/commands-slc07.md","1"
"CMD-AST-DISPOSE","03-domain/contexts/BC05/commands-slc09.md","1"
"CMD-AST-FAIL-MAINTENANCE","03-domain/contexts/BC05/commands-slc09.md","1"
"CMD-AST-MARK-UNSERVICEABLE","03-domain/contexts/BC05/commands-slc09.md","1"
"CMD-AST-RECLASSIFY","03-domain/contexts/BC05/commands-slc09.md","1"
"CMD-AST-RECOVER","03-domain/contexts/BC05/commands-slc09.md","1"
"CMD-AST-REGISTER","03-domain/contexts/BC05/commands-slc09.md","1"
"CMD-AST-REPORT-LOST","03-domain/contexts/BC05/commands-slc09.md","1"
"CMD-AST-RETURN-TO-SERVICE","03-domain/contexts/BC05/commands-slc09.md","1"
"CMD-AST-SET-CERTIFICATION","03-domain/contexts/BC05/commands-slc09.md","1"
"CMD-AST-START-MAINTENANCE","03-domain/contexts/BC05/commands-slc09.md","1"
"CMD-AST-TRANSFER-CUSTODY","03-domain/contexts/BC05/commands-slc09.md","1"
"CMD-AST-UPDATE-CONDITION","03-domain/contexts/BC05/commands-slc09.md","1"
"CMD-ATT-COMPLETE-UPLOAD","03-domain/contexts/BC02/commands-slc02.md","1"
"CMD-ATT-ERASE","03-domain/contexts/BC02/commands-slc02.md","1"
"CMD-ATT-INITIATE-UPLOAD","03-domain/contexts/BC02/commands-slc02.md","1"
"CMD-AUT-APPROVE-GRANT","03-domain/contexts/BC01/commands-slc01.md","1"
"CMD-AUT-DELEGATE","03-domain/contexts/BC01/commands-slc01.md","1"
"CMD-AUT-GRANT","03-domain/contexts/BC01/commands-slc01.md","1"
"CMD-AUT-REJECT-GRANT","03-domain/contexts/BC01/commands-slc01.md","1"
"CMD-AUT-RESUME","03-domain/contexts/BC01/commands-slc01.md","1"
"CMD-AUT-REVOKE","03-domain/contexts/BC01/commands-slc01.md","1"
"CMD-AUT-SUSPEND","03-domain/contexts/BC01/commands-slc01.md","1"
"CMD-CAP-CANCEL","03-domain/contexts/BC03/commands-slc16.md","1"
"CMD-CAP-PREPARE","03-domain/contexts/BC03/commands-slc16.md","1"
"CMD-CAP-RELEASE","03-domain/contexts/BC03/commands-slc16.md","1"
"CMD-CAP-RETRY","03-domain/contexts/BC03/commands-slc16.md","1"
"CMD-CAT-BC01-SLC01","03-domain/contexts/BC01/commands-slc01.md","1"
"CMD-CAT-BC01-SLC11","03-domain/contexts/BC01/commands-slc11.md","1"
"CMD-CAT-BC01-SLC16","03-domain/contexts/BC01/commands-slc16.md","1"
"CMD-CAT-BC02-SLC02","03-domain/contexts/BC02/commands-slc02.md","1"
"CMD-CAT-BC02-SLC04","03-domain/contexts/BC02/commands-slc04.md","1"
"CMD-CAT-BC02-SLC14","03-domain/contexts/BC02/commands-slc14.md","1"
"CMD-CAT-BC02-SLC15","03-domain/contexts/BC02/commands-slc15.md","1"
"CMD-CAT-BC03-SLC06","03-domain/contexts/BC03/commands-slc06.md","1"
"CMD-CAT-BC03-SLC07","03-domain/contexts/BC03/commands-slc07.md","1"
"CMD-CAT-BC03-SLC16","03-domain/contexts/BC03/commands-slc16.md","1"
"CMD-CAT-BC04-SLC03","03-domain/contexts/BC04/commands-slc03.md","1"
"CMD-CAT-BC04-SLC06","03-domain/contexts/BC04/commands-slc06.md","1"
"CMD-CAT-BC04-SLC08","03-domain/contexts/BC04/commands-slc08.md","1"
"CMD-CAT-BC04-SLC15","03-domain/contexts/BC04/commands-slc15.md","1"
"CMD-CAT-BC04-SLC17","03-domain/contexts/BC04/commands-slc17.md","1"
"CMD-CAT-BC05-SLC03","03-domain/contexts/BC05/commands-slc03.md","1"
"CMD-CAT-BC05-SLC09","03-domain/contexts/BC05/commands-slc09.md","1"
"CMD-CAT-BC05-SLC18","03-domain/contexts/BC05/commands-slc18.md","1"
"CMD-CAT-BC05-SLC19","03-domain/contexts/BC05/commands-slc19.md","1"
"CMD-CAT-BC06-SLC12","03-domain/contexts/BC06/commands-slc12.md","1"
"CMD-CAT-BC07-SLC02","03-domain/contexts/BC07/commands-slc02.md","1"
"CMD-CAT-BC07-SLC05","03-domain/contexts/BC07/commands-slc05.md","1"
"CMD-CAT-BC07-SLC10","03-domain/contexts/BC07/commands-slc10.md","1"
"CMD-CAT-BC07-SLC11","03-domain/contexts/BC07/commands-slc11.md","1"
"CMD-CAT-BC07-SLC16","03-domain/contexts/BC07/commands-slc16.md","1"
"CMD-CAT-BC08-SLC01","03-domain/contexts/BC08/commands-slc01.md","1"
"CMD-CAT-BC08-SLC12A","03-domain/contexts/BC08/commands-slc12a.md","1"
"CMD-CLM-ASSERT","03-domain/contexts/BC02/commands-slc02.md","1"
"CMD-CLM-ASSESS","03-domain/contexts/BC02/commands-slc02.md","1"
"CMD-CLM-CORRECT","03-domain/contexts/BC02/commands-slc02.md","1"
"CMD-CLM-RECLASSIFY","03-domain/contexts/BC02/commands-slc02.md","1"
"CMD-CLM-RECORD-CHANGE","03-domain/contexts/BC02/commands-slc02.md","1"
"CMD-CLM-RETRACT","03-domain/contexts/BC02/commands-slc02.md","1"
"CMD-CLR-APPROVE","03-domain/contexts/BC01/commands-slc01.md","1"
"CMD-CLR-GRANT","03-domain/contexts/BC01/commands-slc01.md","1"
"CMD-CLR-MODIFY","03-domain/contexts/BC01/commands-slc01.md","1"
"CMD-CLR-REINSTATE","03-domain/contexts/BC01/commands-slc01.md","1"
"CMD-CLR-REVOKE","03-domain/contexts/BC01/commands-slc01.md","1"
"CMD-CLR-SUSPEND","03-domain/contexts/BC01/commands-slc01.md","1"
"CMD-CLS-ACTIVATE","03-domain/contexts/BC08/commands-slc01.md","1"
"CMD-CLS-DISCARD","03-domain/contexts/BC08/commands-slc01.md","1"
"CMD-CLS-DRAFT","03-domain/contexts/BC08/commands-slc01.md","1"
"CMD-CLS-EDIT","03-domain/contexts/BC08/commands-slc01.md","1"
"CMD-CNF-ACCEPT","03-domain/contexts/BC02/commands-slc04.md","1"
"CMD-CNF-ASSIGN","03-domain/contexts/BC02/commands-slc04.md","1"
"CMD-CNF-RAISE","03-domain/contexts/BC02/commands-slc04.md","1"
"CMD-CNF-REOPEN","03-domain/contexts/BC02/commands-slc04.md","1"
"CMD-CNF-RESOLVE","03-domain/contexts/BC02/commands-slc04.md","1"
"CMD-CNF-START-REVIEW","03-domain/contexts/BC02/commands-slc04.md","1"
"CMD-CON-ACTIVATE","03-domain/contexts/BC07/commands-slc16.md","1"
"CMD-CON-FAIL-TEST","03-domain/contexts/BC07/commands-slc16.md","1"
"CMD-CON-REGISTER","03-domain/contexts/BC07/commands-slc16.md","1"
"CMD-CON-RESUME","03-domain/contexts/BC07/commands-slc16.md","1"
"CMD-CON-RETIRE","03-domain/contexts/BC07/commands-slc16.md","1"
"CMD-CON-SUSPEND","03-domain/contexts/BC07/commands-slc16.md","1"
"CMD-CON-TEST","03-domain/contexts/BC07/commands-slc16.md","1"
"CMD-CPL-ACTIVATE","03-domain/contexts/BC02/commands-slc14.md","1"
"CMD-CPL-ADD-ACTIVITY","03-domain/contexts/BC02/commands-slc14.md","1"
"CMD-CPL-CANCEL","03-domain/contexts/BC02/commands-slc14.md","1"
"CMD-CPL-COMPLETE","03-domain/contexts/BC02/commands-slc14.md","1"
"CMD-CPL-CREATE","03-domain/contexts/BC02/commands-slc14.md","1"
"CMD-CPL-REMOVE-ACTIVITY","03-domain/contexts/BC02/commands-slc14.md","1"
"CMD-CRD-ACTIVATE","03-domain/contexts/BC04/commands-slc15.md","1"
"CMD-CRD-ADD-PARTICIPANT","03-domain/contexts/BC04/commands-slc15.md","1"
"CMD-CRD-ASSIGN-RESPONSIBILITY","03-domain/contexts/BC04/commands-slc15.md","1"
"CMD-CRD-CANCEL","03-domain/contexts/BC04/commands-slc15.md","1"
"CMD-CRD-CLOSE","03-domain/contexts/BC04/commands-slc15.md","1"
"CMD-CRD-OPEN","03-domain/contexts/BC04/commands-slc15.md","1"
"CMD-CRD-REMOVE-PARTICIPANT","03-domain/contexts/BC04/commands-slc15.md","1"
"CMD-CRD-REQUEST-DECISION","03-domain/contexts/BC04/commands-slc15.md","1"
"CMD-CRD-UPDATE-RESPONSIBILITY","03-domain/contexts/BC04/commands-slc15.md","1"
"CMD-CRP-ACCEPT","03-domain/contexts/BC02/commands-slc15.md","1"
"CMD-CRP-PROPOSE","03-domain/contexts/BC02/commands-slc15.md","1"
"CMD-CRP-REJECT","03-domain/contexts/BC02/commands-slc15.md","1"
"CMD-CRP-START-REVIEW","03-domain/contexts/BC02/commands-slc15.md","1"
"CMD-CRQ-AMEND","03-domain/contexts/BC02/commands-slc14.md","1"
"CMD-CRQ-APPROVE","03-domain/contexts/BC02/commands-slc14.md","1"
"CMD-CRQ-CANCEL","03-domain/contexts/BC02/commands-slc14.md","1"
"CMD-CRQ-DRAFT","03-domain/contexts/BC02/commands-slc14.md","1"
"CMD-CRQ-EDIT","03-domain/contexts/BC02/commands-slc14.md","1"
"CMD-CRQ-MARK-SATISFIED","03-domain/contexts/BC02/commands-slc14.md","1"
"CMD-CRQ-REJECT","03-domain/contexts/BC02/commands-slc14.md","1"
"CMD-CRQ-SUBMIT","03-domain/contexts/BC02/commands-slc14.md","1"
"CMD-CRR-ACTIVATE","03-domain/contexts/BC02/commands-slc15.md","1"
"CMD-CRR-DEFINE","03-domain/contexts/BC02/commands-slc15.md","1"
"CMD-CRR-EDIT","03-domain/contexts/BC02/commands-slc15.md","1"
"CMD-CRR-RETIRE","03-domain/contexts/BC02/commands-slc15.md","1"
"CMD-DEC-ANNUL","03-domain/contexts/BC04/commands-slc08.md","1"
"CMD-DEC-RECORD","03-domain/contexts/BC04/commands-slc08.md","1"
"CMD-DEV-CONFIRM","03-domain/contexts/BC01/commands-slc11.md","1"
"CMD-DEV-ENROLL","03-domain/contexts/BC01/commands-slc11.md","1"
"CMD-DEV-REINSTATE","03-domain/contexts/BC01/commands-slc11.md","1"
"CMD-DEV-REPORT-LOST","03-domain/contexts/BC01/commands-slc11.md","1"
"CMD-DEV-RETIRE","03-domain/contexts/BC01/commands-slc11.md","1"
"CMD-DEV-ROTATE-KEY","03-domain/contexts/BC01/commands-slc11.md","1"
"CMD-DEV-SUSPEND","03-domain/contexts/BC01/commands-slc11.md","1"
"CMD-DRQ-ADD-OPTION","03-domain/contexts/BC04/commands-slc08.md","1"
"CMD-DRQ-CITE","03-domain/contexts/BC04/commands-slc08.md","1"
"CMD-DRQ-CREATE","03-domain/contexts/BC04/commands-slc08.md","1"
"CMD-DRQ-OPEN","03-domain/contexts/BC04/commands-slc08.md","1"
"CMD-DRQ-WITHDRAW","03-domain/contexts/BC04/commands-slc08.md","1"
"CMD-DSP-APPROVE","03-domain/contexts/BC08/commands-slc12a.md","1"
"CMD-DSP-CANCEL","03-domain/contexts/BC08/commands-slc12a.md","1"
"CMD-DSP-SUBMIT","03-domain/contexts/BC08/commands-slc12a.md","1"
"CMD-DST-CANCEL","03-domain/contexts/BC06/commands-slc12.md","1"
"CMD-DST-DISTRIBUTE","03-domain/contexts/BC06/commands-slc12.md","1"
"CMD-ENT-CHANGE-TYPE","03-domain/contexts/BC02/commands-slc02.md","1"
"CMD-ENT-RECLASSIFY","03-domain/contexts/BC02/commands-slc02.md","1"
"CMD-ENT-REGISTER","03-domain/contexts/BC02/commands-slc02.md","1"
"CMD-ENT-REINSTATE","03-domain/contexts/BC02/commands-slc02.md","1"
"CMD-ENT-RETIRE","03-domain/contexts/BC02/commands-slc02.md","1"
"CMD-ER-CONFIRM-MATCH","03-domain/contexts/BC02/commands-slc04.md","1"
"CMD-ER-DECIDE-MATCH","03-domain/contexts/BC02/commands-slc04.md","1"
"CMD-ER-DECIDE-NOT-MATCH","03-domain/contexts/BC02/commands-slc04.md","1"
"CMD-ER-PARK","03-domain/contexts/BC02/commands-slc04.md","1"
"CMD-ER-PROPOSE","03-domain/contexts/BC02/commands-slc04.md","1"
"CMD-ER-REQUEST-SPLIT","03-domain/contexts/BC02/commands-slc04.md","1"
"CMD-ER-RESUME","03-domain/contexts/BC02/commands-slc04.md","1"
"CMD-ERS-APPROVE","03-domain/contexts/BC08/commands-slc12a.md","1"
"CMD-ER-SPLIT","03-domain/contexts/BC02/commands-slc04.md","1"
"CMD-ERS-REGISTER","03-domain/contexts/BC08/commands-slc12a.md","1"
"CMD-ERS-REJECT","03-domain/contexts/BC08/commands-slc12a.md","1"
"CMD-ER-START-REVIEW","03-domain/contexts/BC02/commands-slc04.md","1"
"CMD-ER-WITHDRAW","03-domain/contexts/BC02/commands-slc04.md","1"
"CMD-EVD-RECLASSIFY","03-domain/contexts/BC02/commands-slc02.md","1"
"CMD-EVD-REGISTER","03-domain/contexts/BC02/commands-slc02.md","1"
"CMD-EVD-SEAL","03-domain/contexts/BC02/commands-slc02.md","1"
"CMD-EVD-TRANSFER-CUSTODY","03-domain/contexts/BC02/commands-slc02.md","1"
"CMD-EVD-UPDATE-LOCATOR","03-domain/contexts/BC02/commands-slc02.md","1"
"CMD-EVD-WITHDRAW","03-domain/contexts/BC02/commands-slc02.md","1"
"CMD-EVL-LINK","03-domain/contexts/BC02/commands-slc02.md","1"
"CMD-EVL-UNLINK","03-domain/contexts/BC02/commands-slc02.md","1"
"CMD-EVS-ACTIVATE","03-domain/contexts/BC07/commands-slc10.md","1"
"CMD-EVS-DRAFT","03-domain/contexts/BC07/commands-slc10.md","1"
"CMD-EVS-EDIT","03-domain/contexts/BC07/commands-slc10.md","1"
"CMD-EXC-APPROVE","03-domain/contexts/BC08/commands-slc01.md","1"
"CMD-EXC-REJECT","03-domain/contexts/BC08/commands-slc01.md","1"
"CMD-EXC-REQUEST","03-domain/contexts/BC08/commands-slc01.md","1"
"CMD-EXC-REVOKE","03-domain/contexts/BC08/commands-slc01.md","1"
"CMD-EXR-CANCEL","03-domain/contexts/BC05/commands-slc19.md","1"
"CMD-EXR-PLAN","03-domain/contexts/BC05/commands-slc19.md","1"
"CMD-EXR-SCHEDULE","03-domain/contexts/BC05/commands-slc19.md","1"
"CMD-EXR-START","03-domain/contexts/BC05/commands-slc19.md","1"
"CMD-EXT-END","03-domain/contexts/BC02/commands-slc02.md","1"
"CMD-EXT-MAP","03-domain/contexts/BC02/commands-slc02.md","1"
"CMD-FND-ACCEPT","03-domain/contexts/BC03/commands-slc07.md","1"
"CMD-FND-EDIT","03-domain/contexts/BC03/commands-slc07.md","1"
"CMD-FND-RECORD","03-domain/contexts/BC03/commands-slc07.md","1"
"CMD-FND-WITHDRAW","03-domain/contexts/BC03/commands-slc07.md","1"
"CMD-HRS-APPROVE","03-domain/contexts/BC01/commands-slc16.md","1"
"CMD-HRS-REJECT","03-domain/contexts/BC01/commands-slc16.md","1"
"CMD-IMP-ACCEPT-QUARANTINE","03-domain/contexts/BC02/commands-slc02.md","1"
"CMD-IMP-CANCEL","03-domain/contexts/BC02/commands-slc02.md","1"
"CMD-IMP-REPROCESS-QUARANTINE","03-domain/contexts/BC02/commands-slc02.md","1"
"CMD-IMP-SUBMIT","03-domain/contexts/BC02/commands-slc02.md","1"
"CMD-INC-ACTIVATE-CONTINGENCY","03-domain/contexts/BC04/commands-slc17.md","1"
"CMD-INC-ASSESS","03-domain/contexts/BC04/commands-slc17.md","1"
"CMD-INC-CANCEL","03-domain/contexts/BC04/commands-slc17.md","1"
"CMD-INC-CLOSE","03-domain/contexts/BC04/commands-slc17.md","1"
"CMD-INC-CONTAIN","03-domain/contexts/BC04/commands-slc17.md","1"
"CMD-INC-DE-ESCALATE","03-domain/contexts/BC04/commands-slc17.md","1"
"CMD-INC-DISPATCH-RESPONSE","03-domain/contexts/BC04/commands-slc17.md","1"
"CMD-INC-ESCALATE","03-domain/contexts/BC04/commands-slc17.md","1"
"CMD-INC-REPORT","03-domain/contexts/BC04/commands-slc17.md","1"
"CMD-INC-RESOLVE","03-domain/contexts/BC04/commands-slc17.md","1"
"CMD-KNO-DISCARD","03-domain/contexts/BC06/commands-slc12.md","1"
"CMD-KNO-DRAFT","03-domain/contexts/BC06/commands-slc12.md","1"
"CMD-KNO-EDIT","03-domain/contexts/BC06/commands-slc12.md","1"
"CMD-KNO-PUBLISH","03-domain/contexts/BC06/commands-slc12.md","1"
"CMD-KNO-RECORD-REUSE","03-domain/contexts/BC06/commands-slc12.md","1"
"CMD-KNO-REJECT","03-domain/contexts/BC06/commands-slc12.md","1"
"CMD-KNO-RETIRE","03-domain/contexts/BC06/commands-slc12.md","1"
"CMD-KNO-RETURN","03-domain/contexts/BC06/commands-slc12.md","1"
"CMD-KNO-SUBMIT","03-domain/contexts/BC06/commands-slc12.md","1"
"CMD-LGR-CANCEL","03-domain/contexts/BC05/commands-slc18.md","1"
"CMD-LGR-DISPATCH","03-domain/contexts/BC05/commands-slc18.md","1"
"CMD-LGR-REQUEST","03-domain/contexts/BC05/commands-slc18.md","1"
"CMD-LHD-APPROVE-RELEASE","03-domain/contexts/BC08/commands-slc12a.md","1"
"CMD-LHD-CANCEL-RELEASE","03-domain/contexts/BC08/commands-slc12a.md","1"
"CMD-LHD-EXTEND","03-domain/contexts/BC08/commands-slc12a.md","1"
"CMD-LHD-PLACE","03-domain/contexts/BC08/commands-slc12a.md","1"
"CMD-LHD-REQUEST-RELEASE","03-domain/contexts/BC08/commands-slc12a.md","1"
"CMD-MDL-APPROVE","03-domain/contexts/BC07/commands-slc10.md","1"
"CMD-MDL-DEPRECATE","03-domain/contexts/BC07/commands-slc10.md","1"
"CMD-MDL-FAIL-EVALUATION","03-domain/contexts/BC07/commands-slc10.md","1"
"CMD-MDL-PROMOTE","03-domain/contexts/BC07/commands-slc10.md","1"
"CMD-MDL-REGISTER","03-domain/contexts/BC07/commands-slc10.md","1"
"CMD-MDL-REINSTATE","03-domain/contexts/BC07/commands-slc10.md","1"
"CMD-MDL-RETIRE","03-domain/contexts/BC07/commands-slc10.md","1"
"CMD-MDL-STAGE","03-domain/contexts/BC07/commands-slc10.md","1"
"CMD-MDL-START-EVALUATION","03-domain/contexts/BC07/commands-slc10.md","1"
"CMD-MNT-CANCEL","03-domain/contexts/BC05/commands-slc09.md","1"
"CMD-MNT-COMPLETE","03-domain/contexts/BC05/commands-slc09.md","1"
"CMD-MNT-PLAN","03-domain/contexts/BC05/commands-slc09.md","1"
"CMD-MNT-RESCHEDULE","03-domain/contexts/BC05/commands-slc09.md","1"
"CMD-MNT-START","03-domain/contexts/BC05/commands-slc09.md","1"
"CMD-MRS-ACTIVATE","03-domain/contexts/BC02/commands-slc04.md","1"
"CMD-MRS-DRAFT","03-domain/contexts/BC02/commands-slc04.md","1"
"CMD-MRS-EDIT","03-domain/contexts/BC02/commands-slc04.md","1"
"CMD-NTF-MARK-READ","03-domain/contexts/BC04/commands-slc06.md","1"
"CMD-OBS-AMEND","03-domain/contexts/BC02/commands-slc02.md","1"
"CMD-OBS-ATTACH-EVIDENCE","03-domain/contexts/BC02/commands-slc02.md","1"
"CMD-OBS-RECLASSIFY","03-domain/contexts/BC02/commands-slc02.md","1"
"CMD-OBS-RECORD","03-domain/contexts/BC02/commands-slc02.md","1"
"CMD-OBS-REJECT","03-domain/contexts/BC02/commands-slc02.md","1"
"CMD-OBS-VALIDATE","03-domain/contexts/BC02/commands-slc02.md","1"
"CMD-ORG-ADD-UNIT","03-domain/contexts/BC01/commands-slc01.md","1"
"CMD-ORG-CREATE","03-domain/contexts/BC01/commands-slc01.md","1"
"CMD-ORG-DEACTIVATE","03-domain/contexts/BC01/commands-slc01.md","1"
"CMD-ORG-DEACTIVATE-UNIT","03-domain/contexts/BC01/commands-slc01.md","1"
"CMD-ORG-MOVE-UNIT","03-domain/contexts/BC01/commands-slc01.md","1"
"CMD-ORG-REACTIVATE","03-domain/contexts/BC01/commands-slc01.md","1"
"CMD-ORG-RENAME","03-domain/contexts/BC01/commands-slc01.md","1"
"CMD-ORG-RENAME-UNIT","03-domain/contexts/BC01/commands-slc01.md","1"
"CMD-OUT-CORRECT","03-domain/contexts/BC04/commands-slc08.md","1"
"CMD-OUT-RECORD","03-domain/contexts/BC04/commands-slc08.md","1"
"CMD-PER-DEACTIVATE","03-domain/contexts/BC01/commands-slc01.md","1"
"CMD-PER-ERASE","03-domain/contexts/BC01/commands-slc01.md","1"
"CMD-PER-REACTIVATE","03-domain/contexts/BC01/commands-slc01.md","1"
"CMD-PER-REGISTER","03-domain/contexts/BC01/commands-slc01.md","1"
"CMD-PER-UPDATE-DETAILS","03-domain/contexts/BC01/commands-slc01.md","1"
"CMD-PKG-CONFIRM-DOWNLOAD","03-domain/contexts/BC07/commands-slc11.md","1"
"CMD-PKG-REQUEST","03-domain/contexts/BC07/commands-slc11.md","1"
"CMD-PKG-REVOKE","03-domain/contexts/BC07/commands-slc11.md","1"
"CMD-PLN-CANCEL","03-domain/contexts/BC04/commands-slc08.md","1"
"CMD-PLN-CLOSE","03-domain/contexts/BC04/commands-slc08.md","1"
"CMD-PLN-COMPLETE","03-domain/contexts/BC04/commands-slc08.md","1"
"CMD-PLN-CREATE","03-domain/contexts/BC04/commands-slc08.md","1"
"CMD-PLN-RECLASSIFY","03-domain/contexts/BC04/commands-slc08.md","1"
"CMD-PLN-RESUME","03-domain/contexts/BC04/commands-slc08.md","1"
"CMD-PLN-SUSPEND","03-domain/contexts/BC04/commands-slc08.md","1"
"CMD-PLV-AMEND-MINOR","03-domain/contexts/BC04/commands-slc08.md","1"
"CMD-PLV-APPROVE","03-domain/contexts/BC04/commands-slc08.md","1"
"CMD-PLV-DISCARD","03-domain/contexts/BC04/commands-slc08.md","1"
"CMD-PLV-DRAFT","03-domain/contexts/BC04/commands-slc08.md","1"
"CMD-PLV-EDIT","03-domain/contexts/BC04/commands-slc08.md","1"
"CMD-PLV-REJECT","03-domain/contexts/BC04/commands-slc08.md","1"
"CMD-PLV-RETURN","03-domain/contexts/BC04/commands-slc08.md","1"
"CMD-PLV-SUBMIT","03-domain/contexts/BC04/commands-slc08.md","1"
"CMD-POL-APPROVE","03-domain/contexts/BC08/commands-slc01.md","1"
"CMD-POL-DRAFT","03-domain/contexts/BC08/commands-slc01.md","1"
"CMD-POL-EDIT","03-domain/contexts/BC08/commands-slc01.md","1"
"CMD-POL-REJECT","03-domain/contexts/BC08/commands-slc01.md","1"
"CMD-POL-SUBMIT","03-domain/contexts/BC08/commands-slc01.md","1"
"CMD-PRD-APPROVE","03-domain/contexts/BC06/commands-slc12.md","1"
"CMD-PRD-CREATE","03-domain/contexts/BC06/commands-slc12.md","1"
"CMD-PRD-DISCARD","03-domain/contexts/BC06/commands-slc12.md","1"
"CMD-PRD-EDIT-NARRATIVE","03-domain/contexts/BC06/commands-slc12.md","1"
"CMD-PRD-GENERATE","03-domain/contexts/BC06/commands-slc12.md","1"
"CMD-PRD-RETURN","03-domain/contexts/BC06/commands-slc12.md","1"
"CMD-PRD-SUBMIT","03-domain/contexts/BC06/commands-slc12.md","1"
"CMD-PRD-WITHDRAW","03-domain/contexts/BC06/commands-slc12.md","1"
"CMD-PRJ-CANCEL-BUILD","03-domain/contexts/BC07/commands-slc05.md","1"
"CMD-PRJ-CREATE-VERSION","03-domain/contexts/BC07/commands-slc05.md","1"
"CMD-PRJ-PROMOTE","03-domain/contexts/BC07/commands-slc05.md","1"
"CMD-PRJ-RETIRE","03-domain/contexts/BC07/commands-slc05.md","1"
"CMD-PTM-ACTIVATE","03-domain/contexts/BC06/commands-slc12.md","1"
"CMD-PTM-DEFINE","03-domain/contexts/BC06/commands-slc12.md","1"
"CMD-PTM-EDIT","03-domain/contexts/BC06/commands-slc12.md","1"
"CMD-PTM-RETIRE","03-domain/contexts/BC06/commands-slc12.md","1"
"CMD-QUAL-RECORD","03-domain/contexts/BC05/commands-slc03.md","1"
"CMD-QUAL-REINSTATE","03-domain/contexts/BC05/commands-slc03.md","1"
"CMD-QUAL-RENEW","03-domain/contexts/BC05/commands-slc03.md","1"
"CMD-QUAL-REVOKE","03-domain/contexts/BC05/commands-slc03.md","1"
"CMD-QUAL-SUSPEND","03-domain/contexts/BC05/commands-slc03.md","1"
"CMD-RAS-ASSIGN","03-domain/contexts/BC01/commands-slc01.md","1"
"CMD-RAS-REVOKE","03-domain/contexts/BC01/commands-slc01.md","1"
"CMD-REC-CANCEL","03-domain/contexts/BC06/commands-slc12.md","1"
"CMD-REC-REQUEST","03-domain/contexts/BC06/commands-slc12.md","1"
"CMD-REL-RECLASSIFY","03-domain/contexts/BC02/commands-slc02.md","1"
"CMD-REL-REGISTER","03-domain/contexts/BC02/commands-slc02.md","1"
"CMD-REL-REINSTATE","03-domain/contexts/BC02/commands-slc02.md","1"
"CMD-REL-RETIRE","03-domain/contexts/BC02/commands-slc02.md","1"
"CMD-RIS-ASSESS","03-domain/contexts/BC04/commands-slc17.md","1"
"CMD-RIS-CLOSE","03-domain/contexts/BC04/commands-slc17.md","1"
"CMD-RIS-IDENTIFY","03-domain/contexts/BC04/commands-slc17.md","1"
"CMD-RIS-PLAN-TREATMENT","03-domain/contexts/BC04/commands-slc17.md","1"
"CMD-RIS-REASSESS","03-domain/contexts/BC04/commands-slc17.md","1"
"CMD-ROL-ACTIVATE","03-domain/contexts/BC01/commands-slc01.md","1"
"CMD-ROL-DEFINE","03-domain/contexts/BC01/commands-slc01.md","1"
"CMD-ROL-RETIRE","03-domain/contexts/BC01/commands-slc01.md","1"
"CMD-ROL-SET-PERMISSIONS","03-domain/contexts/BC01/commands-slc01.md","1"
"CMD-RPL-ADJUST-CAPACITY","03-domain/contexts/BC05/commands-slc09.md","1"
"CMD-RPL-CLOSE","03-domain/contexts/BC05/commands-slc09.md","1"
"CMD-RPL-CREATE","03-domain/contexts/BC05/commands-slc09.md","1"
"CMD-RPL-RESUME","03-domain/contexts/BC05/commands-slc09.md","1"
"CMD-RPL-SUSPEND","03-domain/contexts/BC05/commands-slc09.md","1"
"CMD-RRQ-ACTIVATE","03-domain/contexts/BC05/commands-slc09.md","1"
"CMD-RRQ-DEFINE","03-domain/contexts/BC05/commands-slc09.md","1"
"CMD-RRQ-EDIT","03-domain/contexts/BC05/commands-slc09.md","1"
"CMD-RRQ-RETIRE","03-domain/contexts/BC05/commands-slc09.md","1"
"CMD-RSV-CANCEL","03-domain/contexts/BC05/commands-slc09.md","1"
"CMD-RSV-CONFIRM","03-domain/contexts/BC05/commands-slc09.md","1"
"CMD-RSV-HOLD","03-domain/contexts/BC05/commands-slc09.md","1"
"CMD-RSV-RELEASE","03-domain/contexts/BC05/commands-slc09.md","1"
"CMD-RTG-ACTIVATE","03-domain/contexts/BC07/commands-slc10.md","1"
"CMD-RTG-DISCARD","03-domain/contexts/BC07/commands-slc10.md","1"
"CMD-RTG-DRAFT","03-domain/contexts/BC07/commands-slc10.md","1"
"CMD-RTG-EDIT","03-domain/contexts/BC07/commands-slc10.md","1"
"CMD-RTS-ACTIVATE","03-domain/contexts/BC08/commands-slc12a.md","1"
"CMD-RTS-DISCARD","03-domain/contexts/BC08/commands-slc12a.md","1"
"CMD-RTS-DRAFT","03-domain/contexts/BC08/commands-slc12a.md","1"
"CMD-RTS-EDIT","03-domain/contexts/BC08/commands-slc12a.md","1"
"CMD-RUN-CANCEL","03-domain/contexts/BC03/commands-slc07.md","1"
"CMD-RUN-REPRODUCE","03-domain/contexts/BC03/commands-slc07.md","1"
"CMD-RUN-SUBMIT","03-domain/contexts/BC03/commands-slc07.md","1"
"CMD-RWE-CHANGE-TYPE","03-domain/contexts/BC02/commands-slc02.md","1"
"CMD-RWE-RECLASSIFY","03-domain/contexts/BC02/commands-slc02.md","1"
"CMD-RWE-REGISTER","03-domain/contexts/BC02/commands-slc02.md","1"
"CMD-RWE-REINSTATE","03-domain/contexts/BC02/commands-slc02.md","1"
"CMD-RWE-RETIRE","03-domain/contexts/BC02/commands-slc02.md","1"
"CMD-SCF-ASSIGN","03-domain/contexts/BC07/commands-slc11.md","1"
"CMD-SCF-DISCARD","03-domain/contexts/BC07/commands-slc11.md","1"
"CMD-SCF-REAPPLY","03-domain/contexts/BC07/commands-slc11.md","1"
"CMD-SCF-RESOLVE-MANUALLY","03-domain/contexts/BC07/commands-slc11.md","1"
"CMD-SCN-ACTIVATE","03-domain/contexts/BC05/commands-slc19.md","1"
"CMD-SCN-DEFINE","03-domain/contexts/BC05/commands-slc19.md","1"
"CMD-SCN-EDIT","03-domain/contexts/BC05/commands-slc19.md","1"
"CMD-SCN-RETIRE","03-domain/contexts/BC05/commands-slc19.md","1"
"CMD-SHP-CANCEL","03-domain/contexts/BC05/commands-slc18.md","1"
"CMD-SHP-DELIVER","03-domain/contexts/BC05/commands-slc18.md","1"
"CMD-SHP-DEPART","03-domain/contexts/BC05/commands-slc18.md","1"
"CMD-SHP-PLAN","03-domain/contexts/BC05/commands-slc18.md","1"
"CMD-SHP-RECORD-CHECKPOINT","03-domain/contexts/BC05/commands-slc18.md","1"
"CMD-SHP-REPORT-DAMAGE","03-domain/contexts/BC05/commands-slc18.md","1"
"CMD-SHP-REPORT-LOST","03-domain/contexts/BC05/commands-slc18.md","1"
"CMD-SIM-ABORT","03-domain/contexts/BC05/commands-slc19.md","1"
"CMD-SIM-COMPLETE","03-domain/contexts/BC05/commands-slc19.md","1"
"CMD-SIM-DELIVER-INJECT","03-domain/contexts/BC05/commands-slc19.md","1"
"CMD-SIM-PAUSE","03-domain/contexts/BC05/commands-slc19.md","1"
"CMD-SIM-RECORD-EVALUATION","03-domain/contexts/BC05/commands-slc19.md","1"
"CMD-SIM-RESUME","03-domain/contexts/BC05/commands-slc19.md","1"
"CMD-SIM-START","03-domain/contexts/BC05/commands-slc19.md","1"
"CMD-SIT-ACTIVATE","03-domain/contexts/BC03/commands-slc06.md","1"
"CMD-SIT-CLOSE","03-domain/contexts/BC03/commands-slc06.md","1"
"CMD-SIT-CREATE","03-domain/contexts/BC03/commands-slc06.md","1"
"CMD-SIT-EDIT-DEFINITION","03-domain/contexts/BC03/commands-slc06.md","1"
"CMD-SIT-PAUSE","03-domain/contexts/BC03/commands-slc06.md","1"
"CMD-SIT-RECLASSIFY","03-domain/contexts/BC03/commands-slc06.md","1"
"CMD-SIT-RESUME","03-domain/contexts/BC03/commands-slc06.md","1"
"CMD-SNS-ACTIVATE","03-domain/contexts/BC07/commands-slc16.md","1"
"CMD-SNS-PAUSE","03-domain/contexts/BC07/commands-slc16.md","1"
"CMD-SNS-REGISTER","03-domain/contexts/BC07/commands-slc16.md","1"
"CMD-SNS-RETIRE","03-domain/contexts/BC07/commands-slc16.md","1"
"CMD-SNS-SET-QUALITY-RULES","03-domain/contexts/BC07/commands-slc16.md","1"
"CMD-SRC-RATE-RELIABILITY","03-domain/contexts/BC02/commands-slc02.md","1"
"CMD-SRC-RECLASSIFY","03-domain/contexts/BC02/commands-slc02.md","1"
"CMD-SRC-REGISTER","03-domain/contexts/BC02/commands-slc02.md","1"
"CMD-SRC-REINSTATE","03-domain/contexts/BC02/commands-slc02.md","1"
"CMD-SRC-RETIRE","03-domain/contexts/BC02/commands-slc02.md","1"
"CMD-SRC-SET-PROTECTION","03-domain/contexts/BC02/commands-slc02.md","1"
"CMD-SRC-SUSPEND","03-domain/contexts/BC02/commands-slc02.md","1"
"CMD-SRC-UPDATE-PROFILE","03-domain/contexts/BC02/commands-slc02.md","1"
"CMD-SUB-PAUSE","03-domain/contexts/BC04/commands-slc06.md","1"
"CMD-SUB-RESUME","03-domain/contexts/BC04/commands-slc06.md","1"
"CMD-SUB-SUBSCRIBE","03-domain/contexts/BC04/commands-slc06.md","1"
"CMD-SUB-UNSUBSCRIBE","03-domain/contexts/BC04/commands-slc06.md","1"
"CMD-SUB-UPDATE-CHANNELS","03-domain/contexts/BC04/commands-slc06.md","1"
"CMD-SVC-CLOSE","03-domain/contexts/BC01/commands-slc01.md","1"
"CMD-SVC-CREATE","03-domain/contexts/BC01/commands-slc01.md","1"
"CMD-SVC-DISABLE","03-domain/contexts/BC01/commands-slc01.md","1"
"CMD-SVC-ENABLE","03-domain/contexts/BC01/commands-slc01.md","1"
"CMD-SVC-ROTATE-CREDENTIAL","03-domain/contexts/BC01/commands-slc01.md","1"
"CMD-SYN-OPEN","03-domain/contexts/BC07/commands-slc11.md","1"
"CMD-SYN-UPLOAD-BATCH","03-domain/contexts/BC07/commands-slc11.md","1"
"CMD-TASK-ACCEPT","03-domain/contexts/BC04/commands-slc03.md","1"
"CMD-TASK-ADD-RESULT-ITEM","03-domain/contexts/BC04/commands-slc03.md","1"
"CMD-TASK-APPROVE","03-domain/contexts/BC04/commands-slc03.md","1"
"CMD-TASK-ASSIGN","03-domain/contexts/BC04/commands-slc03.md","1"
"CMD-TASK-BLOCK","03-domain/contexts/BC04/commands-slc03.md","1"
"CMD-TASK-CANCEL","03-domain/contexts/BC04/commands-slc03.md","1"
"CMD-TASK-CLOSE","03-domain/contexts/BC04/commands-slc03.md","1"
"CMD-TASK-COMPLETE","03-domain/contexts/BC04/commands-slc03.md","1"
"CMD-TASK-CREATE","03-domain/contexts/BC04/commands-slc03.md","1"
"CMD-TASK-DECLINE","03-domain/contexts/BC04/commands-slc03.md","1"
"CMD-TASK-EDIT","03-domain/contexts/BC04/commands-slc03.md","1"
"CMD-TASK-ESCALATE","03-domain/contexts/BC04/commands-slc03.md","1"
"CMD-TASK-MARK-READY","03-domain/contexts/BC04/commands-slc03.md","1"
"CMD-TASK-REASSIGN","03-domain/contexts/BC04/commands-slc03.md","1"
"CMD-TASK-RECLASSIFY","03-domain/contexts/BC04/commands-slc03.md","1"
"CMD-TASK-REJECT","03-domain/contexts/BC04/commands-slc03.md","1"
"CMD-TASK-RESUME","03-domain/contexts/BC04/commands-slc03.md","1"
"CMD-TASK-RETURN","03-domain/contexts/BC04/commands-slc03.md","1"
"CMD-TASK-SET-DUE","03-domain/contexts/BC04/commands-slc03.md","1"
"CMD-TASK-START","03-domain/contexts/BC04/commands-slc03.md","1"
"CMD-TASK-START-REVIEW","03-domain/contexts/BC04/commands-slc03.md","1"
"CMD-TASK-SUBMIT","03-domain/contexts/BC04/commands-slc03.md","1"
"CMD-TASK-SUSPEND","03-domain/contexts/BC04/commands-slc03.md","1"
"CMD-TASK-UNSUSPEND","03-domain/contexts/BC04/commands-slc03.md","1"
"CMD-TEN-COMPLETE-CELL-MIGRATION","03-domain/contexts/BC01/commands-slc01.md","1"
"CMD-TEN-COMPLETE-DECOMMISSION","03-domain/contexts/BC01/commands-slc01.md","1"
"CMD-TEN-COMPLETE-PROVISIONING","03-domain/contexts/BC01/commands-slc01.md","1"
"CMD-TEN-FAIL-PROVISIONING","03-domain/contexts/BC01/commands-slc01.md","1"
"CMD-TEN-PROVISION","03-domain/contexts/BC01/commands-slc01.md","1"
"CMD-TEN-REACTIVATE","03-domain/contexts/BC01/commands-slc01.md","1"
"CMD-TEN-RETRY-PROVISIONING","03-domain/contexts/BC01/commands-slc01.md","1"
"CMD-TEN-START-CELL-MIGRATION","03-domain/contexts/BC01/commands-slc01.md","1"
"CMD-TEN-START-DECOMMISSION","03-domain/contexts/BC01/commands-slc01.md","1"
"CMD-TEN-SUSPEND","03-domain/contexts/BC01/commands-slc01.md","1"
"CMD-TEN-UPDATE-QUOTAS","03-domain/contexts/BC01/commands-slc01.md","1"
"CMD-TOL-ACTIVATE","03-domain/contexts/BC07/commands-slc10.md","1"
"CMD-TOL-DISABLE","03-domain/contexts/BC07/commands-slc10.md","1"
"CMD-TOL-ENABLE","03-domain/contexts/BC07/commands-slc10.md","1"
"CMD-TOL-REGISTER","03-domain/contexts/BC07/commands-slc10.md","1"
"CMD-TOL-RETIRE","03-domain/contexts/BC07/commands-slc10.md","1"
"CMD-TTY-ACTIVATE","03-domain/contexts/BC04/commands-slc03.md","1"
"CMD-TTY-DEFINE","03-domain/contexts/BC04/commands-slc03.md","1"
"CMD-TTY-EDIT","03-domain/contexts/BC04/commands-slc03.md","1"
"CMD-TTY-RETIRE","03-domain/contexts/BC04/commands-slc03.md","1"
"CMD-USR-CLOSE","03-domain/contexts/BC01/commands-slc01.md","1"
"CMD-USR-DISABLE","03-domain/contexts/BC01/commands-slc01.md","1"
"CMD-USR-ENABLE","03-domain/contexts/BC01/commands-slc01.md","1"
"CMD-USR-LINK-IDENTITY","03-domain/contexts/BC01/commands-slc01.md","1"
"CMD-USR-LINK-PERSON","03-domain/contexts/BC01/commands-slc01.md","1"
"CMD-USR-LOCK","03-domain/contexts/BC01/commands-slc01.md","1"
"CMD-USR-PROVISION","03-domain/contexts/BC01/commands-slc01.md","1"
"CMD-USR-RECORD-FIRST-SIGN-IN","03-domain/contexts/BC01/commands-slc01.md","1"
"CMD-USR-UNLINK-IDENTITY","03-domain/contexts/BC01/commands-slc01.md","1"
"CMD-USR-UNLOCK","03-domain/contexts/BC01/commands-slc01.md","1"
"CONFLICT-MODEL","04-information/conflict-model.md","1"
"CONTEXT-MAP","03-domain/context-map.md","1"
"COST-MODEL","07-quality/cost-model.md","1"
"CR-01","00-governance/registers/corrections.md","1"
"CR-02","00-governance/registers/corrections.md","1"
"CR-03","00-governance/registers/corrections.md","1"
"CR-04","00-governance/registers/corrections.md","1"
"CR-05","00-governance/registers/corrections.md","1"
"CR-06","00-governance/registers/corrections.md;16-reports/CONSISTENCY-REPORT-R1.md;16-reports/SESSION-W9.md","3"
"CR-07","00-governance/registers/corrections.md","1"
"CR-08","00-governance/registers/corrections.md","1"
"CR-09","00-governance/registers/corrections.md","1"
"CR-10","00-governance/registers/corrections.md","1"
"CR-11","00-governance/registers/corrections.md","1"
"CR-12","00-governance/registers/corrections.md","1"
"CR-13","00-governance/registers/corrections.md","1"
"CR-14","00-governance/registers/corrections.md","1"
"CR-15","00-governance/registers/corrections.md","1"
"CR-16","00-governance/registers/corrections.md","1"
"CR-17","00-governance/registers/corrections.md","1"
"CR-18","00-governance/registers/corrections.md","1"
"CR-19","00-governance/registers/corrections.md","1"
"CR-20","00-governance/registers/corrections.md","1"
"CR-21","00-governance/registers/corrections.md","1"
"CR-22","00-governance/registers/corrections.md","1"
"CR-23","00-governance/registers/corrections.md","1"
"CR-24","00-governance/registers/corrections.md","1"
"CR-25","00-governance/registers/corrections.md","1"
"CR-26","00-governance/registers/corrections.md","1"
"CR-27","00-governance/registers/corrections.md","1"
"CR-28","00-governance/registers/corrections.md","1"
"CR-29","00-governance/registers/corrections.md","1"
"CR-30","00-governance/registers/corrections.md","1"
"CR-31","00-governance/registers/corrections.md","1"
"CR-32","00-governance/registers/corrections.md","1"
"CR-33","00-governance/registers/corrections.md","1"
"CR-34","00-governance/registers/corrections.md","1"
"CR-35","00-governance/registers/corrections.md","1"
"CR-36","00-governance/registers/corrections.md","1"
"CR-37","00-governance/registers/corrections.md","1"
"CR-38","00-governance/registers/corrections.md","1"
"CR-39","00-governance/registers/corrections.md","1"
"CR-40","00-governance/registers/corrections.md","1"
"CR-41","00-governance/registers/corrections.md","1"
"CR-42","00-governance/registers/corrections.md","1"
"CR-43","00-governance/registers/corrections.md","1"
"CR-44","00-governance/registers/corrections.md","1"
"CR-45","00-governance/registers/corrections.md","1"
"CR-46","00-governance/registers/corrections.md","1"
"CR-47","00-governance/registers/corrections.md","1"
"CR-48","00-governance/registers/corrections.md","1"
"CR-49","00-governance/registers/corrections.md","1"
"CR-50","00-governance/registers/corrections.md","1"
"CR-51","00-governance/registers/corrections.md","1"
"CR-52","00-governance/registers/corrections.md","1"
"CR-53","00-governance/registers/corrections.md","1"
"CR-54","00-governance/registers/corrections.md","1"
"CR-55","00-governance/registers/corrections.md;16-reports/CONSISTENCY-REPORT-R1.md;16-reports/SESSION-W9.md","3"
"CR-56","00-governance/registers/corrections.md;16-reports/CONSISTENCY-REPORT-R1.md;16-reports/SESSION-W9.md","3"
"CR-57","00-governance/registers/corrections.md;16-reports/CONSISTENCY-REPORT-R1.md;16-reports/SESSION-W9.md","3"
"CR-58","00-governance/registers/corrections.md","1"
"CR-59","00-governance/registers/corrections.md","1"
"CR-60","00-governance/registers/corrections.md","1"
"CR-61","00-governance/registers/corrections.md","1"
"CR-62","00-governance/registers/corrections.md","1"
"CR-63","00-governance/registers/corrections.md","1"
"CR-64","00-governance/registers/corrections.md","1"
"DATA-PROTECTION","08-security/data-protection.md","1"
"DEBT-001","00-governance/registers/technical-debt.md;14-slices/SLC-09/readiness.md","2"
"DEP-EXT-001","00-governance/registers/dependencies.md","1"
"DEP-EXT-002","00-governance/registers/dependencies.md","1"
"DEP-EXT-003","00-governance/registers/dependencies.md","1"
"DEP-EXT-004","00-governance/registers/dependencies.md","1"
"DEP-EXT-005","00-governance/registers/dependencies.md","1"
"DEP-EXT-006","00-governance/registers/dependencies.md","1"
"DEP-EXT-007","00-governance/registers/dependencies.md","1"
"DEP-EXT-008","00-governance/registers/dependencies.md","1"
"DEP-HUM-001","00-governance/registers/dependencies.md","1"
"DEP-HUM-002","00-governance/registers/dependencies.md","1"
"DEP-HUM-003","00-governance/registers/dependencies.md","1"
"DEP-HUM-004","00-governance/registers/dependencies.md","1"
"DEP-ORG-001","00-governance/registers/dependencies.md","1"
"DOM-01","03-domain/domains.md","1"
"DOM-02","03-domain/domains.md","1"
"DOM-03","03-domain/domains.md","1"
"DOM-04","03-domain/domains.md","1"
"DOM-05","03-domain/domains.md","1"
"DOM-06","03-domain/domains.md","1"
"DOM-07","03-domain/domains.md","1"
"DOM-08","03-domain/domains.md","1"
"DOM-09","03-domain/domains.md","1"
"DOM-10","03-domain/domains.md","1"
"DOM-11","03-domain/domains.md","1"
"DOM-12","03-domain/domains.md","1"
"DOM-13","03-domain/domains.md","1"
"DOM-14","03-domain/domains.md","1"
"DOM-15","03-domain/domains.md","1"
"DOM-16","03-domain/domains.md","1"
"DOM-17","03-domain/domains.md","1"
"DOM-18","03-domain/domains.md","1"
"DOM-19","03-domain/domains.md","1"
"DOM-20","03-domain/domains.md","1"
"DOM-21","03-domain/domains.md","1"
"DOM-22","03-domain/domains.md","1"
"DOM-23","03-domain/domains.md","1"
"DOM-24","03-domain/domains.md","1"
"DOM-25","03-domain/domains.md","1"
"DOM-26","03-domain/domains.md","1"
"DR-CONTINUITY","09-reliability/dr-and-continuity.md","1"
"DU-01","12-solution/deployment-units.md","1"
"DU-02","12-solution/deployment-units.md","1"
"DU-03","12-solution/deployment-units.md","1"
"DU-04","12-solution/deployment-units.md","1"
"DU-05","12-solution/deployment-units.md","1"
"DU-06","12-solution/deployment-units.md","1"
"DU-07","12-solution/deployment-units.md","1"
"DU-08","12-solution/deployment-units.md","1"
"DU-09","12-solution/deployment-units.md","1"
"DU-10","12-solution/deployment-units.md","1"
"DU-11","12-solution/deployment-units.md","1"
"DU-12","12-solution/deployment-units.md","1"
"DU-13","12-solution/deployment-units.md","1"
"DU-14","12-solution/deployment-units.md","1"
"DU-15","12-solution/deployment-units.md","1"
"DU-16","12-solution/deployment-units.md","1"
"ER-MODEL","04-information/entity-resolution.md","1"
"ERRORS-SLC01","05-contracts/errors-slc01.md","1"
"ERRORS-SLC02","05-contracts/errors-slc02.md","1"
"ERRORS-SLC03","05-contracts/errors-slc03.md","1"
"ERRORS-SLC04","05-contracts/errors-slc04.md","1"
"ERRORS-SLC05","05-contracts/errors-slc05.md","1"
"ERRORS-SLC06","05-contracts/errors-slc06.md","1"
"ERRORS-SLC07","05-contracts/errors-slc07.md","1"
"ERRORS-SLC08","05-contracts/errors-slc08.md","1"
"ERRORS-SLC09","05-contracts/errors-slc09.md","1"
"ERRORS-SLC10","05-contracts/errors-slc10.md","1"
"ERRORS-SLC11","05-contracts/errors-slc11.md","1"
"ERRORS-SLC12","05-contracts/errors-slc12.md","1"
"ERRORS-SLC12A","05-contracts/errors-slc12a.md","1"
"ERRORS-SLC14","05-contracts/errors-slc14.md","1"
"ERRORS-SLC15","05-contracts/errors-slc15.md","1"
"ERRORS-SLC16","05-contracts/errors-slc16.md","1"
"ERRORS-SLC17","05-contracts/errors-slc17.md","1"
"ERRORS-SLC18","05-contracts/errors-slc18.md","1"
"ERRORS-SLC19","05-contracts/errors-slc19.md","1"
"EVT-ACS-ASSUMPTION-ADDED","03-domain/contexts/BC03/events-slc07.md","1"
"EVT-ACS-ASSUMPTION-RETIRED","03-domain/contexts/BC03/events-slc07.md","1"
"EVT-ACS-CANCELLED","03-domain/contexts/BC03/events-slc07.md","1"
"EVT-ACS-CLOSED","03-domain/contexts/BC03/events-slc07.md","1"
"EVT-ACS-CREATED","03-domain/contexts/BC03/events-slc07.md","1"
"EVT-ACS-DEFINED","03-domain/contexts/BC03/events-slc07.md","1"
"EVT-ACS-EVIDENCE-DESELECTED","03-domain/contexts/BC03/events-slc07.md","1"
"EVT-ACS-EVIDENCE-SELECTED","03-domain/contexts/BC03/events-slc07.md","1"
"EVT-ACS-HYPOTHESIS-ADDED","03-domain/contexts/BC03/events-slc07.md","1"
"EVT-ACS-HYPOTHESIS-UPDATED","03-domain/contexts/BC03/events-slc07.md","1"
"EVT-ACS-OPENED","03-domain/contexts/BC03/events-slc07.md","1"
"EVT-ACS-RECLASSIFIED","03-domain/contexts/BC03/events-slc07.md","1"
"EVT-ACS-REOPENED","03-domain/contexts/BC03/events-slc07.md","1"
"EVT-ACS-SCENARIO-DEFINED","03-domain/contexts/BC03/events-slc07.md","1"
"EVT-ADP-ACTIVATED","03-domain/contexts/BC07/events-slc02.md","1"
"EVT-ADP-MAPPING-UPDATED","03-domain/contexts/BC07/events-slc02.md","1"
"EVT-ADP-REGISTERED","03-domain/contexts/BC07/events-slc02.md","1"
"EVT-ADP-RESUMED","03-domain/contexts/BC07/events-slc02.md","1"
"EVT-ADP-RETIRED","03-domain/contexts/BC07/events-slc02.md","1"
"EVT-ADP-SUSPENDED","03-domain/contexts/BC07/events-slc02.md","1"
"EVT-AIR-CANCELLED","03-domain/contexts/BC07/events-slc10.md","1"
"EVT-AIR-COMPLETED","03-domain/contexts/BC07/events-slc10.md","1"
"EVT-AIR-CONTEXT-SEALED","03-domain/contexts/BC07/events-slc10.md","1"
"EVT-AIR-FAILED","03-domain/contexts/BC07/events-slc10.md","1"
"EVT-AIR-INSUFFICIENT-EVIDENCE","03-domain/contexts/BC07/events-slc10.md","1"
"EVT-AIR-RECEIVED","03-domain/contexts/BC07/events-slc10.md","1"
"EVT-AIR-REFUSED","03-domain/contexts/BC07/events-slc10.md","1"
"EVT-AIR-RETRIEVING","03-domain/contexts/BC07/events-slc10.md","1"
"EVT-AIRS-ACCEPTED","03-domain/contexts/BC07/events-slc10.md","1"
"EVT-AIRS-PARTIALLY-ACCEPTED","03-domain/contexts/BC07/events-slc10.md","1"
"EVT-AIRS-PROPOSED","03-domain/contexts/BC07/events-slc10.md","1"
"EVT-AIRS-REJECTED","03-domain/contexts/BC07/events-slc10.md","1"
"EVT-AIRS-REVIEW-STARTED","03-domain/contexts/BC07/events-slc10.md","1"
"EVT-ALC-APPROVAL-REQUIRED","03-domain/contexts/BC05/events-slc09.md","1"
"EVT-ALC-COMMITTED","03-domain/contexts/BC05/events-slc09.md","1"
"EVT-ALC-CONSUMED","03-domain/contexts/BC05/events-slc09.md","1"
"EVT-ALC-PREEMPTED","03-domain/contexts/BC05/events-slc09.md","1"
"EVT-ALC-REJECTED","03-domain/contexts/BC05/events-slc09.md","1"
"EVT-ALC-RELEASED","03-domain/contexts/BC05/events-slc09.md","1"
"EVT-ALC-REQUESTED","03-domain/contexts/BC05/events-slc09.md","1"
"EVT-ALR-ACKNOWLEDGED","03-domain/contexts/BC03/events-slc06.md","1"
"EVT-ALR-DISMISSED","03-domain/contexts/BC03/events-slc06.md","1"
"EVT-ALR-ESCALATED","03-domain/contexts/BC03/events-slc06.md","1"
"EVT-ALR-RAISED","03-domain/contexts/BC03/events-slc06.md","1"
"EVT-ALR-REPEATED","03-domain/contexts/BC03/events-slc06.md","1"
"EVT-ALR-RESOLVED","03-domain/contexts/BC03/events-slc06.md","1"
"EVT-AMT-ACTIVATED","03-domain/contexts/BC03/events-slc07.md","1"
"EVT-AMT-DEPRECATED","03-domain/contexts/BC03/events-slc07.md","1"
"EVT-AMT-REGISTERED","03-domain/contexts/BC03/events-slc07.md","1"
"EVT-AMT-RETIRED","03-domain/contexts/BC03/events-slc07.md","1"
"EVT-ARC-ARCHIVED","03-domain/contexts/BC06/events-slc12.md","1"
"EVT-ARC-DISPOSED","03-domain/contexts/BC06/events-slc12.md","1"
"EVT-ARC-FORMAT-MIGRATED","03-domain/contexts/BC06/events-slc12.md","1"
"EVT-ARC-INGEST-FAILED","03-domain/contexts/BC06/events-slc12.md","1"
"EVT-ARC-INGEST-STARTED","03-domain/contexts/BC06/events-slc12.md","1"
"EVT-ARC-INTEGRITY-FAILED","03-domain/contexts/BC06/events-slc12.md","1"
"EVT-ARC-REPAIRED","03-domain/contexts/BC06/events-slc12.md","1"
"EVT-ARC-TRANSFERRED","03-domain/contexts/BC06/events-slc12.md","1"
"EVT-ARL-ACTIVATED","03-domain/contexts/BC03/events-slc06.md","1"
"EVT-ARL-DEFINED","03-domain/contexts/BC03/events-slc06.md","1"
"EVT-ARL-DISABLED","03-domain/contexts/BC03/events-slc06.md","1"
"EVT-ARL-EDITED","03-domain/contexts/BC03/events-slc06.md","1"
"EVT-ARL-ENABLED","03-domain/contexts/BC03/events-slc06.md","1"
"EVT-ARL-RETIRED","03-domain/contexts/BC03/events-slc06.md","1"
"EVT-ASG-ASSIGNED","03-domain/contexts/BC05/events-slc09.md","1"
"EVT-ASG-CANCELLED","03-domain/contexts/BC05/events-slc09.md","1"
"EVT-ASG-RETURNED","03-domain/contexts/BC05/events-slc09.md","1"
"EVT-ASM-DISCARDED","03-domain/contexts/BC03/events-slc07.md","1"
"EVT-ASM-DRAFTED","03-domain/contexts/BC03/events-slc07.md","1"
"EVT-ASM-EDITED","03-domain/contexts/BC03/events-slc07.md","1"
"EVT-ASM-PUBLISHED","03-domain/contexts/BC03/events-slc07.md","1"
"EVT-ASM-RETURNED","03-domain/contexts/BC03/events-slc07.md","1"
"EVT-ASM-SUBMITTED","03-domain/contexts/BC03/events-slc07.md","1"
"EVT-ASM-SUPERSEDED","03-domain/contexts/BC03/events-slc07.md","1"
"EVT-ASM-WITHDRAWN","03-domain/contexts/BC03/events-slc07.md","1"
"EVT-AST-CERTIFICATION-SET","03-domain/contexts/BC05/events-slc09.md","1"
"EVT-AST-CONDITION-UPDATED","03-domain/contexts/BC05/events-slc09.md","1"
"EVT-AST-CUSTODY-TRANSFERRED","03-domain/contexts/BC05/events-slc09.md","1"
"EVT-AST-DISPOSED","03-domain/contexts/BC05/events-slc09.md","1"
"EVT-AST-MAINTENANCE-STARTED","03-domain/contexts/BC05/events-slc09.md","1"
"EVT-AST-RECLASSIFIED","03-domain/contexts/BC05/events-slc09.md","1"
"EVT-AST-RECOVERED","03-domain/contexts/BC05/events-slc09.md","1"
"EVT-AST-REGISTERED","03-domain/contexts/BC05/events-slc09.md","1"
"EVT-AST-REPORTED-LOST","03-domain/contexts/BC05/events-slc09.md","1"
"EVT-AST-RETURNED-TO-SERVICE","03-domain/contexts/BC05/events-slc09.md","1"
"EVT-AST-UNSERVICEABLE","03-domain/contexts/BC05/events-slc09.md","1"
"EVT-ATT-ERASED","03-domain/contexts/BC02/events-slc02.md","1"
"EVT-ATT-EXPIRED","03-domain/contexts/BC02/events-slc02.md","1"
"EVT-ATT-QUARANTINED","03-domain/contexts/BC02/events-slc02.md","1"
"EVT-ATT-STORED","03-domain/contexts/BC02/events-slc02.md","1"
"EVT-ATT-UPLOADED","03-domain/contexts/BC02/events-slc02.md","1"
"EVT-ATT-UPLOAD-INITIATED","03-domain/contexts/BC02/events-slc02.md","1"
"EVT-AUT-DELEGATED","03-domain/contexts/BC01/events-slc01.md","1"
"EVT-AUT-EXPIRED","03-domain/contexts/BC01/events-slc01.md","1"
"EVT-AUT-GRANTED","03-domain/contexts/BC01/events-slc01.md","1"
"EVT-AUT-GRANT-REJECTED","03-domain/contexts/BC01/events-slc01.md","1"
"EVT-AUT-GRANT-REQUESTED","03-domain/contexts/BC01/events-slc01.md","1"
"EVT-AUT-RESUMED","03-domain/contexts/BC01/events-slc01.md","1"
"EVT-AUT-REVOKED","03-domain/contexts/BC01/events-slc01.md","1"
"EVT-AUT-SUSPENDED","03-domain/contexts/BC01/events-slc01.md","1"
"EVT-CAP-CANCELLED","03-domain/contexts/BC03/events-slc16.md","1"
"EVT-CAP-FAILED","03-domain/contexts/BC03/events-slc16.md","1"
"EVT-CAP-PREPARED","03-domain/contexts/BC03/events-slc16.md","1"
"EVT-CAP-RETRY","03-domain/contexts/BC03/events-slc16.md","1"
"EVT-CAP-SENT","03-domain/contexts/BC03/events-slc16.md","1"
"EVT-CAT-BC01-SLC01","03-domain/contexts/BC01/events-slc01.md","1"
"EVT-CAT-BC01-SLC11","03-domain/contexts/BC01/events-slc11.md","1"
"EVT-CAT-BC01-SLC16","03-domain/contexts/BC01/events-slc16.md","1"
"EVT-CAT-BC02-SLC02","03-domain/contexts/BC02/events-slc02.md","1"
"EVT-CAT-BC02-SLC04","03-domain/contexts/BC02/events-slc04.md","1"
"EVT-CAT-BC02-SLC14","03-domain/contexts/BC02/events-slc14.md","1"
"EVT-CAT-BC02-SLC15","03-domain/contexts/BC02/events-slc15.md","1"
"EVT-CAT-BC03-SLC06","03-domain/contexts/BC03/events-slc06.md","1"
"EVT-CAT-BC03-SLC07","03-domain/contexts/BC03/events-slc07.md","1"
"EVT-CAT-BC03-SLC16","03-domain/contexts/BC03/events-slc16.md","1"
"EVT-CAT-BC04-SLC03","03-domain/contexts/BC04/events-slc03.md","1"
"EVT-CAT-BC04-SLC06","03-domain/contexts/BC04/events-slc06.md","1"
"EVT-CAT-BC04-SLC08","03-domain/contexts/BC04/events-slc08.md","1"
"EVT-CAT-BC04-SLC15","03-domain/contexts/BC04/events-slc15.md","1"
"EVT-CAT-BC04-SLC17","03-domain/contexts/BC04/events-slc17.md","1"
"EVT-CAT-BC05-SLC03","03-domain/contexts/BC05/events-slc03.md","1"
"EVT-CAT-BC05-SLC09","03-domain/contexts/BC05/events-slc09.md","1"
"EVT-CAT-BC05-SLC18","03-domain/contexts/BC05/events-slc18.md","1"
"EVT-CAT-BC05-SLC19","03-domain/contexts/BC05/events-slc19.md","1"
"EVT-CAT-BC06-SLC12","03-domain/contexts/BC06/events-slc12.md","1"
"EVT-CAT-BC07-SLC02","03-domain/contexts/BC07/events-slc02.md","1"
"EVT-CAT-BC07-SLC05","03-domain/contexts/BC07/events-slc05.md","1"
"EVT-CAT-BC07-SLC10","03-domain/contexts/BC07/events-slc10.md","1"
"EVT-CAT-BC07-SLC11","03-domain/contexts/BC07/events-slc11.md","1"
"EVT-CAT-BC07-SLC16","03-domain/contexts/BC07/events-slc16.md","1"
"EVT-CAT-BC08-SLC01","03-domain/contexts/BC08/events-slc01.md","1"
"EVT-CAT-BC08-SLC12A","03-domain/contexts/BC08/events-slc12a.md","1"
"EVT-CLM-ASSERTED","03-domain/contexts/BC02/events-slc02.md","1"
"EVT-CLM-ASSESSED","03-domain/contexts/BC02/events-slc02.md","1"
"EVT-CLM-CHANGED","03-domain/contexts/BC02/events-slc02.md","1"
"EVT-CLM-CORRECTED","03-domain/contexts/BC02/events-slc02.md","1"
"EVT-CLM-RECLASSIFIED","03-domain/contexts/BC02/events-slc02.md","1"
"EVT-CLM-RETRACTED","03-domain/contexts/BC02/conflict-detection-engine.md;03-domain/contexts/BC02/events-slc02.md","2"
"EVT-CLR-EXPIRED","03-domain/contexts/BC01/events-slc01.md","1"
"EVT-CLR-GRANTED","03-domain/contexts/BC01/events-slc01.md","1"
"EVT-CLR-MODIFIED","03-domain/contexts/BC01/events-slc01.md","1"
"EVT-CLR-REINSTATED","03-domain/contexts/BC01/events-slc01.md","1"
"EVT-CLR-REQUESTED","03-domain/contexts/BC01/events-slc01.md","1"
"EVT-CLR-REVOKED","03-domain/contexts/BC01/events-slc01.md","1"
"EVT-CLR-SUSPENDED","03-domain/contexts/BC01/events-slc01.md","1"
"EVT-CLS-ACTIVATED","03-domain/contexts/BC08/events-slc01.md","1"
"EVT-CLS-DISCARDED","03-domain/contexts/BC08/events-slc01.md","1"
"EVT-CLS-DRAFTED","03-domain/contexts/BC08/events-slc01.md","1"
"EVT-CLS-EDITED","03-domain/contexts/BC08/events-slc01.md","1"
"EVT-CLS-SUPERSEDED","03-domain/contexts/BC08/events-slc01.md","1"
"EVT-CNF-ACCEPTED","03-domain/contexts/BC02/events-slc04.md","1"
"EVT-CNF-ASSIGNED","03-domain/contexts/BC02/events-slc04.md","1"
"EVT-CNF-CLAIM-ADDED","03-domain/contexts/BC02/events-slc04.md","1"
"EVT-CNF-DETECTED","03-domain/contexts/BC02/events-slc04.md","1"
"EVT-CNF-RAISED","03-domain/contexts/BC02/events-slc04.md","1"
"EVT-CNF-REOPENED","03-domain/contexts/BC02/events-slc04.md","1"
"EVT-CNF-RESOLVED","03-domain/contexts/BC02/events-slc04.md","1"
"EVT-CNF-REVIEW-STARTED","03-domain/contexts/BC02/events-slc04.md","1"
"EVT-CNF-SUPERSEDED","03-domain/contexts/BC02/events-slc04.md","1"
"EVT-CON-ACTIVATED","03-domain/contexts/BC07/events-slc16.md","1"
"EVT-CON-DEGRADED","03-domain/contexts/BC07/events-slc16.md","1"
"EVT-CON-RECOVERED","03-domain/contexts/BC07/events-slc16.md","1"
"EVT-CON-REGISTERED","03-domain/contexts/BC07/events-slc16.md","1"
"EVT-CON-RESUMED","03-domain/contexts/BC07/events-slc16.md","1"
"EVT-CON-RETIRED","03-domain/contexts/BC07/events-slc16.md","1"
"EVT-CON-SUSPENDED","03-domain/contexts/BC07/events-slc16.md","1"
"EVT-CON-TEST-FAILED","03-domain/contexts/BC07/events-slc16.md","1"
"EVT-CON-TEST-STARTED","03-domain/contexts/BC07/events-slc16.md","1"
"EVT-CPL-ACTIVATED","03-domain/contexts/BC02/events-slc14.md","1"
"EVT-CPL-ACTIVITY-ADDED","03-domain/contexts/BC02/events-slc14.md","1"
"EVT-CPL-ACTIVITY-REMOVED","03-domain/contexts/BC02/events-slc14.md","1"
"EVT-CPL-CANCELLED","03-domain/contexts/BC02/events-slc14.md","1"
"EVT-CPL-COMPLETED","03-domain/contexts/BC02/events-slc14.md","1"
"EVT-CPL-CREATED","03-domain/contexts/BC02/events-slc14.md","1"
"EVT-CRD-ACTIVATED","03-domain/contexts/BC04/events-slc15.md","1"
"EVT-CRD-CANCELLED","03-domain/contexts/BC04/events-slc15.md","1"
"EVT-CRD-CLOSED","03-domain/contexts/BC04/events-slc15.md","1"
"EVT-CRD-DECISION-RECORDED","03-domain/contexts/BC04/events-slc15.md","1"
"EVT-CRD-DECISION-REQUESTED","03-domain/contexts/BC04/events-slc15.md","1"
"EVT-CRD-OPENED","03-domain/contexts/BC04/events-slc15.md","1"
"EVT-CRD-PARTICIPANT-ADDED","03-domain/contexts/BC04/events-slc15.md","1"
"EVT-CRD-PARTICIPANT-REMOVED","03-domain/contexts/BC04/events-slc15.md","1"
"EVT-CRD-RESPONSIBILITY-ASSIGNED","03-domain/contexts/BC04/events-slc15.md","1"
"EVT-CRD-RESPONSIBILITY-UPDATED","03-domain/contexts/BC04/events-slc15.md","1"
"EVT-CRP-ACCEPTED","03-domain/contexts/BC02/events-slc15.md","1"
"EVT-CRP-EXPIRED","03-domain/contexts/BC02/events-slc15.md","1"
"EVT-CRP-PROPOSED","03-domain/contexts/BC02/events-slc15.md","1"
"EVT-CRP-REJECTED","03-domain/contexts/BC02/events-slc15.md","1"
"EVT-CRP-REVIEW-STARTED","03-domain/contexts/BC02/events-slc15.md","1"
"EVT-CRQ-AMENDED","03-domain/contexts/BC02/events-slc14.md","1"
"EVT-CRQ-APPROVED","03-domain/contexts/BC02/events-slc14.md","1"
"EVT-CRQ-CANCELLED","03-domain/contexts/BC02/events-slc14.md","1"
"EVT-CRQ-DRAFTED","03-domain/contexts/BC02/events-slc14.md","1"
"EVT-CRQ-EDITED","03-domain/contexts/BC02/events-slc14.md","1"
"EVT-CRQ-EXPIRED","03-domain/contexts/BC02/events-slc14.md","1"
"EVT-CRQ-FULFILMENT-UPDATED","03-domain/contexts/BC02/events-slc14.md","1"
"EVT-CRQ-REJECTED","03-domain/contexts/BC02/events-slc14.md","1"
"EVT-CRQ-SATISFIED","03-domain/contexts/BC02/events-slc14.md","1"
"EVT-CRQ-SUBMITTED","03-domain/contexts/BC02/events-slc14.md","1"
"EVT-CRR-ACTIVATED","03-domain/contexts/BC02/events-slc15.md","1"
"EVT-CRR-DEFINED","03-domain/contexts/BC02/events-slc15.md","1"
"EVT-CRR-EDITED","03-domain/contexts/BC02/events-slc15.md","1"
"EVT-CRR-RETIRED","03-domain/contexts/BC02/events-slc15.md","1"
"EVT-DEC-ANNULLED","03-domain/contexts/BC04/events-slc08.md","1"
"EVT-DEC-RECORDED","03-domain/contexts/BC04/events-slc08.md","1"
"EVT-DEC-SUPERSEDED","03-domain/contexts/BC04/events-slc08.md","1"
"EVT-DEV-ACTIVATED","03-domain/contexts/BC01/events-slc11.md","1"
"EVT-DEV-ENROLL-REQUESTED","03-domain/contexts/BC01/events-slc11.md","1"
"EVT-DEV-KEY-ROTATED","03-domain/contexts/BC01/events-slc11.md","1"
"EVT-DEV-REINSTATED","03-domain/contexts/BC01/events-slc11.md","1"
"EVT-DEV-REPORTED-LOST","03-domain/contexts/BC01/events-slc11.md","1"
"EVT-DEV-RETIRED","03-domain/contexts/BC01/events-slc11.md","1"
"EVT-DEV-SUSPENDED","03-domain/contexts/BC01/events-slc11.md","1"
"EVT-DEV-WIPED","03-domain/contexts/BC01/events-slc11.md","1"
"EVT-DRQ-CITED","03-domain/contexts/BC04/events-slc08.md","1"
"EVT-DRQ-CREATED","03-domain/contexts/BC04/events-slc08.md","1"
"EVT-DRQ-DECIDED","03-domain/contexts/BC04/events-slc08.md","1"
"EVT-DRQ-ESCALATED","03-domain/contexts/BC04/events-slc08.md","1"
"EVT-DRQ-OPENED","03-domain/contexts/BC04/events-slc08.md","1"
"EVT-DRQ-OPTION-ADDED","03-domain/contexts/BC04/events-slc08.md","1"
"EVT-DRQ-WITHDRAWN","03-domain/contexts/BC04/events-slc08.md","1"
"EVT-DSP-APPROVED","03-domain/contexts/BC08/events-slc12a.md","1"
"EVT-DSP-CANCELLED","03-domain/contexts/BC08/events-slc12a.md","1"
"EVT-DSP-COMPLETED","03-domain/contexts/BC08/events-slc12a.md","1"
"EVT-DSP-COMPLETED-WITH-EXCEPTIONS","03-domain/contexts/BC08/events-slc12a.md","1"
"EVT-DSP-EXECUTING","03-domain/contexts/BC08/events-slc12a.md","1"
"EVT-DSP-PLANNED","03-domain/contexts/BC08/events-slc12a.md","1"
"EVT-DSP-SUBMITTED","03-domain/contexts/BC08/events-slc12a.md","1"
"EVT-DST-CANCELLED","03-domain/contexts/BC06/events-slc12.md","1"
"EVT-DST-COMPLETED","03-domain/contexts/BC06/events-slc12.md","1"
"EVT-DST-COMPLETED-WITH-EXCLUSIONS","03-domain/contexts/BC06/events-slc12.md","1"
"EVT-DST-STARTED","03-domain/contexts/BC06/events-slc12.md","1"
"EVT-ENT-RECLASSIFIED","03-domain/contexts/BC02/events-slc02.md","1"
"EVT-ENT-REGISTERED","03-domain/contexts/BC02/events-slc02.md","1"
"EVT-ENT-REINSTATED","03-domain/contexts/BC02/events-slc02.md","1"
"EVT-ENT-RETIRED","03-domain/contexts/BC02/events-slc02.md","1"
"EVT-ENT-TYPE-CHANGED","03-domain/contexts/BC02/events-slc02.md","1"
"EVT-ER-MATCH-CONFIRMED","03-domain/contexts/BC02/events-slc04.md","1"
"EVT-ER-MATCHED","03-domain/contexts/BC02/events-slc04.md","1"
"EVT-ER-NOT-MATCHED","03-domain/contexts/BC02/events-slc04.md","1"
"EVT-ER-PARKED","03-domain/contexts/BC02/events-slc04.md","1"
"EVT-ER-PROPOSED","03-domain/contexts/BC02/events-slc04.md","1"
"EVT-ER-RESUMED","03-domain/contexts/BC02/events-slc04.md","1"
"EVT-ER-REVIEW-STARTED","03-domain/contexts/BC02/events-slc04.md","1"
"EVT-ERS-APPROVED","03-domain/contexts/BC08/events-slc12a.md","1"
"EVT-ERS-BLOCKED","03-domain/contexts/BC08/events-slc12a.md","1"
"EVT-ERS-COMPLETED","03-domain/contexts/BC08/events-slc12a.md","1"
"EVT-ERS-EXECUTING","03-domain/contexts/BC08/events-slc12a.md","1"
"EVT-ER-SPLIT","03-domain/contexts/BC02/conflict-detection-engine.md;03-domain/contexts/BC02/events-slc04.md","2"
"EVT-ER-SPLIT-REQUESTED","03-domain/contexts/BC02/events-slc04.md","1"
"EVT-ERS-RECEIVED","03-domain/contexts/BC08/events-slc12a.md","1"
"EVT-ERS-REJECTED","03-domain/contexts/BC08/events-slc12a.md","1"
"EVT-ERS-SCOPED","03-domain/contexts/BC08/events-slc12a.md","1"
"EVT-ERS-UNBLOCKED","03-domain/contexts/BC08/events-slc12a.md","1"
"EVT-ER-WITHDRAWN","03-domain/contexts/BC02/events-slc04.md","1"
"EVT-EVD-CUSTODY-TRANSFERRED","03-domain/contexts/BC02/events-slc02.md","1"
"EVT-EVD-LOCATOR-UPDATED","03-domain/contexts/BC02/events-slc02.md","1"
"EVT-EVD-RECLASSIFIED","03-domain/contexts/BC02/events-slc02.md","1"
"EVT-EVD-REGISTERED","03-domain/contexts/BC02/events-slc02.md","1"
"EVT-EVD-SEALED","03-domain/contexts/BC02/events-slc02.md","1"
"EVT-EVD-WITHDRAWN","03-domain/contexts/BC02/events-slc02.md","1"
"EVT-EVL-LINKED","03-domain/contexts/BC02/events-slc02.md","1"
"EVT-EVL-UNLINKED","03-domain/contexts/BC02/events-slc02.md","1"
"EVT-EVS-ACTIVATED","03-domain/contexts/BC07/events-slc10.md","1"
"EVT-EVS-DRAFTED","03-domain/contexts/BC07/events-slc10.md","1"
"EVT-EVS-EDITED","03-domain/contexts/BC07/events-slc10.md","1"
"EVT-EVS-SUPERSEDED","03-domain/contexts/BC07/events-slc10.md","1"
"EVT-EXC-ACTIVATED","03-domain/contexts/BC08/events-slc01.md","1"
"EVT-EXC-EXPIRED","03-domain/contexts/BC08/events-slc01.md","1"
"EVT-EXC-FIRST-APPROVED","03-domain/contexts/BC08/events-slc01.md","1"
"EVT-EXC-REJECTED","03-domain/contexts/BC08/events-slc01.md","1"
"EVT-EXC-REQUESTED","03-domain/contexts/BC08/events-slc01.md","1"
"EVT-EXC-REVOKED","03-domain/contexts/BC08/events-slc01.md","1"
"EVT-EXR-ABORTED","03-domain/contexts/BC05/events-slc19.md","1"
"EVT-EXR-CANCELLED","03-domain/contexts/BC05/events-slc19.md","1"
"EVT-EXR-COMPLETED","03-domain/contexts/BC05/events-slc19.md","1"
"EVT-EXR-PLANNED","03-domain/contexts/BC05/events-slc19.md","1"
"EVT-EXR-SCHEDULED","03-domain/contexts/BC05/events-slc19.md","1"
"EVT-EXR-STARTED","03-domain/contexts/BC05/events-slc19.md","1"
"EVT-EXT-ENDED","03-domain/contexts/BC02/events-slc02.md","1"
"EVT-EXT-MAPPED","03-domain/contexts/BC02/events-slc02.md","1"
"EVT-FND-ACCEPTED","03-domain/contexts/BC03/events-slc07.md","1"
"EVT-FND-EDITED","03-domain/contexts/BC03/events-slc07.md","1"
"EVT-FND-RECORDED","03-domain/contexts/BC03/events-slc07.md","1"
"EVT-FND-WITHDRAWN","03-domain/contexts/BC03/events-slc07.md","1"
"EVT-HRS-APPROVED","03-domain/contexts/BC01/events-slc16.md","1"
"EVT-HRS-EXPIRED","03-domain/contexts/BC01/events-slc16.md","1"
"EVT-HRS-PROPOSED","03-domain/contexts/BC01/events-slc16.md","1"
"EVT-HRS-REJECTED","03-domain/contexts/BC01/events-slc16.md","1"
"EVT-HRS-SUPERSEDED","03-domain/contexts/BC01/events-slc16.md","1"
"EVT-IMP-CANCELLED","03-domain/contexts/BC02/events-slc02.md","1"
"EVT-IMP-COMPLETED","03-domain/contexts/BC02/events-slc02.md","1"
"EVT-IMP-COMPLETED-WITH-QUARANTINE","03-domain/contexts/BC02/events-slc02.md","1"
"EVT-IMP-FAILED","03-domain/contexts/BC02/events-slc02.md","1"
"EVT-IMP-PROCESSING-STARTED","03-domain/contexts/BC02/events-slc02.md","1"
"EVT-IMP-QUARANTINE-ACCEPTED","03-domain/contexts/BC02/events-slc02.md","1"
"EVT-IMP-RECEIVED","03-domain/contexts/BC02/events-slc02.md","1"
"EVT-IMP-REPROCESSING","03-domain/contexts/BC02/events-slc02.md","1"
"EVT-INC-ASSESSED","03-domain/contexts/BC04/events-slc17.md","1"
"EVT-INC-CANCELLED","03-domain/contexts/BC04/events-slc17.md","1"
"EVT-INC-CLOSED","03-domain/contexts/BC04/events-slc17.md","1"
"EVT-INC-CONTAINED","03-domain/contexts/BC04/events-slc17.md","1"
"EVT-INC-CONTINGENCY-ACTIVATED","03-domain/contexts/BC04/events-slc17.md","1"
"EVT-INC-DE-ESCALATED","03-domain/contexts/BC04/events-slc17.md","1"
"EVT-INC-ESCALATED","03-domain/contexts/BC04/events-slc17.md","1"
"EVT-INC-REPORTED","03-domain/contexts/BC04/events-slc17.md","1"
"EVT-INC-RESOLVED","03-domain/contexts/BC04/events-slc17.md","1"
"EVT-INC-RESPONSE-DISPATCHED","03-domain/contexts/BC04/events-slc17.md","1"
"EVT-INC-SLA-BREACHED","03-domain/contexts/BC04/events-slc17.md","1"
"EVT-KNO-DISCARDED","03-domain/contexts/BC06/events-slc12.md","1"
"EVT-KNO-DRAFTED","03-domain/contexts/BC06/events-slc12.md","1"
"EVT-KNO-EDITED","03-domain/contexts/BC06/events-slc12.md","1"
"EVT-KNO-PUBLISHED","03-domain/contexts/BC06/events-slc12.md","1"
"EVT-KNO-REJECTED","03-domain/contexts/BC06/events-slc12.md","1"
"EVT-KNO-RETIRED","03-domain/contexts/BC06/events-slc12.md","1"
"EVT-KNO-RETURNED","03-domain/contexts/BC06/events-slc12.md","1"
"EVT-KNO-REUSED","03-domain/contexts/BC06/events-slc12.md","1"
"EVT-KNO-SUBMITTED","03-domain/contexts/BC06/events-slc12.md","1"
"EVT-KNO-SUPERSEDED","03-domain/contexts/BC06/events-slc12.md","1"
"EVT-LGR-APPROVED","03-domain/contexts/BC05/events-slc18.md","1"
"EVT-LGR-CANCELLED","03-domain/contexts/BC05/events-slc18.md","1"
"EVT-LGR-DISPATCHED","03-domain/contexts/BC05/events-slc18.md","1"
"EVT-LGR-FULFILLED","03-domain/contexts/BC05/events-slc18.md","1"
"EVT-LGR-PARTIALLY-FULFILLED","03-domain/contexts/BC05/events-slc18.md","1"
"EVT-LGR-PENDING-APPROVAL","03-domain/contexts/BC05/events-slc18.md","1"
"EVT-LGR-REJECTED","03-domain/contexts/BC05/events-slc18.md","1"
"EVT-LGR-REQUESTED","03-domain/contexts/BC05/events-slc18.md","1"
"EVT-LHD-EXTENDED","03-domain/contexts/BC08/events-slc12a.md","1"
"EVT-LHD-PLACED","03-domain/contexts/BC08/events-slc12a.md","1"
"EVT-LHD-RELEASE-CANCELLED","03-domain/contexts/BC08/events-slc12a.md","1"
"EVT-LHD-RELEASED","03-domain/contexts/BC08/events-slc12a.md","1"
"EVT-LHD-RELEASE-REQUESTED","03-domain/contexts/BC08/events-slc12a.md","1"
"EVT-MDL-APPROVED","03-domain/contexts/BC07/events-slc10.md","1"
"EVT-MDL-DEPRECATED","03-domain/contexts/BC07/events-slc10.md","1"
"EVT-MDL-DRIFT-DETECTED","03-domain/contexts/BC07/events-slc10.md","1"
"EVT-MDL-EVALUATION-FAILED","03-domain/contexts/BC07/events-slc10.md","1"
"EVT-MDL-EVALUATION-STARTED","03-domain/contexts/BC07/events-slc10.md","1"
"EVT-MDL-PROMOTED","03-domain/contexts/BC07/events-slc10.md","1"
"EVT-MDL-REGISTERED","03-domain/contexts/BC07/events-slc10.md","1"
"EVT-MDL-REINSTATED","03-domain/contexts/BC07/events-slc10.md","1"
"EVT-MDL-RETIRED","03-domain/contexts/BC07/events-slc10.md","1"
"EVT-MDL-STAGED","03-domain/contexts/BC07/events-slc10.md","1"
"EVT-MNT-CANCELLED","03-domain/contexts/BC05/events-slc09.md","1"
"EVT-MNT-COMPLETED","03-domain/contexts/BC05/events-slc09.md","1"
"EVT-MNT-PLANNED","03-domain/contexts/BC05/events-slc09.md","1"
"EVT-MNT-RESCHEDULED","03-domain/contexts/BC05/events-slc09.md","1"
"EVT-MNT-STARTED","03-domain/contexts/BC05/events-slc09.md","1"
"EVT-MRS-ACTIVATED","03-domain/contexts/BC02/events-slc04.md","1"
"EVT-MRS-DRAFTED","03-domain/contexts/BC02/events-slc04.md","1"
"EVT-MRS-EDITED","03-domain/contexts/BC02/events-slc04.md","1"
"EVT-MRS-SUPERSEDED","03-domain/contexts/BC02/events-slc04.md","1"
"EVT-NTF-EXPIRED","03-domain/contexts/BC04/events-slc06.md","1"
"EVT-NTF-FAILED","03-domain/contexts/BC04/events-slc06.md","1"
"EVT-NTF-QUEUED","03-domain/contexts/BC04/events-slc06.md","1"
"EVT-NTF-READ","03-domain/contexts/BC04/events-slc06.md","1"
"EVT-NTF-SENT","03-domain/contexts/BC04/events-slc06.md","1"
"EVT-NTF-WITHHELD","03-domain/contexts/BC04/events-slc06.md","1"
"EVT-OBS-AMENDED","03-domain/contexts/BC02/events-slc02.md","1"
"EVT-OBS-EVIDENCE-ATTACHED","03-domain/contexts/BC02/events-slc02.md","1"
"EVT-OBS-RECLASSIFIED","03-domain/contexts/BC02/events-slc02.md","1"
"EVT-OBS-RECORDED","03-domain/contexts/BC02/events-slc02.md","1"
"EVT-OBS-REJECTED","03-domain/contexts/BC02/events-slc02.md","1"
"EVT-OBS-VALIDATED","03-domain/contexts/BC02/events-slc02.md","1"
"EVT-ORG-CREATED","03-domain/contexts/BC01/events-slc01.md","1"
"EVT-ORG-DEACTIVATED","03-domain/contexts/BC01/events-slc01.md","1"
"EVT-ORG-REACTIVATED","03-domain/contexts/BC01/events-slc01.md","1"
"EVT-ORG-RENAMED","03-domain/contexts/BC01/events-slc01.md","1"
"EVT-ORG-UNIT-ADDED","03-domain/contexts/BC01/events-slc01.md","1"
"EVT-ORG-UNIT-DEACTIVATED","03-domain/contexts/BC01/events-slc01.md","1"
"EVT-ORG-UNIT-MOVED","03-domain/contexts/BC01/events-slc01.md","1"
"EVT-ORG-UNIT-RENAMED","03-domain/contexts/BC01/events-slc01.md","1"
"EVT-OUT-MEASURED","03-domain/contexts/BC04/events-slc08.md","1"
"EVT-OUT-MEASUREMENT-CORRECTED","03-domain/contexts/BC04/events-slc08.md","1"
"EVT-OUT-TARGET-CHANGED","03-domain/contexts/BC04/events-slc08.md","1"
"EVT-OUT-TRACKER-CLOSED","03-domain/contexts/BC04/events-slc08.md","1"
"EVT-OUT-TRACKER-CREATED","03-domain/contexts/BC04/events-slc08.md","1"
"EVT-PER-DEACTIVATED","03-domain/contexts/BC01/events-slc01.md","1"
"EVT-PER-DETAILS-UPDATED","03-domain/contexts/BC01/events-slc01.md","1"
"EVT-PER-ERASED","03-domain/contexts/BC01/events-slc01.md","1"
"EVT-PER-REACTIVATED","03-domain/contexts/BC01/events-slc01.md","1"
"EVT-PER-REGISTERED","03-domain/contexts/BC01/events-slc01.md","1"
"EVT-PKG-BUILDING","03-domain/contexts/BC07/events-slc11.md","1"
"EVT-PKG-DOWNLOADED","03-domain/contexts/BC07/events-slc11.md","1"
"EVT-PKG-EXPIRED","03-domain/contexts/BC07/events-slc11.md","1"
"EVT-PKG-READY","03-domain/contexts/BC07/events-slc11.md","1"
"EVT-PKG-REQUESTED","03-domain/contexts/BC07/events-slc11.md","1"
"EVT-PKG-REVOKED","03-domain/contexts/BC07/events-slc11.md","1"
"EVT-PLN-ACTIVATED","03-domain/contexts/BC04/events-slc08.md","1"
"EVT-PLN-CANCELLED","03-domain/contexts/BC04/events-slc08.md","1"
"EVT-PLN-CLOSED","03-domain/contexts/BC04/events-slc08.md","1"
"EVT-PLN-COMPLETED","03-domain/contexts/BC04/events-slc08.md","1"
"EVT-PLN-CREATED","03-domain/contexts/BC04/events-slc08.md","1"
"EVT-PLN-RECLASSIFIED","03-domain/contexts/BC04/events-slc08.md","1"
"EVT-PLN-RESUMED","03-domain/contexts/BC04/events-slc08.md","1"
"EVT-PLN-REVIEW-FLAGGED","03-domain/contexts/BC04/events-slc08.md","1"
"EVT-PLN-SUSPENDED","03-domain/contexts/BC04/events-slc08.md","1"
"EVT-PLV-BASELINED","03-domain/contexts/BC04/events-slc08.md","1"
"EVT-PLV-DISCARDED","03-domain/contexts/BC04/events-slc08.md","1"
"EVT-PLV-DRAFTED","03-domain/contexts/BC04/events-slc08.md","1"
"EVT-PLV-EDITED","03-domain/contexts/BC04/events-slc08.md","1"
"EVT-PLV-MINOR-AMENDED","03-domain/contexts/BC04/events-slc08.md","1"
"EVT-PLV-REJECTED","03-domain/contexts/BC04/events-slc08.md","1"
"EVT-PLV-RETURNED","03-domain/contexts/BC04/events-slc08.md","1"
"EVT-PLV-SUBMITTED","03-domain/contexts/BC04/events-slc08.md","1"
"EVT-PLV-SUPERSEDED","03-domain/contexts/BC04/events-slc08.md","1"
"EVT-POL-ACTIVATED","03-domain/contexts/BC08/events-slc01.md","1"
"EVT-POL-APPROVED","03-domain/contexts/BC08/events-slc01.md","1"
"EVT-POL-DRAFTED","03-domain/contexts/BC08/events-slc01.md","1"
"EVT-POL-EDITED","03-domain/contexts/BC08/events-slc01.md","1"
"EVT-POL-REJECTED","03-domain/contexts/BC08/events-slc01.md","1"
"EVT-POL-SUBMITTED","03-domain/contexts/BC08/events-slc01.md","1"
"EVT-POL-SUPERSEDED","03-domain/contexts/BC08/events-slc01.md","1"
"EVT-PRD-APPROVED","03-domain/contexts/BC06/events-slc12.md","1"
"EVT-PRD-CREATED","03-domain/contexts/BC06/events-slc12.md","1"
"EVT-PRD-DISCARDED","03-domain/contexts/BC06/events-slc12.md","1"
"EVT-PRD-GENERATED","03-domain/contexts/BC06/events-slc12.md","1"
"EVT-PRD-GENERATION-FAILED","03-domain/contexts/BC06/events-slc12.md","1"
"EVT-PRD-GENERATION-STARTED","03-domain/contexts/BC06/events-slc12.md","1"
"EVT-PRD-NARRATIVE-EDITED","03-domain/contexts/BC06/events-slc12.md","1"
"EVT-PRD-RETURNED","03-domain/contexts/BC06/events-slc12.md","1"
"EVT-PRD-SUBMITTED","03-domain/contexts/BC06/events-slc12.md","1"
"EVT-PRD-SUPERSEDED","03-domain/contexts/BC06/events-slc12.md","1"
"EVT-PRD-WITHDRAWN","03-domain/contexts/BC06/events-slc12.md","1"
"EVT-PRJ-BUILD-STARTED","03-domain/contexts/BC07/events-slc05.md","1"
"EVT-PRJ-DEGRADED","03-domain/contexts/BC07/events-slc05.md","1"
"EVT-PRJ-FAILED","03-domain/contexts/BC07/events-slc05.md","1"
"EVT-PRJ-PROMOTED","03-domain/contexts/BC07/events-slc05.md","1"
"EVT-PRJ-READY","03-domain/contexts/BC07/events-slc05.md","1"
"EVT-PRJ-RECOVERED","03-domain/contexts/BC07/events-slc05.md","1"
"EVT-PRJ-RETIRED","03-domain/contexts/BC07/events-slc05.md","1"
"EVT-PTM-ACTIVATED","03-domain/contexts/BC06/events-slc12.md","1"
"EVT-PTM-DEFINED","03-domain/contexts/BC06/events-slc12.md","1"
"EVT-PTM-EDITED","03-domain/contexts/BC06/events-slc12.md","1"
"EVT-PTM-RETIRED","03-domain/contexts/BC06/events-slc12.md","1"
"EVT-QUAL-EXPIRED","03-domain/contexts/BC05/events-slc03.md","1"
"EVT-QUAL-RECORDED","03-domain/contexts/BC05/events-slc03.md","1"
"EVT-QUAL-REINSTATED","03-domain/contexts/BC05/events-slc03.md","1"
"EVT-QUAL-RENEWED","03-domain/contexts/BC05/events-slc03.md","1"
"EVT-QUAL-REVOKED","03-domain/contexts/BC05/events-slc03.md","1"
"EVT-QUAL-SUSPENDED","03-domain/contexts/BC05/events-slc03.md","1"
"EVT-RAS-ASSIGNED","03-domain/contexts/BC01/events-slc01.md","1"
"EVT-RAS-EXPIRED","03-domain/contexts/BC01/events-slc01.md","1"
"EVT-RAS-REVOKED","03-domain/contexts/BC01/events-slc01.md","1"
"EVT-REC-CANCELLED","03-domain/contexts/BC06/events-slc12.md","1"
"EVT-REC-COMPLETED","03-domain/contexts/BC06/events-slc12.md","1"
"EVT-REC-FAILED","03-domain/contexts/BC06/events-slc12.md","1"
"EVT-REC-REQUESTED","03-domain/contexts/BC06/events-slc12.md","1"
"EVT-REC-STARTED","03-domain/contexts/BC06/events-slc12.md","1"
"EVT-REL-RECLASSIFIED","03-domain/contexts/BC02/events-slc02.md","1"
"EVT-REL-REGISTERED","03-domain/contexts/BC02/events-slc02.md","1"
"EVT-REL-REINSTATED","03-domain/contexts/BC02/events-slc02.md","1"
"EVT-REL-RETIRED","03-domain/contexts/BC02/events-slc02.md","1"
"EVT-RIS-ASSESSED","03-domain/contexts/BC04/events-slc17.md","1"
"EVT-RIS-CLOSED","03-domain/contexts/BC04/events-slc17.md","1"
"EVT-RIS-IDENTIFIED","03-domain/contexts/BC04/events-slc17.md","1"
"EVT-RIS-MATERIALIZATION-LINKED","03-domain/contexts/BC04/events-slc17.md","1"
"EVT-RIS-REASSESSED","03-domain/contexts/BC04/events-slc17.md","1"
"EVT-RIS-TREATMENT-PLANNED","03-domain/contexts/BC04/events-slc17.md","1"
"EVT-ROL-ACTIVATED","03-domain/contexts/BC01/events-slc01.md","1"
"EVT-ROL-DEFINED","03-domain/contexts/BC01/events-slc01.md","1"
"EVT-ROL-PERMISSIONS-CHANGED","03-domain/contexts/BC01/events-slc01.md","1"
"EVT-ROL-RETIRED","03-domain/contexts/BC01/events-slc01.md","1"
"EVT-RPL-CAPACITY-ADJUSTED","03-domain/contexts/BC05/events-slc09.md","1"
"EVT-RPL-CLOSED","03-domain/contexts/BC05/events-slc09.md","1"
"EVT-RPL-CREATED","03-domain/contexts/BC05/events-slc09.md","1"
"EVT-RPL-RESUMED","03-domain/contexts/BC05/events-slc09.md","1"
"EVT-RPL-SUSPENDED","03-domain/contexts/BC05/events-slc09.md","1"
"EVT-RRQ-ACTIVATED","03-domain/contexts/BC05/events-slc09.md","1"
"EVT-RRQ-DEFINED","03-domain/contexts/BC05/events-slc09.md","1"
"EVT-RRQ-EDITED","03-domain/contexts/BC05/events-slc09.md","1"
"EVT-RRQ-RETIRED","03-domain/contexts/BC05/events-slc09.md","1"
"EVT-RSV-CANCELLED","03-domain/contexts/BC05/events-slc09.md","1"
"EVT-RSV-CONFIRMED","03-domain/contexts/BC05/events-slc09.md","1"
"EVT-RSV-EXPIRED","03-domain/contexts/BC05/events-slc09.md","1"
"EVT-RSV-HELD","03-domain/contexts/BC05/events-slc09.md","1"
"EVT-RSV-RELEASED","03-domain/contexts/BC05/events-slc09.md","1"
"EVT-RTG-ACTIVATED","03-domain/contexts/BC07/events-slc10.md","1"
"EVT-RTG-DISCARDED","03-domain/contexts/BC07/events-slc10.md","1"
"EVT-RTG-DRAFTED","03-domain/contexts/BC07/events-slc10.md","1"
"EVT-RTG-EDITED","03-domain/contexts/BC07/events-slc10.md","1"
"EVT-RTG-SUPERSEDED","03-domain/contexts/BC07/events-slc10.md","1"
"EVT-RTS-ACTIVATED","03-domain/contexts/BC08/events-slc12a.md","1"
"EVT-RTS-DISCARDED","03-domain/contexts/BC08/events-slc12a.md","1"
"EVT-RTS-DRAFTED","03-domain/contexts/BC08/events-slc12a.md","1"
"EVT-RTS-EDITED","03-domain/contexts/BC08/events-slc12a.md","1"
"EVT-RTS-SUPERSEDED","03-domain/contexts/BC08/events-slc12a.md","1"
"EVT-RUN-CANCELLED","03-domain/contexts/BC03/events-slc07.md","1"
"EVT-RUN-FAILED","03-domain/contexts/BC03/events-slc07.md","1"
"EVT-RUN-QUEUED","03-domain/contexts/BC03/events-slc07.md","1"
"EVT-RUN-STARTED","03-domain/contexts/BC03/events-slc07.md","1"
"EVT-RUN-SUCCEEDED","03-domain/contexts/BC03/events-slc07.md","1"
"EVT-RWE-RECLASSIFIED","03-domain/contexts/BC02/events-slc02.md","1"
"EVT-RWE-REGISTERED","03-domain/contexts/BC02/events-slc02.md","1"
"EVT-RWE-REINSTATED","03-domain/contexts/BC02/events-slc02.md","1"
"EVT-RWE-RETIRED","03-domain/contexts/BC02/events-slc02.md","1"
"EVT-RWE-TYPE-CHANGED","03-domain/contexts/BC02/events-slc02.md","1"
"EVT-SCF-ASSIGNED","03-domain/contexts/BC07/events-slc11.md","1"
"EVT-SCF-DISCARDED","03-domain/contexts/BC07/events-slc11.md","1"
"EVT-SCF-OPENED","03-domain/contexts/BC07/events-slc11.md","1"
"EVT-SCF-REAPPLIED","03-domain/contexts/BC07/events-slc11.md","1"
"EVT-SCF-RESOLVED-MANUALLY","03-domain/contexts/BC07/events-slc11.md","1"
"EVT-SCN-ACTIVATED","03-domain/contexts/BC05/events-slc19.md","1"
"EVT-SCN-DEFINED","03-domain/contexts/BC05/events-slc19.md","1"
"EVT-SCN-EDITED","03-domain/contexts/BC05/events-slc19.md","1"
"EVT-SCN-RETIRED","03-domain/contexts/BC05/events-slc19.md","1"
"EVT-SEC-VERSION-INCREMENTED","03-domain/contexts/BC01/events-slc01.md","1"
"EVT-SHP-CANCELLED","03-domain/contexts/BC05/events-slc18.md","1"
"EVT-SHP-CHECKPOINT-RECORDED","03-domain/contexts/BC05/events-slc18.md","1"
"EVT-SHP-DAMAGED","03-domain/contexts/BC05/events-slc18.md","1"
"EVT-SHP-DELIVERED","03-domain/contexts/BC05/events-slc18.md","1"
"EVT-SHP-DEPARTED","03-domain/contexts/BC05/events-slc18.md","1"
"EVT-SHP-LOST","03-domain/contexts/BC05/events-slc18.md","1"
"EVT-SHP-PLANNED","03-domain/contexts/BC05/events-slc18.md","1"
"EVT-SIM-ABORTED","03-domain/contexts/BC05/events-slc19.md","1"
"EVT-SIM-COMPLETED","03-domain/contexts/BC05/events-slc19.md","1"
"EVT-SIM-EVALUATION-RECORDED","03-domain/contexts/BC05/events-slc19.md","1"
"EVT-SIM-INJECT-DELIVERED","03-domain/contexts/BC05/events-slc19.md","1"
"EVT-SIM-PAUSED","03-domain/contexts/BC05/events-slc19.md","1"
"EVT-SIM-RESUMED","03-domain/contexts/BC05/events-slc19.md","1"
"EVT-SIM-STARTED","03-domain/contexts/BC05/events-slc19.md","1"
"EVT-SIT-ACTIVATED","03-domain/contexts/BC03/events-slc06.md","1"
"EVT-SIT-CLOSED","03-domain/contexts/BC03/events-slc06.md","1"
"EVT-SIT-CREATED","03-domain/contexts/BC03/events-slc06.md","1"
"EVT-SIT-DEFINITION-CHANGED","03-domain/contexts/BC03/events-slc06.md","1"
"EVT-SIT-PAUSED","03-domain/contexts/BC03/events-slc06.md","1"
"EVT-SIT-RECLASSIFIED","03-domain/contexts/BC03/events-slc06.md","1"
"EVT-SIT-RESUMED","03-domain/contexts/BC03/events-slc06.md","1"
"EVT-SNS-ACTIVATED","03-domain/contexts/BC07/events-slc16.md","1"
"EVT-SNS-PAUSED","03-domain/contexts/BC07/events-slc16.md","1"
"EVT-SNS-QUALITY-RULES-SET","03-domain/contexts/BC07/events-slc16.md","1"
"EVT-SNS-REGISTERED","03-domain/contexts/BC07/events-slc16.md","1"
"EVT-SNS-RETIRED","03-domain/contexts/BC07/events-slc16.md","1"
"EVT-SNS-STALE","03-domain/contexts/BC07/events-slc16.md","1"
"EVT-SRC-PROFILE-UPDATED","03-domain/contexts/BC02/events-slc02.md","1"
"EVT-SRC-PROTECTION-CHANGED","03-domain/contexts/BC02/events-slc02.md","1"
"EVT-SRC-RECLASSIFIED","03-domain/contexts/BC02/events-slc02.md","1"
"EVT-SRC-REGISTERED","03-domain/contexts/BC02/events-slc02.md","1"
"EVT-SRC-REINSTATED","03-domain/contexts/BC02/events-slc02.md","1"
"EVT-SRC-RELIABILITY-RATED","03-domain/contexts/BC02/events-slc02.md","1"
"EVT-SRC-RETIRED","03-domain/contexts/BC02/events-slc02.md","1"
"EVT-SRC-SUSPENDED","03-domain/contexts/BC02/events-slc02.md","1"
"EVT-SUB-CHANNELS-UPDATED","03-domain/contexts/BC04/events-slc06.md","1"
"EVT-SUB-ENDED","03-domain/contexts/BC04/events-slc06.md","1"
"EVT-SUB-PAUSED","03-domain/contexts/BC04/events-slc06.md","1"
"EVT-SUB-RESUMED","03-domain/contexts/BC04/events-slc06.md","1"
"EVT-SUB-SUBSCRIBED","03-domain/contexts/BC04/events-slc06.md","1"
"EVT-SVC-CLOSED","03-domain/contexts/BC01/events-slc01.md","1"
"EVT-SVC-CREATED","03-domain/contexts/BC01/events-slc01.md","1"
"EVT-SVC-CREDENTIAL-ROTATED","03-domain/contexts/BC01/events-slc01.md","1"
"EVT-SVC-DISABLED","03-domain/contexts/BC01/events-slc01.md","1"
"EVT-SVC-ENABLED","03-domain/contexts/BC01/events-slc01.md","1"
"EVT-SYN-BATCH-RECEIVED","03-domain/contexts/BC07/events-slc11.md","1"
"EVT-SYN-COMPLETED","03-domain/contexts/BC07/events-slc11.md","1"
"EVT-SYN-COMPLETED-WITH-CONFLICTS","03-domain/contexts/BC07/events-slc11.md","1"
"EVT-SYN-FAILED","03-domain/contexts/BC07/events-slc11.md","1"
"EVT-SYN-OPENED","03-domain/contexts/BC07/events-slc11.md","1"
"EVT-SYN-REJECTED","03-domain/contexts/BC07/events-slc11.md","1"
"EVT-TASK-ACCEPTED","03-domain/contexts/BC04/events-slc03.md","1"
"EVT-TASK-APPROVED","03-domain/contexts/BC04/events-slc03.md","1"
"EVT-TASK-ASSIGNED","03-domain/contexts/BC04/events-slc03.md","1"
"EVT-TASK-BLOCKED","03-domain/contexts/BC04/events-slc03.md","1"
"EVT-TASK-CANCELLED","03-domain/contexts/BC04/events-slc03.md","1"
"EVT-TASK-CLOSED","03-domain/contexts/BC04/events-slc03.md","1"
"EVT-TASK-COMPLETED","03-domain/contexts/BC04/events-slc03.md","1"
"EVT-TASK-CREATED","03-domain/contexts/BC04/events-slc03.md","1"
"EVT-TASK-DECLINED","03-domain/contexts/BC04/events-slc03.md","1"
"EVT-TASK-DUE-CHANGED","03-domain/contexts/BC04/events-slc03.md","1"
"EVT-TASK-EDITED","03-domain/contexts/BC04/events-slc03.md","1"
"EVT-TASK-ESCALATED","03-domain/contexts/BC04/events-slc03.md","1"
"EVT-TASK-EXPIRED","03-domain/contexts/BC04/events-slc03.md","1"
"EVT-TASK-READIED","03-domain/contexts/BC04/events-slc03.md","1"
"EVT-TASK-REASSIGNED","03-domain/contexts/BC04/events-slc03.md","1"
"EVT-TASK-RECLASSIFIED","03-domain/contexts/BC04/events-slc03.md","1"
"EVT-TASK-REJECTED","03-domain/contexts/BC04/events-slc03.md","1"
"EVT-TASK-RESULT-ITEM-ADDED","03-domain/contexts/BC04/events-slc03.md","1"
"EVT-TASK-RESUMED","03-domain/contexts/BC04/events-slc03.md","1"
"EVT-TASK-RETURNED-FOR-REWORK","03-domain/contexts/BC04/events-slc03.md","1"
"EVT-TASK-REVIEW-STARTED","03-domain/contexts/BC04/events-slc03.md","1"
"EVT-TASK-STARTED","03-domain/contexts/BC04/events-slc03.md","1"
"EVT-TASK-SUBMITTED","03-domain/contexts/BC04/events-slc03.md","1"
"EVT-TASK-SUPERSEDED","03-domain/contexts/BC04/events-slc03.md","1"
"EVT-TASK-SUSPENDED","03-domain/contexts/BC04/events-slc03.md","1"
"EVT-TASK-UNSUSPENDED","03-domain/contexts/BC04/events-slc03.md","1"
"EVT-TEN-ACTIVATED","03-domain/contexts/BC01/events-slc01.md","1"
"EVT-TEN-DECOMMISSIONED","03-domain/contexts/BC01/events-slc01.md","1"
"EVT-TEN-DECOMMISSION-STARTED","03-domain/contexts/BC01/events-slc01.md","1"
"EVT-TEN-MIGRATED","03-domain/contexts/BC01/events-slc01.md","1"
"EVT-TEN-MIGRATION-STARTED","03-domain/contexts/BC01/events-slc01.md","1"
"EVT-TEN-PROVISIONING-FAILED","03-domain/contexts/BC01/events-slc01.md","1"
"EVT-TEN-PROVISIONING-STARTED","03-domain/contexts/BC01/events-slc01.md","1"
"EVT-TEN-QUOTAS-UPDATED","03-domain/contexts/BC01/events-slc01.md","1"
"EVT-TEN-REACTIVATED","03-domain/contexts/BC01/events-slc01.md","1"
"EVT-TEN-SUSPENDED","03-domain/contexts/BC01/events-slc01.md","1"
"EVT-TOL-ACTIVATED","03-domain/contexts/BC07/events-slc10.md","1"
"EVT-TOL-DISABLED","03-domain/contexts/BC07/events-slc10.md","1"
"EVT-TOL-ENABLED","03-domain/contexts/BC07/events-slc10.md","1"
"EVT-TOL-REGISTERED","03-domain/contexts/BC07/events-slc10.md","1"
"EVT-TOL-RETIRED","03-domain/contexts/BC07/events-slc10.md","1"
"EVT-TTY-ACTIVATED","03-domain/contexts/BC04/events-slc03.md","1"
"EVT-TTY-DEFINED","03-domain/contexts/BC04/events-slc03.md","1"
"EVT-TTY-EDITED","03-domain/contexts/BC04/events-slc03.md","1"
"EVT-TTY-RETIRED","03-domain/contexts/BC04/events-slc03.md","1"
"EVT-USR-ACTIVATED","03-domain/contexts/BC01/events-slc01.md","1"
"EVT-USR-CLOSED","03-domain/contexts/BC01/events-slc01.md","1"
"EVT-USR-DISABLED","03-domain/contexts/BC01/events-slc01.md","1"
"EVT-USR-ENABLED","03-domain/contexts/BC01/events-slc01.md","1"
"EVT-USR-IDENTITY-LINKED","03-domain/contexts/BC01/events-slc01.md","1"
"EVT-USR-IDENTITY-UNLINKED","03-domain/contexts/BC01/events-slc01.md","1"
"EVT-USR-LOCKED","03-domain/contexts/BC01/events-slc01.md","1"
"EVT-USR-PERSON-LINKED","03-domain/contexts/BC01/events-slc01.md","1"
"EVT-USR-PROVISIONED","03-domain/contexts/BC01/events-slc01.md","1"
"EVT-USR-UNLOCKED","03-domain/contexts/BC01/events-slc01.md","1"
"FIT-01","13-verification/fitness-functions.md","1"
"FIT-02","13-verification/fitness-functions.md","1"
"FIT-03","13-verification/fitness-functions.md","1"
"FIT-04","13-verification/fitness-functions.md","1"
"FIT-05","13-verification/fitness-functions.md","1"
"FIT-06","13-verification/fitness-functions.md","1"
"FIT-07","13-verification/fitness-functions.md","1"
"FIT-08","13-verification/fitness-functions.md","1"
"FIT-09","13-verification/fitness-functions.md","1"
"FIT-10","13-verification/fitness-functions.md","1"
"FIT-11","13-verification/fitness-functions.md","1"
"FIT-12","13-verification/fitness-functions.md","1"
"FIT-13","13-verification/fitness-functions.md","1"
"FIT-14","13-verification/fitness-functions.md","1"
"FIT-15","13-verification/fitness-functions.md","1"
"FIT-16","13-verification/fitness-functions.md","1"
"FIT-17","13-verification/fitness-functions.md","1"
"FIT-18","13-verification/fitness-functions.md","1"
"FIT-19","13-verification/fitness-functions.md","1"
"FITNESS-FUNCTIONS","13-verification/fitness-functions.md","1"
"FMEA-SLC01","09-reliability/fmea-slc01.md","1"
"FMEA-SLC02","09-reliability/fmea-slc02.md","1"
"FMEA-SLC03","09-reliability/fmea-slc03.md","1"
"FMEA-SLC04","09-reliability/fmea-slc04.md","1"
"FMEA-SLC05","09-reliability/fmea-slc05.md","1"
"FMEA-SLC06","09-reliability/fmea-slc06.md","1"
"FMEA-SLC07","09-reliability/fmea-slc07.md","1"
"FMEA-SLC08","09-reliability/fmea-slc08.md","1"
"FMEA-SLC09","09-reliability/fmea-slc09.md","1"
"FMEA-SLC10","09-reliability/fmea-slc10.md","1"
"FMEA-SLC11","09-reliability/fmea-slc11.md","1"
"FMEA-SLC12","09-reliability/fmea-slc12.md","1"
"FMEA-SLC12A","09-reliability/fmea-slc12a.md","1"
"FMEA-SLC14","09-reliability/fmea-slc14.md","1"
"FMEA-SLC15","09-reliability/fmea-slc15.md","1"
"FMEA-SLC16","09-reliability/fmea-slc16.md","1"
"FMEA-SLC17","09-reliability/fmea-slc17.md","1"
"FMEA-SLC18","09-reliability/fmea-slc18.md","1"
"FMEA-SLC19","09-reliability/fmea-slc19.md","1"
"FM-S01-01","09-reliability/fmea-slc01.md","1"
"FM-S01-02","09-reliability/fmea-slc01.md","1"
"FM-S01-03","09-reliability/fmea-slc01.md","1"
"FM-S01-04","09-reliability/fmea-slc01.md","1"
"FM-S01-05","09-reliability/fmea-slc01.md","1"
"FM-S01-06","09-reliability/fmea-slc01.md","1"
"FM-S01-07","09-reliability/fmea-slc01.md","1"
"FM-S01-08","09-reliability/fmea-slc01.md","1"
"FM-S01-09","09-reliability/fmea-slc01.md","1"
"FM-S02-01","09-reliability/fmea-slc02.md","1"
"FM-S02-02","09-reliability/fmea-slc02.md","1"
"FM-S02-03","09-reliability/fmea-slc02.md","1"
"FM-S02-04","09-reliability/fmea-slc02.md","1"
"FM-S02-05","09-reliability/fmea-slc02.md","1"
"FM-S02-06","09-reliability/fmea-slc02.md","1"
"FM-S02-07","09-reliability/fmea-slc02.md","1"
"FM-S02-08","09-reliability/fmea-slc02.md","1"
"FM-S03-01","09-reliability/fmea-slc03.md","1"
"FM-S03-02","09-reliability/fmea-slc03.md","1"
"FM-S03-03","09-reliability/fmea-slc03.md","1"
"FM-S03-04","09-reliability/fmea-slc03.md","1"
"FM-S04-01","09-reliability/fmea-slc04.md","1"
"FM-S04-02","09-reliability/fmea-slc04.md","1"
"FM-S04-03","09-reliability/fmea-slc04.md","1"
"FM-S04-04","09-reliability/fmea-slc04.md","1"
"FM-S05-01","09-reliability/fmea-slc05.md","1"
"FM-S05-02","09-reliability/fmea-slc05.md","1"
"FM-S05-03","09-reliability/fmea-slc05.md","1"
"FM-S05-04","09-reliability/fmea-slc05.md","1"
"FM-S05-05","09-reliability/fmea-slc05.md","1"
"FM-S06-01","09-reliability/fmea-slc06.md","1"
"FM-S06-02","09-reliability/fmea-slc06.md","1"
"FM-S06-03","09-reliability/fmea-slc06.md","1"
"FM-S06-04","09-reliability/fmea-slc06.md","1"
"FM-S06-05","09-reliability/fmea-slc06.md","1"
"FM-S07-01","09-reliability/fmea-slc07.md","1"
"FM-S07-02","09-reliability/fmea-slc07.md","1"
"FM-S07-03","09-reliability/fmea-slc07.md","1"
"FM-S07-04","09-reliability/fmea-slc07.md","1"
"FM-S08-01","09-reliability/fmea-slc08.md","1"
"FM-S08-02","09-reliability/fmea-slc08.md","1"
"FM-S08-03","09-reliability/fmea-slc08.md","1"
"FM-S09-01","09-reliability/fmea-slc09.md","1"
"FM-S09-02","09-reliability/fmea-slc09.md","1"
"FM-S09-03","09-reliability/fmea-slc09.md","1"
"FM-S10-01","09-reliability/fmea-slc10.md","1"
"FM-S10-02","09-reliability/fmea-slc10.md","1"
"FM-S10-03","09-reliability/fmea-slc10.md","1"
"FM-S10-04","09-reliability/fmea-slc10.md","1"
"FM-S11-01","09-reliability/fmea-slc11.md","1"
"FM-S11-02","09-reliability/fmea-slc11.md","1"
"FM-S11-03","09-reliability/fmea-slc11.md","1"
"FM-S11-04","09-reliability/fmea-slc11.md","1"
"FM-S12-01","09-reliability/fmea-slc12a.md","1"
"FM-S12-02","09-reliability/fmea-slc12a.md","1"
"FM-S12-03","09-reliability/fmea-slc12a.md","1"
"FM-S12-P1","09-reliability/fmea-slc12.md","1"
"FM-S12-P2","09-reliability/fmea-slc12.md","1"
"FM-S12-P3","09-reliability/fmea-slc12.md","1"
"FM-S14-01","09-reliability/fmea-slc14.md","1"
"FM-S15-01","09-reliability/fmea-slc15.md","1"
"FM-S16-01","09-reliability/fmea-slc16.md","1"
"FM-S16-02","09-reliability/fmea-slc16.md","1"
"FM-S17-01","09-reliability/fmea-slc17.md","1"
"FM-S17-02","09-reliability/fmea-slc17.md","1"
"FM-S18-01","09-reliability/fmea-slc18.md","1"
"FM-S18-02","09-reliability/fmea-slc18.md","1"
"FM-S19-01","09-reliability/fmea-slc19.md","1"
"FM-S19-02","09-reliability/fmea-slc19.md","1"
"GATE-FINAL-R1","16-reports/gate-reports/GATE-STATUS-FINAL-R1.md","1"
"GATE-SLC01","16-reports/gate-reports/GATE-STATUS-SLC01.md","1"
"GATE-SLC02","16-reports/gate-reports/GATE-STATUS-SLC02.md","1"
"GATE-SLC03","16-reports/gate-reports/GATE-STATUS-SLC03.md","1"
"GATE-SLC04","16-reports/gate-reports/GATE-STATUS-SLC04.md","1"
"GATE-SLC05","16-reports/gate-reports/GATE-STATUS-SLC05.md","1"
"GATE-SLC06","16-reports/gate-reports/GATE-STATUS-SLC06.md","1"
"GATE-SLC07","16-reports/gate-reports/GATE-STATUS-SLC07.md","1"
"GATE-SLC08","16-reports/gate-reports/GATE-STATUS-SLC08.md","1"
"GATE-SLC11","16-reports/gate-reports/GATE-STATUS-SLC11.md","1"
"GATE-SLC12A","16-reports/gate-reports/GATE-STATUS-SLC12a.md","1"
"GATE-W0","16-reports/gate-reports/GATE-STATUS-W0.md","1"
"GATE-W1","16-reports/gate-reports/GATE-STATUS-W1.md","1"
"GATE-W2","16-reports/gate-reports/GATE-STATUS-W2.md","1"
"GATE-W3","16-reports/gate-reports/GATE-STATUS-W3.md","1"
"GATE-W8","16-reports/gate-reports/GATE-STATUS-W8.md","1"
"HAP-01","00-governance/RATIFICATION-PACKAGE.md;00-governance/registers/human-approvals.md","2"
"HAP-02","00-governance/RATIFICATION-PACKAGE.md;00-governance/registers/human-approvals.md","2"
"HAP-03","00-governance/RATIFICATION-PACKAGE.md;00-governance/registers/human-approvals.md","2"
"HAP-04","00-governance/RATIFICATION-PACKAGE.md;00-governance/registers/human-approvals.md","2"
"HAP-05","00-governance/RATIFICATION-PACKAGE.md;00-governance/registers/human-approvals.md","2"
"HAP-06","00-governance/RATIFICATION-PACKAGE.md;00-governance/registers/human-approvals.md","2"
"HAP-07","00-governance/RATIFICATION-PACKAGE.md;00-governance/registers/human-approvals.md","2"
"HAP-08","00-governance/RATIFICATION-PACKAGE.md;00-governance/registers/human-approvals.md","2"
"HAP-09","00-governance/RATIFICATION-PACKAGE.md;00-governance/registers/human-approvals.md","2"
"HAP-10","00-governance/RATIFICATION-PACKAGE.md;00-governance/registers/human-approvals.md","2"
"HAP-11","00-governance/RATIFICATION-PACKAGE.md;00-governance/registers/human-approvals.md","2"
"INV-ACS-01","03-domain/contexts/BC03/aggregates/AGG-ANALYSIS-CASE.md","1"
"INV-ACS-02","03-domain/contexts/BC03/aggregates/AGG-ANALYSIS-CASE.md","1"
"INV-ACS-03","03-domain/contexts/BC03/aggregates/AGG-ANALYSIS-CASE.md","1"
"INV-ACS-04","03-domain/contexts/BC03/aggregates/AGG-ANALYSIS-CASE.md","1"
"INV-ADP-01","03-domain/contexts/BC07/aggregates/AGG-ADAPTER.md","1"
"INV-ADP-02","03-domain/contexts/BC07/aggregates/AGG-ADAPTER.md","1"
"INV-ADP-03","03-domain/contexts/BC07/aggregates/AGG-ADAPTER.md","1"
"INV-AIR-01","03-domain/contexts/BC07/aggregates/AGG-AI-REQUEST.md","1"
"INV-AIR-02","03-domain/contexts/BC07/aggregates/AGG-AI-REQUEST.md","1"
"INV-AIR-03","03-domain/contexts/BC07/aggregates/AGG-AI-REQUEST.md","1"
"INV-AIR-04","03-domain/contexts/BC07/aggregates/AGG-AI-REQUEST.md","1"
"INV-AIR-05","03-domain/contexts/BC07/aggregates/AGG-AI-REQUEST.md","1"
"INV-AIRS-01","03-domain/contexts/BC07/aggregates/AGG-AI-RESULT.md","1"
"INV-AIRS-02","03-domain/contexts/BC07/aggregates/AGG-AI-RESULT.md","1"
"INV-AIRS-03","03-domain/contexts/BC07/aggregates/AGG-AI-RESULT.md","1"
"INV-ALC-01","03-domain/contexts/BC05/aggregates/AGG-ALLOCATION.md","1"
"INV-ALC-02","03-domain/contexts/BC05/aggregates/AGG-ALLOCATION.md","1"
"INV-ALC-03","03-domain/contexts/BC05/aggregates/AGG-ALLOCATION.md","1"
"INV-ALC-04","03-domain/contexts/BC05/aggregates/AGG-ALLOCATION.md","1"
"INV-ALR-01","03-domain/contexts/BC03/aggregates/AGG-ALERT.md","1"
"INV-ALR-02","03-domain/contexts/BC03/aggregates/AGG-ALERT.md","1"
"INV-ALR-03","03-domain/contexts/BC03/aggregates/AGG-ALERT.md","1"
"INV-AMT-01","03-domain/contexts/BC03/aggregates/AGG-ANALYSIS-METHOD.md","1"
"INV-AMT-02","03-domain/contexts/BC03/aggregates/AGG-ANALYSIS-METHOD.md","1"
"INV-ARC-01","03-domain/contexts/BC06/aggregates/AGG-ARCHIVE-PACKAGE.md","1"
"INV-ARC-02","03-domain/contexts/BC06/aggregates/AGG-ARCHIVE-PACKAGE.md","1"
"INV-ARC-03","03-domain/contexts/BC06/aggregates/AGG-ARCHIVE-PACKAGE.md","1"
"INV-ARC-04","03-domain/contexts/BC06/aggregates/AGG-ARCHIVE-PACKAGE.md","1"
"INV-ARL-01","03-domain/contexts/BC03/aggregates/AGG-ALERT-RULE.md","1"
"INV-ARL-02","03-domain/contexts/BC03/aggregates/AGG-ALERT-RULE.md","1"
"INV-ARL-03","03-domain/contexts/BC03/aggregates/AGG-ALERT-RULE.md","1"
"INV-ASG-01","03-domain/contexts/BC05/aggregates/AGG-ASSET-ASSIGNMENT.md","1"
"INV-ASG-02","03-domain/contexts/BC05/aggregates/AGG-ASSET-ASSIGNMENT.md","1"
"INV-ASM-01","03-domain/contexts/BC03/aggregates/AGG-ASSESSMENT.md","1"
"INV-ASM-02","03-domain/contexts/BC03/aggregates/AGG-ASSESSMENT.md","1"
"INV-ASM-03","03-domain/contexts/BC03/aggregates/AGG-ASSESSMENT.md","1"
"INV-ASM-04","03-domain/contexts/BC03/aggregates/AGG-ASSESSMENT.md","1"
"INV-AST-01","03-domain/contexts/BC05/aggregates/AGG-ASSET.md","1"
"INV-AST-02","03-domain/contexts/BC05/aggregates/AGG-ASSET.md","1"
"INV-AST-03","03-domain/contexts/BC05/aggregates/AGG-ASSET.md","1"
"INV-AST-04","03-domain/contexts/BC05/aggregates/AGG-ASSET.md","1"
"INV-ATT-01","03-domain/contexts/BC02/aggregates/AGG-ATTACHMENT.md","1"
"INV-ATT-02","03-domain/contexts/BC02/aggregates/AGG-ATTACHMENT.md","1"
"INV-ATT-03","03-domain/contexts/BC02/aggregates/AGG-ATTACHMENT.md","1"
"INV-ATT-04","03-domain/contexts/BC02/aggregates/AGG-ATTACHMENT.md","1"
"INV-AUT-01","03-domain/contexts/BC01/aggregates/AGG-AUTHORITY-GRANT.md","1"
"INV-AUT-02","03-domain/contexts/BC01/aggregates/AGG-AUTHORITY-GRANT.md","1"
"INV-AUT-03","03-domain/contexts/BC01/aggregates/AGG-AUTHORITY-GRANT.md","1"
"INV-AUT-04","03-domain/contexts/BC01/aggregates/AGG-AUTHORITY-GRANT.md","1"
"INV-CAP-01","03-domain/contexts/BC03/aggregates/AGG-CAP-MESSAGE.md","1"
"INV-CAP-02","03-domain/contexts/BC03/aggregates/AGG-CAP-MESSAGE.md","1"
"INV-CAP-03","03-domain/contexts/BC03/aggregates/AGG-CAP-MESSAGE.md","1"
"INV-CLM-01","03-domain/contexts/BC02/aggregates/AGG-CLAIM.md","1"
"INV-CLM-02","03-domain/contexts/BC02/aggregates/AGG-CLAIM.md","1"
"INV-CLM-03","03-domain/contexts/BC02/aggregates/AGG-CLAIM.md","1"
"INV-CLM-04","03-domain/contexts/BC02/aggregates/AGG-CLAIM.md","1"
"INV-CLM-05","03-domain/contexts/BC02/aggregates/AGG-CLAIM.md","1"
"INV-CLR-01","03-domain/contexts/BC01/aggregates/AGG-CLEARANCE.md","1"
"INV-CLR-02","03-domain/contexts/BC01/aggregates/AGG-CLEARANCE.md","1"
"INV-CLR-03","03-domain/contexts/BC01/aggregates/AGG-CLEARANCE.md","1"
"INV-CLR-04","03-domain/contexts/BC01/aggregates/AGG-CLEARANCE.md","1"
"INV-CLS-01","03-domain/contexts/BC08/aggregates/AGG-CLASSIFICATION-SCHEME.md","1"
"INV-CLS-02","03-domain/contexts/BC08/aggregates/AGG-CLASSIFICATION-SCHEME.md","1"
"INV-CLS-03","03-domain/contexts/BC08/aggregates/AGG-CLASSIFICATION-SCHEME.md","1"
"INV-CLS-04","03-domain/contexts/BC08/aggregates/AGG-CLASSIFICATION-SCHEME.md","1"
"INV-CNF-01","03-domain/contexts/BC02/aggregates/AGG-CONFLICT.md","1"
"INV-CNF-02","03-domain/contexts/BC02/aggregates/AGG-CONFLICT.md","1"
"INV-CNF-03","03-domain/contexts/BC02/aggregates/AGG-CONFLICT.md","1"
"INV-CNF-04","03-domain/contexts/BC02/aggregates/AGG-CONFLICT.md","1"
"INV-CNF-05","03-domain/contexts/BC02/aggregates/AGG-CONFLICT.md","1"
"INV-CON-01","03-domain/contexts/BC07/aggregates/AGG-INTEGRATION-CONNECTION.md","1"
"INV-CON-02","03-domain/contexts/BC07/aggregates/AGG-INTEGRATION-CONNECTION.md","1"
"INV-CON-03","03-domain/contexts/BC07/aggregates/AGG-INTEGRATION-CONNECTION.md","1"
"INV-CPL-01","03-domain/contexts/BC02/aggregates/AGG-COLLECTION-PLAN.md","1"
"INV-CPL-02","03-domain/contexts/BC02/aggregates/AGG-COLLECTION-PLAN.md","1"
"INV-CRD-01","03-domain/contexts/BC04/aggregates/AGG-COORDINATION-CASE.md","1"
"INV-CRD-02","03-domain/contexts/BC04/aggregates/AGG-COORDINATION-CASE.md","1"
"INV-CRD-03","03-domain/contexts/BC04/aggregates/AGG-COORDINATION-CASE.md","1"
"INV-CRD-04","03-domain/contexts/BC04/aggregates/AGG-COORDINATION-CASE.md","1"
"INV-CRP-01","03-domain/contexts/BC02/aggregates/AGG-CORRELATION-PROPOSAL.md","1"
"INV-CRP-02","03-domain/contexts/BC02/aggregates/AGG-CORRELATION-PROPOSAL.md","1"
"INV-CRP-03","03-domain/contexts/BC02/aggregates/AGG-CORRELATION-PROPOSAL.md","1"
"INV-CRP-04","03-domain/contexts/BC02/aggregates/AGG-CORRELATION-PROPOSAL.md","1"
"INV-CRQ-01","03-domain/contexts/BC02/aggregates/AGG-COLLECTION-REQUIREMENT.md","1"
"INV-CRQ-02","03-domain/contexts/BC02/aggregates/AGG-COLLECTION-REQUIREMENT.md","1"
"INV-CRQ-03","03-domain/contexts/BC02/aggregates/AGG-COLLECTION-REQUIREMENT.md","1"
"INV-CRQ-04","03-domain/contexts/BC02/aggregates/AGG-COLLECTION-REQUIREMENT.md","1"
"INV-CRR-01","03-domain/contexts/BC02/aggregates/AGG-CORRELATION-RULE.md","1"
"INV-CRR-02","03-domain/contexts/BC02/aggregates/AGG-CORRELATION-RULE.md","1"
"INV-DEC-01","03-domain/contexts/BC04/aggregates/AGG-DECISION.md","1"
"INV-DEC-02","03-domain/contexts/BC04/aggregates/AGG-DECISION.md","1"
"INV-DEC-03","03-domain/contexts/BC04/aggregates/AGG-DECISION.md","1"
"INV-DEC-04","03-domain/contexts/BC04/aggregates/AGG-DECISION.md","1"
"INV-DEV-01","03-domain/contexts/BC01/aggregates/AGG-DEVICE.md","1"
"INV-DEV-02","03-domain/contexts/BC01/aggregates/AGG-DEVICE.md","1"
"INV-DEV-03","03-domain/contexts/BC01/aggregates/AGG-DEVICE.md","1"
"INV-DEV-04","03-domain/contexts/BC01/aggregates/AGG-DEVICE.md","1"
"INV-DRQ-01","03-domain/contexts/BC04/aggregates/AGG-DECISION-REQUEST.md","1"
"INV-DRQ-02","03-domain/contexts/BC04/aggregates/AGG-DECISION-REQUEST.md","1"
"INV-DRQ-03","03-domain/contexts/BC04/aggregates/AGG-DECISION-REQUEST.md","1"
"INV-DSP-01","03-domain/contexts/BC08/aggregates/AGG-DISPOSITION-RUN.md","1"
"INV-DSP-02","03-domain/contexts/BC08/aggregates/AGG-DISPOSITION-RUN.md","1"
"INV-DSP-03","03-domain/contexts/BC08/aggregates/AGG-DISPOSITION-RUN.md","1"
"INV-DSP-04","03-domain/contexts/BC08/aggregates/AGG-DISPOSITION-RUN.md","1"
"INV-DST-01","03-domain/contexts/BC06/aggregates/AGG-DISTRIBUTION.md","1"
"INV-DST-02","03-domain/contexts/BC06/aggregates/AGG-DISTRIBUTION.md","1"
"INV-DST-03","03-domain/contexts/BC06/aggregates/AGG-DISTRIBUTION.md","1"
"INV-ENT-01","03-domain/contexts/BC02/aggregates/AGG-ENTITY.md","1"
"INV-ENT-02","03-domain/contexts/BC02/aggregates/AGG-ENTITY.md","1"
"INV-ENT-03","03-domain/contexts/BC02/aggregates/AGG-ENTITY.md","1"
"INV-ER-01","03-domain/contexts/BC02/aggregates/AGG-ER-CASE.md","1"
"INV-ER-02","03-domain/contexts/BC02/aggregates/AGG-ER-CASE.md","1"
"INV-ER-03","03-domain/contexts/BC02/aggregates/AGG-ER-CASE.md","1"
"INV-ER-04","03-domain/contexts/BC02/aggregates/AGG-ER-CASE.md","1"
"INV-ER-05","03-domain/contexts/BC02/aggregates/AGG-ER-CASE.md","1"
"INV-ER-06","03-domain/contexts/BC02/aggregates/AGG-ER-CASE.md","1"
"INV-ERS-01","03-domain/contexts/BC08/aggregates/AGG-ERASURE-REQUEST.md","1"
"INV-ERS-02","03-domain/contexts/BC08/aggregates/AGG-ERASURE-REQUEST.md","1"
"INV-ERS-03","03-domain/contexts/BC08/aggregates/AGG-ERASURE-REQUEST.md","1"
"INV-ERS-04","03-domain/contexts/BC08/aggregates/AGG-ERASURE-REQUEST.md","1"
"INV-EVD-01","03-domain/contexts/BC02/aggregates/AGG-EVIDENCE.md","1"
"INV-EVD-02","03-domain/contexts/BC02/aggregates/AGG-EVIDENCE.md","1"
"INV-EVD-03","03-domain/contexts/BC02/aggregates/AGG-EVIDENCE.md","1"
"INV-EVL-01","03-domain/contexts/BC02/aggregates/AGG-EVIDENCE-LINK.md","1"
"INV-EVL-02","03-domain/contexts/BC02/aggregates/AGG-EVIDENCE-LINK.md","1"
"INV-EVS-01","03-domain/contexts/BC07/aggregates/AGG-EVAL-SUITE.md","1"
"INV-EVS-02","03-domain/contexts/BC07/aggregates/AGG-EVAL-SUITE.md","1"
"INV-EXC-01","03-domain/contexts/BC08/aggregates/AGG-SECURITY-EXCEPTION.md","1"
"INV-EXC-02","03-domain/contexts/BC08/aggregates/AGG-SECURITY-EXCEPTION.md","1"
"INV-EXC-03","03-domain/contexts/BC08/aggregates/AGG-SECURITY-EXCEPTION.md","1"
"INV-EXR-01","03-domain/contexts/BC05/aggregates/AGG-EXERCISE.md","1"
"INV-EXR-02","03-domain/contexts/BC05/aggregates/AGG-EXERCISE.md","1"
"INV-EXT-01","03-domain/contexts/BC02/aggregates/AGG-EXTERNAL-ID.md","1"
"INV-EXT-02","03-domain/contexts/BC02/aggregates/AGG-EXTERNAL-ID.md","1"
"INV-FND-01","03-domain/contexts/BC03/aggregates/AGG-FINDING.md","1"
"INV-FND-02","03-domain/contexts/BC03/aggregates/AGG-FINDING.md","1"
"INV-HRS-01","03-domain/contexts/BC01/aggregates/AGG-HR-SYNC-PROPOSAL.md","1"
"INV-HRS-02","03-domain/contexts/BC01/aggregates/AGG-HR-SYNC-PROPOSAL.md","1"
"INV-HRS-03","03-domain/contexts/BC01/aggregates/AGG-HR-SYNC-PROPOSAL.md","1"
"INV-IMP-01","03-domain/contexts/BC02/aggregates/AGG-IMPORT-BATCH.md","1"
"INV-IMP-02","03-domain/contexts/BC02/aggregates/AGG-IMPORT-BATCH.md","1"
"INV-IMP-03","03-domain/contexts/BC02/aggregates/AGG-IMPORT-BATCH.md","1"
"INV-IMP-04","03-domain/contexts/BC02/aggregates/AGG-IMPORT-BATCH.md","1"
"INV-INC-01","03-domain/contexts/BC04/aggregates/AGG-INCIDENT.md","1"
"INV-INC-02","03-domain/contexts/BC04/aggregates/AGG-INCIDENT.md","1"
"INV-INC-03","03-domain/contexts/BC04/aggregates/AGG-INCIDENT.md","1"
"INV-INC-04","03-domain/contexts/BC04/aggregates/AGG-INCIDENT.md","1"
"INV-INC-05","03-domain/contexts/BC04/aggregates/AGG-INCIDENT.md","1"
"INV-KNO-01","03-domain/contexts/BC06/aggregates/AGG-KNOWLEDGE-OBJECT.md","1"
"INV-KNO-02","03-domain/contexts/BC06/aggregates/AGG-KNOWLEDGE-OBJECT.md","1"
"INV-KNO-03","03-domain/contexts/BC06/aggregates/AGG-KNOWLEDGE-OBJECT.md","1"
"INV-LGR-01","03-domain/contexts/BC05/aggregates/AGG-LOGISTICS-REQUEST.md","1"
"INV-LGR-02","03-domain/contexts/BC05/aggregates/AGG-LOGISTICS-REQUEST.md","1"
"INV-LGR-03","03-domain/contexts/BC05/aggregates/AGG-LOGISTICS-REQUEST.md","1"
"INV-LGR-04","03-domain/contexts/BC05/aggregates/AGG-LOGISTICS-REQUEST.md","1"
"INV-LGR-05","03-domain/contexts/BC05/aggregates/AGG-LOGISTICS-REQUEST.md","1"
"INV-LHD-01","03-domain/contexts/BC08/aggregates/AGG-LEGAL-HOLD.md","1"
"INV-LHD-02","03-domain/contexts/BC08/aggregates/AGG-LEGAL-HOLD.md","1"
"INV-LHD-03","03-domain/contexts/BC08/aggregates/AGG-LEGAL-HOLD.md","1"
"INV-LHD-04","03-domain/contexts/BC08/aggregates/AGG-LEGAL-HOLD.md","1"
"INV-MDL-01","03-domain/contexts/BC07/aggregates/AGG-MODEL-VERSION.md","1"
"INV-MDL-02","03-domain/contexts/BC07/aggregates/AGG-MODEL-VERSION.md","1"
"INV-MDL-03","03-domain/contexts/BC07/aggregates/AGG-MODEL-VERSION.md","1"
"INV-MNT-01","03-domain/contexts/BC05/aggregates/AGG-MAINTENANCE-ORDER.md","1"
"INV-MNT-02","03-domain/contexts/BC05/aggregates/AGG-MAINTENANCE-ORDER.md","1"
"INV-MRS-01","03-domain/contexts/BC02/aggregates/AGG-MATCH-RULESET.md","1"
"INV-MRS-02","03-domain/contexts/BC02/aggregates/AGG-MATCH-RULESET.md","1"
"INV-MRS-03","03-domain/contexts/BC02/aggregates/AGG-MATCH-RULESET.md","1"
"INV-NTF-01","03-domain/contexts/BC04/aggregates/AGG-NOTIFICATION.md","1"
"INV-NTF-02","03-domain/contexts/BC04/aggregates/AGG-NOTIFICATION.md","1"
"INV-NTF-03","03-domain/contexts/BC04/aggregates/AGG-NOTIFICATION.md","1"
"INV-OBS-01","03-domain/contexts/BC02/aggregates/AGG-OBSERVATION.md","1"
"INV-OBS-02","03-domain/contexts/BC02/aggregates/AGG-OBSERVATION.md","1"
"INV-OBS-03","03-domain/contexts/BC02/aggregates/AGG-OBSERVATION.md","1"
"INV-OBS-04","03-domain/contexts/BC02/aggregates/AGG-OBSERVATION.md","1"
"INV-ORG-01","03-domain/contexts/BC01/aggregates/AGG-ORGANIZATION.md","1"
"INV-ORG-02","03-domain/contexts/BC01/aggregates/AGG-ORGANIZATION.md","1"
"INV-ORG-03","03-domain/contexts/BC01/aggregates/AGG-ORGANIZATION.md","1"
"INV-ORG-04","03-domain/contexts/BC01/aggregates/AGG-ORGANIZATION.md","1"
"INV-OUT-01","03-domain/contexts/BC04/aggregates/AGG-OUTCOME-TRACKER.md","1"
"INV-OUT-02","03-domain/contexts/BC04/aggregates/AGG-OUTCOME-TRACKER.md","1"
"INV-PER-01","03-domain/contexts/BC01/aggregates/AGG-PERSON.md","1"
"INV-PER-02","03-domain/contexts/BC01/aggregates/AGG-PERSON.md","1"
"INV-PKG-01","03-domain/contexts/BC07/aggregates/AGG-PRELOAD-PACKAGE.md","1"
"INV-PKG-02","03-domain/contexts/BC07/aggregates/AGG-PRELOAD-PACKAGE.md","1"
"INV-PKG-03","03-domain/contexts/BC07/aggregates/AGG-PRELOAD-PACKAGE.md","1"
"INV-PLN-01","03-domain/contexts/BC04/aggregates/AGG-PLAN.md","1"
"INV-PLN-02","03-domain/contexts/BC04/aggregates/AGG-PLAN.md","1"
"INV-PLN-03","03-domain/contexts/BC04/aggregates/AGG-PLAN.md","1"
"INV-PLN-04","03-domain/contexts/BC04/aggregates/AGG-PLAN.md","1"
"INV-PLV-01","03-domain/contexts/BC04/aggregates/AGG-PLAN-VERSION.md","1"
"INV-PLV-02","03-domain/contexts/BC04/aggregates/AGG-PLAN-VERSION.md","1"
"INV-PLV-03","03-domain/contexts/BC04/aggregates/AGG-PLAN-VERSION.md","1"
"INV-PLV-04","03-domain/contexts/BC04/aggregates/AGG-PLAN-VERSION.md","1"
"INV-PLV-05","03-domain/contexts/BC04/aggregates/AGG-PLAN-VERSION.md","1"
"INV-POL-01","03-domain/contexts/BC08/aggregates/AGG-POLICY-SET.md","1"
"INV-POL-02","03-domain/contexts/BC08/aggregates/AGG-POLICY-SET.md","1"
"INV-POL-03","03-domain/contexts/BC08/aggregates/AGG-POLICY-SET.md","1"
"INV-POL-04","03-domain/contexts/BC08/aggregates/AGG-POLICY-SET.md","1"
"INV-PRD-01","03-domain/contexts/BC06/aggregates/AGG-PRODUCT.md","1"
"INV-PRD-02","03-domain/contexts/BC06/aggregates/AGG-PRODUCT.md","1"
"INV-PRD-03","03-domain/contexts/BC06/aggregates/AGG-PRODUCT.md","1"
"INV-PRD-04","03-domain/contexts/BC06/aggregates/AGG-PRODUCT.md","1"
"INV-PRJ-01","03-domain/contexts/BC07/aggregates/AGG-PROJECTION-VERSION.md","1"
"INV-PRJ-02","03-domain/contexts/BC07/aggregates/AGG-PROJECTION-VERSION.md","1"
"INV-PRJ-03","03-domain/contexts/BC07/aggregates/AGG-PROJECTION-VERSION.md","1"
"INV-PRJ-04","03-domain/contexts/BC07/aggregates/AGG-PROJECTION-VERSION.md","1"
"INV-PTM-01","03-domain/contexts/BC06/aggregates/AGG-PRODUCT-TEMPLATE.md","1"
"INV-PTM-02","03-domain/contexts/BC06/aggregates/AGG-PRODUCT-TEMPLATE.md","1"
"INV-QUAL-01","03-domain/contexts/BC05/aggregates/AGG-QUALIFICATION-RECORD.md","1"
"INV-QUAL-02","03-domain/contexts/BC05/aggregates/AGG-QUALIFICATION-RECORD.md","1"
"INV-RAS-01","03-domain/contexts/BC01/aggregates/AGG-ROLE-ASSIGNMENT.md","1"
"INV-RAS-02","03-domain/contexts/BC01/aggregates/AGG-ROLE-ASSIGNMENT.md","1"
"INV-RAS-03","03-domain/contexts/BC01/aggregates/AGG-ROLE-ASSIGNMENT.md","1"
"INV-REC-01","03-domain/contexts/BC06/aggregates/AGG-RECONSTRUCTION.md","1"
"INV-REC-02","03-domain/contexts/BC06/aggregates/AGG-RECONSTRUCTION.md","1"
"INV-REC-03","03-domain/contexts/BC06/aggregates/AGG-RECONSTRUCTION.md","1"
"INV-REL-01","03-domain/contexts/BC02/aggregates/AGG-RELATIONSHIP.md","1"
"INV-REL-02","03-domain/contexts/BC02/aggregates/AGG-RELATIONSHIP.md","1"
"INV-RIS-01","03-domain/contexts/BC04/aggregates/AGG-RISK.md","1"
"INV-RIS-02","03-domain/contexts/BC04/aggregates/AGG-RISK.md","1"
"INV-RIS-03","03-domain/contexts/BC04/aggregates/AGG-RISK.md","1"
"INV-RIS-04","03-domain/contexts/BC04/aggregates/AGG-RISK.md","1"
"INV-RIS-05","03-domain/contexts/BC04/aggregates/AGG-RISK.md","1"
"INV-ROL-01","03-domain/contexts/BC01/aggregates/AGG-ROLE.md","1"
"INV-ROL-02","03-domain/contexts/BC01/aggregates/AGG-ROLE.md","1"
"INV-ROL-03","03-domain/contexts/BC01/aggregates/AGG-ROLE.md","1"
"INV-RPL-01","03-domain/contexts/BC05/aggregates/AGG-RESOURCE-POOL.md","1"
"INV-RPL-02","03-domain/contexts/BC05/aggregates/AGG-RESOURCE-POOL.md","1"
"INV-RRQ-01","03-domain/contexts/BC05/aggregates/AGG-ROLE-REQUIREMENT.md","1"
"INV-RRQ-02","03-domain/contexts/BC05/aggregates/AGG-ROLE-REQUIREMENT.md","1"
"INV-RSV-01","03-domain/contexts/BC05/aggregates/AGG-ASSET-RESERVATION.md","1"
"INV-RSV-02","03-domain/contexts/BC05/aggregates/AGG-ASSET-RESERVATION.md","1"
"INV-RTG-01","03-domain/contexts/BC07/aggregates/AGG-AI-ROUTING.md","1"
"INV-RTG-02","03-domain/contexts/BC07/aggregates/AGG-AI-ROUTING.md","1"
"INV-RTG-03","03-domain/contexts/BC07/aggregates/AGG-AI-ROUTING.md","1"
"INV-RTS-01","03-domain/contexts/BC08/aggregates/AGG-RETENTION-SCHEDULE.md","1"
"INV-RTS-02","03-domain/contexts/BC08/aggregates/AGG-RETENTION-SCHEDULE.md","1"
"INV-RTS-03","03-domain/contexts/BC08/aggregates/AGG-RETENTION-SCHEDULE.md","1"
"INV-RUN-01","03-domain/contexts/BC03/aggregates/AGG-ANALYSIS-RUN.md","1"
"INV-RUN-02","03-domain/contexts/BC03/aggregates/AGG-ANALYSIS-RUN.md","1"
"INV-RUN-03","03-domain/contexts/BC03/aggregates/AGG-ANALYSIS-RUN.md","1"
"INV-RUN-04","03-domain/contexts/BC03/aggregates/AGG-ANALYSIS-RUN.md","1"
"INV-RWE-01","03-domain/contexts/BC02/aggregates/AGG-REALWORLD-EVENT.md","1"
"INV-RWE-02","03-domain/contexts/BC02/aggregates/AGG-REALWORLD-EVENT.md","1"
"INV-SCF-01","03-domain/contexts/BC07/aggregates/AGG-SYNC-CONFLICT.md","1"
"INV-SCF-02","03-domain/contexts/BC07/aggregates/AGG-SYNC-CONFLICT.md","1"
"INV-SCF-03","03-domain/contexts/BC07/aggregates/AGG-SYNC-CONFLICT.md","1"
"INV-SCN-01","03-domain/contexts/BC05/aggregates/AGG-SCENARIO.md","1"
"INV-SCN-02","03-domain/contexts/BC05/aggregates/AGG-SCENARIO.md","1"
"INV-SHP-01","03-domain/contexts/BC05/aggregates/AGG-SHIPMENT.md","1"
"INV-SHP-02","03-domain/contexts/BC05/aggregates/AGG-SHIPMENT.md","1"
"INV-SHP-03","03-domain/contexts/BC05/aggregates/AGG-SHIPMENT.md","1"
"INV-SHP-04","03-domain/contexts/BC05/aggregates/AGG-SHIPMENT.md","1"
"INV-SIM-01","03-domain/contexts/BC05/aggregates/AGG-SIMULATION.md","1"
"INV-SIM-02","03-domain/contexts/BC05/aggregates/AGG-SIMULATION.md","1"
"INV-SIM-03","03-domain/contexts/BC05/aggregates/AGG-SIMULATION.md","1"
"INV-SIT-01","03-domain/contexts/BC03/aggregates/AGG-SITUATION.md","1"
"INV-SIT-02","03-domain/contexts/BC03/aggregates/AGG-SITUATION.md","1"
"INV-SIT-03","03-domain/contexts/BC03/aggregates/AGG-SITUATION.md","1"
"INV-SIT-04","03-domain/contexts/BC03/aggregates/AGG-SITUATION.md","1"
"INV-SNS-01","03-domain/contexts/BC07/aggregates/AGG-SENSOR-STREAM.md","1"
"INV-SNS-02","03-domain/contexts/BC07/aggregates/AGG-SENSOR-STREAM.md","1"
"INV-SNS-03","03-domain/contexts/BC07/aggregates/AGG-SENSOR-STREAM.md","1"
"INV-SRC-01","03-domain/contexts/BC02/aggregates/AGG-SOURCE.md","1"
"INV-SRC-02","03-domain/contexts/BC02/aggregates/AGG-SOURCE.md","1"
"INV-SRC-03","03-domain/contexts/BC02/aggregates/AGG-SOURCE.md","1"
"INV-SRC-04","03-domain/contexts/BC02/aggregates/AGG-SOURCE.md","1"
"INV-SUB-01","03-domain/contexts/BC04/aggregates/AGG-SUBSCRIPTION.md","1"
"INV-SUB-02","03-domain/contexts/BC04/aggregates/AGG-SUBSCRIPTION.md","1"
"INV-SVC-01","03-domain/contexts/BC01/aggregates/AGG-SERVICE-ACCOUNT.md","1"
"INV-SVC-02","03-domain/contexts/BC01/aggregates/AGG-SERVICE-ACCOUNT.md","1"
"INV-SVC-03","03-domain/contexts/BC01/aggregates/AGG-SERVICE-ACCOUNT.md","1"
"INV-SYN-01","03-domain/contexts/BC07/aggregates/AGG-SYNC-SESSION.md","1"
"INV-SYN-02","03-domain/contexts/BC07/aggregates/AGG-SYNC-SESSION.md","1"
"INV-SYN-03","03-domain/contexts/BC07/aggregates/AGG-SYNC-SESSION.md","1"
"INV-SYN-04","03-domain/contexts/BC07/aggregates/AGG-SYNC-SESSION.md","1"
"INV-TASK-01","03-domain/contexts/BC04/aggregates/AGG-TASK.md","1"
"INV-TASK-02","03-domain/contexts/BC04/aggregates/AGG-TASK.md","1"
"INV-TASK-03","03-domain/contexts/BC04/aggregates/AGG-TASK.md","1"
"INV-TASK-04","03-domain/contexts/BC04/aggregates/AGG-TASK.md","1"
"INV-TASK-05","03-domain/contexts/BC04/aggregates/AGG-TASK.md","1"
"INV-TASK-06","03-domain/contexts/BC04/aggregates/AGG-TASK.md","1"
"INV-TASK-07","03-domain/contexts/BC04/aggregates/AGG-TASK.md","1"
"INV-TASK-08","03-domain/contexts/BC04/aggregates/AGG-TASK.md","1"
"INV-TASK-09","03-domain/contexts/BC04/aggregates/AGG-TASK.md","1"
"INV-TEN-01","03-domain/contexts/BC01/aggregates/AGG-TENANT.md","1"
"INV-TEN-02","03-domain/contexts/BC01/aggregates/AGG-TENANT.md","1"
"INV-TEN-03","03-domain/contexts/BC01/aggregates/AGG-TENANT.md","1"
"INV-TEN-04","03-domain/contexts/BC01/aggregates/AGG-TENANT.md","1"
"INV-TEN-05","03-domain/contexts/BC01/aggregates/AGG-TENANT.md","1"
"INV-TOL-01","03-domain/contexts/BC07/aggregates/AGG-AI-TOOL.md","1"
"INV-TOL-02","03-domain/contexts/BC07/aggregates/AGG-AI-TOOL.md","1"
"INV-TOL-03","03-domain/contexts/BC07/aggregates/AGG-AI-TOOL.md","1"
"INV-TTY-01","03-domain/contexts/BC04/aggregates/AGG-TASK-TYPE.md","1"
"INV-TTY-02","03-domain/contexts/BC04/aggregates/AGG-TASK-TYPE.md","1"
"INV-TTY-03","03-domain/contexts/BC04/aggregates/AGG-TASK-TYPE.md","1"
"INV-USR-01","03-domain/contexts/BC01/aggregates/AGG-USER.md","1"
"INV-USR-02","03-domain/contexts/BC01/aggregates/AGG-USER.md","1"
"INV-USR-03","03-domain/contexts/BC01/aggregates/AGG-USER.md","1"
"INV-USR-04","03-domain/contexts/BC01/aggregates/AGG-USER.md","1"
"INV-USR-05","03-domain/contexts/BC01/aggregates/AGG-USER.md","1"
"LABEL-DERIVATION","08-security/label-derivation-rules.md","1"
"LANGUAGE-MODEL","04-information/language-model.md","1"
"LDM-SLC01","06-data/logical-model/slc-01.md","1"
"LDM-SLC02","06-data/logical-model/slc-02.md","1"
"LDM-SLC03","06-data/logical-model/slc-03.md","1"
"LDM-SLC04","06-data/logical-model/slc-04.md","1"
"LDM-SLC05","06-data/logical-model/slc-05.md","1"
"LDM-SLC06","06-data/logical-model/slc-06.md","1"
"LDM-SLC07","06-data/logical-model/slc-07.md","1"
"LDM-SLC08","06-data/logical-model/slc-08.md","1"
"LDM-SLC09","06-data/logical-model/slc-09.md","1"
"LDM-SLC10","06-data/logical-model/slc-10.md","1"
"LDM-SLC11","06-data/logical-model/slc-11.md","1"
"LDM-SLC12","06-data/logical-model/slc-12.md","1"
"LDM-SLC12A","06-data/logical-model/slc-12a.md","1"
"LDM-SLC14","06-data/logical-model/slc-14.md","1"
"LDM-SLC15","06-data/logical-model/slc-15.md","1"
"LDM-SLC16","06-data/logical-model/slc-16.md","1"
"LDM-SLC17","06-data/logical-model/slc-17.md","1"
"LDM-SLC18","06-data/logical-model/slc-18.md","1"
"LDM-SLC19","06-data/logical-model/slc-19.md","1"
"LIB-CLAIMS-KERNEL","03-domain/contexts/BC02/claims-temporal-kernel.md","1"
"META-MODEL","04-information/meta-model.md","1"
"OBJECT-ENVELOPE","04-information/object-envelope.md","1"
"OBS-SLC01","09-reliability/observability-slc01.md","1"
"OBS-SLC02","09-reliability/observability-slc02.md","1"
"OBS-SLC03","09-reliability/observability-slc03.md","1"
"OBS-SLC04","09-reliability/observability-slc04.md","1"
"OBS-SLC05","09-reliability/observability-slc05.md","1"
"OBS-SLC06","09-reliability/observability-slc06.md","1"
"OBS-SLC07","09-reliability/observability-slc07.md","1"
"OBS-SLC08","09-reliability/observability-slc08.md","1"
"OBS-SLC09","09-reliability/observability-slc09.md","1"
"OBS-SLC10","09-reliability/observability-slc10.md","1"
"OBS-SLC11","09-reliability/observability-slc11.md","1"
"OBS-SLC12","09-reliability/observability-slc12.md","1"
"OBS-SLC12A","09-reliability/observability-slc12a.md","1"
"OBS-SLC14","09-reliability/observability-slc14.md","1"
"OBS-SLC15","09-reliability/observability-slc15.md","1"
"OBS-SLC16","09-reliability/observability-slc16.md","1"
"OBS-SLC17","09-reliability/observability-slc17.md","1"
"OBS-SLC18","09-reliability/observability-slc18.md","1"
"OBS-SLC19","09-reliability/observability-slc19.md","1"
"OPENAPI-BC01-INTERNAL","05-contracts/openapi-foundation-internal-slc01.md","1"
"OPENAPI-BC01-SLC01","05-contracts/openapi-foundation-slc01.md","1"
"OPENAPI-BC01-SLC11","05-contracts/openapi-foundation-slc11.md","1"
"OPENAPI-BC01-SLC16","05-contracts/openapi-foundation-slc16.md","1"
"OPENAPI-BC02-SLC02","05-contracts/openapi-information-slc02.md","1"
"OPENAPI-BC02-SLC04","05-contracts/openapi-information-slc04.md","1"
"OPENAPI-BC02-SLC14","05-contracts/openapi-information-slc14.md","1"
"OPENAPI-BC02-SLC15","05-contracts/openapi-information-slc15.md","1"
"OPENAPI-BC03-SLC06","05-contracts/openapi-intelligence-slc06.md","1"
"OPENAPI-BC03-SLC07","05-contracts/openapi-intelligence-slc07.md","1"
"OPENAPI-BC03-SLC16","05-contracts/openapi-intelligence-slc16.md","1"
"OPENAPI-BC04-SLC03","05-contracts/openapi-operations-slc03.md","1"
"OPENAPI-BC04-SLC06","05-contracts/openapi-operations-slc06.md","1"
"OPENAPI-BC04-SLC08","05-contracts/openapi-operations-slc08.md","1"
"OPENAPI-BC04-SLC15","05-contracts/openapi-operations-slc15.md","1"
"OPENAPI-BC04-SLC17","05-contracts/openapi-operations-slc17.md","1"
"OPENAPI-BC05-SLC03","05-contracts/openapi-readiness-slc03.md","1"
"OPENAPI-BC05-SLC09","05-contracts/openapi-readiness-slc09.md","1"
"OPENAPI-BC05-SLC18","05-contracts/openapi-readiness-slc18.md","1"
"OPENAPI-BC05-SLC19","05-contracts/openapi-readiness-slc19.md","1"
"OPENAPI-BC06-SLC12","05-contracts/openapi-knowledge-slc12.md","1"
"OPENAPI-BC07-SLC02","05-contracts/openapi-integration-slc02.md","1"
"OPENAPI-BC07-SLC05","05-contracts/openapi-discovery-slc05.md","1"
"OPENAPI-BC07-SLC10","05-contracts/openapi-ai-slc10.md","1"
"OPENAPI-BC07-SLC11","05-contracts/openapi-field-slc11.md","1"
"OPENAPI-BC07-SLC16","05-contracts/openapi-integration-slc16.md","1"
"OPENAPI-BC08-SLC01","05-contracts/openapi-governance-slc01.md","1"
"OPENAPI-BC08-SLC12A","05-contracts/openapi-governance-slc12a.md","1"
"OQ-001","00-governance/registers/open-questions.md","1"
"OQ-010","00-governance/registers/open-questions.md","1"
"OQ-011","00-governance/registers/open-questions.md","1"
"OQ-012","00-governance/registers/open-questions.md","1"
"OQ-013","00-governance/registers/open-questions.md","1"
"OQ-030","00-governance/registers/open-questions.md","1"
"OQ-031","00-governance/registers/open-questions.md","1"
"OQ-032","00-governance/registers/open-questions.md","1"
"OQ-033","00-governance/registers/open-questions.md","1"
"OUT-01","01-business/outcomes.md","1"
"OUT-02","01-business/outcomes.md","1"
"OUT-03","01-business/outcomes.md","1"
"OUT-04","01-business/outcomes.md","1"
"OUT-05","01-business/outcomes.md","1"
"OUT-06","01-business/outcomes.md","1"
"PB-01","08-security/policies-slc01.md","1"
"PB-02","08-security/policies-slc01.md","1"
"PB-03","08-security/policies-slc01.md","1"
"PB-04","08-security/policies-slc01.md","1"
"PB-05","08-security/policies-slc01.md","1"
"PB-06","08-security/policies-slc01.md","1"
"PB-07","08-security/policies-slc01.md","1"
"PB-08","08-security/policies-slc02.md","1"
"PB-09","08-security/policies-slc02.md","1"
"PB-10","08-security/policies-slc02.md","1"
"PB-11","08-security/policies-slc02.md","1"
"PB-12","08-security/policies-slc10.md","1"
"PB-13","08-security/policies-slc10.md","1"
"PB-14","08-security/policies-slc10.md","1"
"PERF-TEST-STRATEGY","07-quality/performance-test-strategy.md","1"
"PL-SECURITY-CONTEXT","03-domain/contexts/BC01/security-context.md","1"
"POL-ACS-ADD-ASSUMPTION","08-security/policies-slc07.md","1"
"POL-ACS-ADD-HYPOTHESIS","08-security/policies-slc07.md","1"
"POL-ACS-CANCEL","08-security/policies-slc07.md","1"
"POL-ACS-CLOSE","08-security/policies-slc07.md","1"
"POL-ACS-CREATE","08-security/policies-slc07.md","1"
"POL-ACS-DEFINE","08-security/policies-slc07.md","1"
"POL-ACS-DEFINE-SCENARIO","08-security/policies-slc07.md","1"
"POL-ACS-DESELECT-EVIDENCE","08-security/policies-slc07.md","1"
"POL-ACS-GET","08-security/policies-slc07.md","1"
"POL-ACS-LIST","08-security/policies-slc07.md","1"
"POL-ACS-OPEN","08-security/policies-slc07.md","1"
"POL-ACS-RECLASSIFY","08-security/policies-slc07.md","1"
"POL-ACS-REOPEN","08-security/policies-slc07.md","1"
"POL-ACS-RETIRE-ASSUMPTION","08-security/policies-slc07.md","1"
"POL-ACS-SELECT-EVIDENCE","08-security/policies-slc07.md","1"
"POL-ACS-UPDATE-HYPOTHESIS","08-security/policies-slc07.md","1"
"POL-ADP-ACTIVATE","08-security/policies-slc02.md","1"
"POL-ADP-GET","08-security/policies-slc02.md","1"
"POL-ADP-REGISTER","08-security/policies-slc02.md","1"
"POL-ADP-RESUME","08-security/policies-slc02.md","1"
"POL-ADP-RETIRE","08-security/policies-slc02.md","1"
"POL-ADP-SUSPEND","08-security/policies-slc02.md","1"
"POL-ADP-UPDATE-MAPPING","08-security/policies-slc02.md","1"
"POL-AGG-STATS","08-security/authorization-model.md","1"
"POL-AIR-CANCEL","08-security/policies-slc10.md","1"
"POL-AIR-CONTEXT","08-security/policies-slc10.md","1"
"POL-AIR-GET","08-security/policies-slc10.md","1"
"POL-AIRS-ACCEPT","08-security/policies-slc10.md","1"
"POL-AIRS-ACCEPT-PARTIALLY","08-security/policies-slc10.md","1"
"POL-AIRS-QUEUE","08-security/policies-slc10.md","1"
"POL-AIRS-REJECT","08-security/policies-slc10.md","1"
"POL-AIRS-START-REVIEW","08-security/policies-slc10.md","1"
"POL-AIR-SUBMIT","08-security/policies-slc10.md","1"
"POL-AI-USAGE","08-security/policies-slc10.md","1"
"POL-ALC-APPROVE","08-security/policies-slc09.md","1"
"POL-ALC-LIST","08-security/policies-slc09.md","1"
"POL-ALC-PREEMPT","08-security/policies-slc09.md","1"
"POL-ALC-RECORD-CONSUMPTION","08-security/policies-slc09.md","1"
"POL-ALC-REJECT","08-security/policies-slc09.md","1"
"POL-ALC-RELEASE","08-security/policies-slc09.md","1"
"POL-ALC-REQUEST","08-security/policies-slc09.md","1"
"POL-ALR-ACKNOWLEDGE","08-security/policies-slc06.md","1"
"POL-ALR-DISMISS","08-security/policies-slc06.md","1"
"POL-ALR-LIST","08-security/policies-slc06.md","1"
"POL-ALR-RESOLVE","08-security/policies-slc06.md","1"
"POL-AMT-ACTIVATE","08-security/policies-slc07.md","1"
"POL-AMT-DEPRECATE","08-security/policies-slc07.md","1"
"POL-AMT-LIST","08-security/policies-slc07.md","1"
"POL-AMT-REGISTER","08-security/policies-slc07.md","1"
"POL-AMT-RETIRE","08-security/policies-slc07.md","1"
"POL-ARC-MIGRATE-FORMAT","08-security/policies-slc12.md","1"
"POL-ARC-REPAIR","08-security/policies-slc12.md","1"
"POL-ARC-RETRIEVE","08-security/policies-slc12.md","1"
"POL-ARC-RETRY-INGEST","08-security/policies-slc12.md","1"
"POL-ARC-SEARCH","08-security/policies-slc12.md","1"
"POL-ARC-TRANSFER","08-security/policies-slc12.md","1"
"POL-ARL-ACTIVATE","08-security/policies-slc06.md","1"
"POL-ARL-DEFINE","08-security/policies-slc06.md","1"
"POL-ARL-DISABLE","08-security/policies-slc06.md","1"
"POL-ARL-EDIT","08-security/policies-slc06.md","1"
"POL-ARL-ENABLE","08-security/policies-slc06.md","1"
"POL-ARL-RETIRE","08-security/policies-slc06.md","1"
"POL-ASG-ASSIGN","08-security/policies-slc09.md","1"
"POL-ASG-CANCEL","08-security/policies-slc09.md","1"
"POL-ASG-RETURN","08-security/policies-slc09.md","1"
"POL-ASM-DISCARD","08-security/policies-slc07.md","1"
"POL-ASM-DRAFT","08-security/policies-slc07.md","1"
"POL-ASM-EDIT","08-security/policies-slc07.md","1"
"POL-ASM-GET","08-security/policies-slc07.md","1"
"POL-ASM-PUBLISH","08-security/policies-slc07.md","1"
"POL-ASM-RETURN","08-security/policies-slc07.md","1"
"POL-ASM-SUBMIT","08-security/policies-slc07.md","1"
"POL-ASM-VERSIONS","08-security/policies-slc07.md","1"
"POL-ASM-WITHDRAW","08-security/policies-slc07.md","1"
"POL-AST-AVAILABILITY","08-security/policies-slc09.md","1"
"POL-AST-DISPOSE","08-security/policies-slc09.md","1"
"POL-AST-FAIL-MAINTENANCE","08-security/policies-slc09.md","1"
"POL-AST-GET","08-security/policies-slc09.md","1"
"POL-AST-MARK-UNSERVICEABLE","08-security/policies-slc09.md","1"
"POL-AST-RECLASSIFY","08-security/policies-slc09.md","1"
"POL-AST-RECOVER","08-security/policies-slc09.md","1"
"POL-AST-REGISTER","08-security/policies-slc09.md","1"
"POL-AST-REPORT-LOST","08-security/policies-slc09.md","1"
"POL-AST-RETURN-TO-SERVICE","08-security/policies-slc09.md","1"
"POL-AST-SET-CERTIFICATION","08-security/policies-slc09.md","1"
"POL-AST-START-MAINTENANCE","08-security/policies-slc09.md","1"
"POL-AST-TRANSFER-CUSTODY","08-security/policies-slc09.md","1"
"POL-AST-UPDATE-CONDITION","08-security/policies-slc09.md","1"
"POL-ATT-COMPLETE-UPLOAD","08-security/policies-slc02.md","1"
"POL-ATT-DOWNLOAD","08-security/policies-slc02.md","1"
"POL-ATT-ERASE","08-security/policies-slc02.md","1"
"POL-ATT-INITIATE-UPLOAD","08-security/policies-slc02.md","1"
"POL-AUD-SEARCH","08-security/policies-slc01.md","1"
"POL-AUD-VERIFY","08-security/policies-slc01.md","1"
"POL-AUT-APPROVE-GRANT","08-security/policies-slc01.md","1"
"POL-AUT-CHECK","08-security/policies-slc01.md","1"
"POL-AUT-DELEGATE","08-security/policies-slc01.md","1"
"POL-AUT-GRANT","08-security/policies-slc01.md","1"
"POL-AUT-LIST","08-security/policies-slc01.md","1"
"POL-AUT-REJECT-GRANT","08-security/policies-slc01.md","1"
"POL-AUT-RESUME","08-security/policies-slc01.md","1"
"POL-AUT-REVOKE","08-security/policies-slc01.md","1"
"POL-AUT-SUSPEND","08-security/policies-slc01.md","1"
"POL-BASE-TILE","08-security/policies-slc06.md","1"
"POL-CAP-CANCEL","08-security/policies-slc16.md","1"
"POL-CAP-LIST","08-security/policies-slc16.md","1"
"POL-CAP-PREPARE","08-security/policies-slc16.md","1"
"POL-CAP-RELEASE","08-security/policies-slc16.md","1"
"POL-CAP-RETRY","08-security/policies-slc16.md","1"
"POL-CLM-ASSERT","08-security/policies-slc02.md","1"
"POL-CLM-ASSESS","08-security/policies-slc02.md","1"
"POL-CLM-CORRECT","08-security/policies-slc02.md","1"
"POL-CLM-GET","08-security/policies-slc02.md","1"
"POL-CLM-RECLASSIFY","08-security/policies-slc02.md","1"
"POL-CLM-RECORD-CHANGE","08-security/policies-slc02.md","1"
"POL-CLM-RETRACT","08-security/policies-slc02.md","1"
"POL-CLR-APPROVE","08-security/policies-slc01.md","1"
"POL-CLR-GET","08-security/policies-slc01.md","1"
"POL-CLR-GRANT","08-security/policies-slc01.md","1"
"POL-CLR-MODIFY","08-security/policies-slc01.md","1"
"POL-CLR-REINSTATE","08-security/policies-slc01.md","1"
"POL-CLR-REVOKE","08-security/policies-slc01.md","1"
"POL-CLR-SUSPEND","08-security/policies-slc01.md","1"
"POL-CLS-ACTIVATE","08-security/policies-slc01.md","1"
"POL-CLS-ACTIVE","08-security/policies-slc01.md","1"
"POL-CLS-DISCARD","08-security/policies-slc01.md","1"
"POL-CLS-DRAFT","08-security/policies-slc01.md","1"
"POL-CLS-EDIT","08-security/policies-slc01.md","1"
"POL-CLUSTER-GET","08-security/policies-slc04.md","1"
"POL-CNF-ACCEPT","08-security/policies-slc04.md","1"
"POL-CNF-ASSIGN","08-security/policies-slc04.md","1"
"POL-CNF-GET","08-security/policies-slc04.md","1"
"POL-CNF-LIST","08-security/policies-slc04.md","1"
"POL-CNF-RAISE","08-security/policies-slc04.md","1"
"POL-CNF-REOPEN","08-security/policies-slc04.md","1"
"POL-CNF-RESOLVE","08-security/policies-slc04.md","1"
"POL-CNF-START-REVIEW","08-security/policies-slc04.md","1"
"POL-CON-ACTIVATE","08-security/policies-slc16.md","1"
"POL-CON-FAIL-TEST","08-security/policies-slc16.md","1"
"POL-CON-LIST","08-security/policies-slc16.md","1"
"POL-CON-REGISTER","08-security/policies-slc16.md","1"
"POL-CON-RESUME","08-security/policies-slc16.md","1"
"POL-CON-RETIRE","08-security/policies-slc16.md","1"
"POL-CON-SUSPEND","08-security/policies-slc16.md","1"
"POL-CON-TEST","08-security/policies-slc16.md","1"
"POL-CPL-ACTIVATE","08-security/policies-slc14.md","1"
"POL-CPL-ADD-ACTIVITY","08-security/policies-slc14.md","1"
"POL-CPL-CANCEL","08-security/policies-slc14.md","1"
"POL-CPL-COMPLETE","08-security/policies-slc14.md","1"
"POL-CPL-CREATE","08-security/policies-slc14.md","1"
"POL-CPL-GET","08-security/policies-slc14.md","1"
"POL-CPL-REMOVE-ACTIVITY","08-security/policies-slc14.md","1"
"POL-CRD-ACTIVATE","08-security/policies-slc15.md","1"
"POL-CRD-ADD-PARTICIPANT","08-security/policies-slc15.md","1"
"POL-CRD-ASSIGN-RESPONSIBILITY","08-security/policies-slc15.md","1"
"POL-CRD-CANCEL","08-security/policies-slc15.md","1"
"POL-CRD-CLOSE","08-security/policies-slc15.md","1"
"POL-CRD-GET","08-security/policies-slc15.md","1"
"POL-CRD-LIST","08-security/policies-slc15.md","1"
"POL-CRD-OPEN","08-security/policies-slc15.md","1"
"POL-CRD-REMOVE-PARTICIPANT","08-security/policies-slc15.md","1"
"POL-CRD-REQUEST-DECISION","08-security/policies-slc15.md","1"
"POL-CRD-UPDATE-RESPONSIBILITY","08-security/policies-slc15.md","1"
"POL-CRP-ACCEPT","08-security/policies-slc15.md","1"
"POL-CRP-GET","08-security/policies-slc15.md","1"
"POL-CRP-PROPOSE","08-security/policies-slc15.md","1"
"POL-CRP-QUEUE","08-security/policies-slc15.md","1"
"POL-CRP-REJECT","08-security/policies-slc15.md","1"
"POL-CRP-START-REVIEW","08-security/policies-slc15.md","1"
"POL-CRQ-AMEND","08-security/policies-slc14.md","1"
"POL-CRQ-APPROVE","08-security/policies-slc14.md","1"
"POL-CRQ-BOARD","08-security/policies-slc14.md","1"
"POL-CRQ-CANCEL","08-security/policies-slc14.md","1"
"POL-CRQ-DRAFT","08-security/policies-slc14.md","1"
"POL-CRQ-EDIT","08-security/policies-slc14.md","1"
"POL-CRQ-EVIDENCE","08-security/policies-slc14.md","1"
"POL-CRQ-GET","08-security/policies-slc14.md","1"
"POL-CRQ-MARK-SATISFIED","08-security/policies-slc14.md","1"
"POL-CRQ-REJECT","08-security/policies-slc14.md","1"
"POL-CRQ-SUBMIT","08-security/policies-slc14.md","1"
"POL-CRR-ACTIVATE","08-security/policies-slc15.md","1"
"POL-CRR-DEFINE","08-security/policies-slc15.md","1"
"POL-CRR-EDIT","08-security/policies-slc15.md","1"
"POL-CRR-RETIRE","08-security/policies-slc15.md","1"
"POL-DEC-ANNUL","08-security/policies-slc08.md","1"
"POL-DEC-BASIS","08-security/policies-slc08.md","1"
"POL-DEC-GET","08-security/policies-slc08.md","1"
"POL-DEC-RECORD","08-security/policies-slc08.md","1"
"POL-DEV-CONFIRM","08-security/policies-slc11.md","1"
"POL-DEV-ENROLL","08-security/policies-slc11.md","1"
"POL-DEV-LIST","08-security/policies-slc11.md","1"
"POL-DEV-REINSTATE","08-security/policies-slc11.md","1"
"POL-DEV-REPORT-LOST","08-security/policies-slc11.md","1"
"POL-DEV-RETIRE","08-security/policies-slc11.md","1"
"POL-DEV-ROTATE-KEY","08-security/policies-slc11.md","1"
"POL-DEV-SUSPEND","08-security/policies-slc11.md","1"
"POL-DRQ-ADD-OPTION","08-security/policies-slc08.md","1"
"POL-DRQ-CITE","08-security/policies-slc08.md","1"
"POL-DRQ-CREATE","08-security/policies-slc08.md","1"
"POL-DRQ-GET","08-security/policies-slc08.md","1"
"POL-DRQ-LIST","08-security/policies-slc08.md","1"
"POL-DRQ-OPEN","08-security/policies-slc08.md","1"
"POL-DRQ-WITHDRAW","08-security/policies-slc08.md","1"
"POL-DSP-APPROVE","08-security/policies-slc12a.md","1"
"POL-DSP-CANCEL","08-security/policies-slc12a.md","1"
"POL-DSP-GET","08-security/policies-slc12a.md","1"
"POL-DSP-SUBMIT","08-security/policies-slc12a.md","1"
"POL-DST-CANCEL","08-security/policies-slc12.md","1"
"POL-DST-DISTRIBUTE","08-security/policies-slc12.md","1"
"POL-DST-LOG","08-security/policies-slc12.md","1"
"POL-ELIG-CHECK","08-security/policies-slc03.md","1"
"POL-ENT-CHANGE-TYPE","08-security/policies-slc02.md","1"
"POL-ENT-CLAIMS","08-security/policies-slc02.md","1"
"POL-ENT-LIST","08-security/policies-slc02.md","1"
"POL-ENT-POSITIONS","08-security/policies-slc02.md","1"
"POL-ENT-RECLASSIFY","08-security/policies-slc02.md","1"
"POL-ENT-REGISTER","08-security/policies-slc02.md","1"
"POL-ENT-REINSTATE","08-security/policies-slc02.md","1"
"POL-ENT-RESOLVED","08-security/policies-slc02.md","1"
"POL-ENT-RETIRE","08-security/policies-slc02.md","1"
"POL-ER-CONFIRM-MATCH","08-security/policies-slc04.md","1"
"POL-ER-DECIDE-MATCH","08-security/policies-slc04.md","1"
"POL-ER-DECIDE-NOT-MATCH","08-security/policies-slc04.md","1"
"POL-ER-GET","08-security/policies-slc04.md","1"
"POL-ER-PARK","08-security/policies-slc04.md","1"
"POL-ER-PROPOSE","08-security/policies-slc04.md","1"
"POL-ER-QUEUE","08-security/policies-slc04.md","1"
"POL-ER-REQUEST-SPLIT","08-security/policies-slc04.md","1"
"POL-ER-RESUME","08-security/policies-slc04.md","1"
"POL-ERS-APPROVE","08-security/policies-slc12a.md","1"
"POL-ERS-GET","08-security/policies-slc12a.md","1"
"POL-ER-SPLIT","08-security/policies-slc04.md","1"
"POL-ERS-REGISTER","08-security/policies-slc12a.md","1"
"POL-ERS-REJECT","08-security/policies-slc12a.md","1"
"POL-ER-START-REVIEW","08-security/policies-slc04.md","1"
"POL-ER-WITHDRAW","08-security/policies-slc04.md","1"
"POL-EVD-GET","08-security/policies-slc02.md","1"
"POL-EVD-RECLASSIFY","08-security/policies-slc02.md","1"
"POL-EVD-REGISTER","08-security/policies-slc02.md","1"
"POL-EVD-SEAL","08-security/policies-slc02.md","1"
"POL-EVD-TRANSFER-CUSTODY","08-security/policies-slc02.md","1"
"POL-EVD-UPDATE-LOCATOR","08-security/policies-slc02.md","1"
"POL-EVD-WITHDRAW","08-security/policies-slc02.md","1"
"POL-EVL-LINK","08-security/policies-slc02.md","1"
"POL-EVL-UNLINK","08-security/policies-slc02.md","1"
"POL-EVS-ACTIVATE","08-security/policies-slc10.md","1"
"POL-EVS-DRAFT","08-security/policies-slc10.md","1"
"POL-EVS-EDIT","08-security/policies-slc10.md","1"
"POL-EXC-APPROVE","08-security/policies-slc01.md","1"
"POL-EXC-LIST","08-security/policies-slc01.md","1"
"POL-EXC-REJECT","08-security/policies-slc01.md","1"
"POL-EXC-REQUEST","08-security/policies-slc01.md","1"
"POL-EXC-REVOKE","08-security/policies-slc01.md","1"
"POL-EXPORT-BULK","08-security/authorization-model.md","1"
"POL-EXR-CANCEL","08-security/policies-slc19.md","1"
"POL-EXR-GET","08-security/policies-slc19.md","1"
"POL-EXR-LIST","08-security/policies-slc19.md","1"
"POL-EXR-PLAN","08-security/policies-slc19.md","1"
"POL-EXR-SCHEDULE","08-security/policies-slc19.md","1"
"POL-EXR-START","08-security/policies-slc19.md","1"
"POL-EXT-END","08-security/policies-slc02.md","1"
"POL-EXT-MAP","08-security/policies-slc02.md","1"
"POL-EXT-RESOLVE","08-security/policies-slc02.md","1"
"POL-FND-ACCEPT","08-security/policies-slc07.md","1"
"POL-FND-EDIT","08-security/policies-slc07.md","1"
"POL-FND-LIST","08-security/policies-slc07.md","1"
"POL-FND-RECORD","08-security/policies-slc07.md","1"
"POL-FND-WITHDRAW","08-security/policies-slc07.md","1"
"POL-GRAPH-NEIGHBORHOOD","08-security/policies-slc05.md","1"
"POL-GRAPH-PATHS","08-security/policies-slc05.md","1"
"POL-HRS-APPROVE","08-security/policies-slc16.md","1"
"POL-HRS-QUEUE","08-security/policies-slc16.md","1"
"POL-HRS-REJECT","08-security/policies-slc16.md","1"
"POLICIES-SLC01","08-security/policies-slc01.md","1"
"POLICIES-SLC02","08-security/policies-slc02.md","1"
"POLICIES-SLC03","08-security/policies-slc03.md","1"
"POLICIES-SLC04","08-security/policies-slc04.md","1"
"POLICIES-SLC05","08-security/policies-slc05.md","1"
"POLICIES-SLC06","08-security/policies-slc06.md","1"
"POLICIES-SLC07","08-security/policies-slc07.md","1"
"POLICIES-SLC08","08-security/policies-slc08.md","1"
"POLICIES-SLC09","08-security/policies-slc09.md","1"
"POLICIES-SLC10","08-security/policies-slc10.md","1"
"POLICIES-SLC11","08-security/policies-slc11.md","1"
"POLICIES-SLC12","08-security/policies-slc12.md","1"
"POLICIES-SLC12A","08-security/policies-slc12a.md","1"
"POLICIES-SLC14","08-security/policies-slc14.md","1"
"POLICIES-SLC15","08-security/policies-slc15.md","1"
"POLICIES-SLC16","08-security/policies-slc16.md","1"
"POLICIES-SLC17","08-security/policies-slc17.md","1"
"POLICIES-SLC18","08-security/policies-slc18.md","1"
"POLICIES-SLC19","08-security/policies-slc19.md","1"
"POL-IMP-ACCEPT-QUARANTINE","08-security/policies-slc02.md","1"
"POL-IMP-CANCEL","08-security/policies-slc02.md","1"
"POL-IMP-GET","08-security/policies-slc02.md","1"
"POL-IMP-REPROCESS-QUARANTINE","08-security/policies-slc02.md","1"
"POL-IMP-SUBMIT","08-security/policies-slc02.md","1"
"POL-INC-ACTIVATE-CONTINGENCY","08-security/policies-slc17.md","1"
"POL-INC-ASSESS","08-security/policies-slc17.md","1"
"POL-INC-CANCEL","08-security/policies-slc17.md","1"
"POL-INC-CLOSE","08-security/policies-slc17.md","1"
"POL-INC-CONTAIN","08-security/policies-slc17.md","1"
"POL-INC-DE-ESCALATE","08-security/policies-slc17.md","1"
"POL-INC-DISPATCH-RESPONSE","08-security/policies-slc17.md","1"
"POL-INC-ESCALATE","08-security/policies-slc17.md","1"
"POL-INC-GET","08-security/policies-slc17.md","1"
"POL-INC-LIST","08-security/policies-slc17.md","1"
"POL-INC-RECOVERY-STATUS","08-security/policies-slc17.md","1"
"POL-INC-REPORT","08-security/policies-slc17.md","1"
"POL-INC-RESOLVE","08-security/policies-slc17.md","1"
"POL-KNO-DISCARD","08-security/policies-slc12.md","1"
"POL-KNO-DRAFT","08-security/policies-slc12.md","1"
"POL-KNO-EDIT","08-security/policies-slc12.md","1"
"POL-KNO-PUBLISH","08-security/policies-slc12.md","1"
"POL-KNO-RECORD-REUSE","08-security/policies-slc12.md","1"
"POL-KNO-REJECT","08-security/policies-slc12.md","1"
"POL-KNO-RETIRE","08-security/policies-slc12.md","1"
"POL-KNO-RETURN","08-security/policies-slc12.md","1"
"POL-KNO-SEARCH","08-security/policies-slc12.md","1"
"POL-KNO-SUBMIT","08-security/policies-slc12.md","1"
"POL-KNO-SUGGEST","08-security/policies-slc12.md","1"
"POL-LABEL-CHECK","08-security/policies-slc05.md","1"
"POL-LGR-CANCEL","08-security/policies-slc18.md","1"
"POL-LGR-DISPATCH","08-security/policies-slc18.md","1"
"POL-LGR-GET","08-security/policies-slc18.md","1"
"POL-LGR-LIST","08-security/policies-slc18.md","1"
"POL-LGR-REQUEST","08-security/policies-slc18.md","1"
"POL-LHD-APPROVE-RELEASE","08-security/policies-slc12a.md","1"
"POL-LHD-CANCEL-RELEASE","08-security/policies-slc12a.md","1"
"POL-LHD-CHECK","08-security/policies-slc12a.md","1"
"POL-LHD-EXTEND","08-security/policies-slc12a.md","1"
"POL-LHD-LIST","08-security/policies-slc12a.md","1"
"POL-LHD-PLACE","08-security/policies-slc12a.md","1"
"POL-LHD-REQUEST-RELEASE","08-security/policies-slc12a.md","1"
"POL-LIN-TRACE","08-security/policies-slc02.md","1"
"POL-MDL-APPROVE","08-security/policies-slc10.md","1"
"POL-MDL-DEPRECATE","08-security/policies-slc10.md","1"
"POL-MDL-FAIL-EVALUATION","08-security/policies-slc10.md","1"
"POL-MDL-LIST","08-security/policies-slc10.md","1"
"POL-MDL-PROMOTE","08-security/policies-slc10.md","1"
"POL-MDL-REGISTER","08-security/policies-slc10.md","1"
"POL-MDL-REINSTATE","08-security/policies-slc10.md","1"
"POL-MDL-RETIRE","08-security/policies-slc10.md","1"
"POL-MDL-STAGE","08-security/policies-slc10.md","1"
"POL-MDL-START-EVALUATION","08-security/policies-slc10.md","1"
"POL-MNT-CANCEL","08-security/policies-slc09.md","1"
"POL-MNT-COMPLETE","08-security/policies-slc09.md","1"
"POL-MNT-PLAN","08-security/policies-slc09.md","1"
"POL-MNT-RESCHEDULE","08-security/policies-slc09.md","1"
"POL-MNT-SCHEDULE","08-security/policies-slc09.md","1"
"POL-MNT-START","08-security/policies-slc09.md","1"
"POL-MRS-ACTIVATE","08-security/policies-slc04.md","1"
"POL-MRS-DRAFT","08-security/policies-slc04.md","1"
"POL-MRS-EDIT","08-security/policies-slc04.md","1"
"POL-MRS-GET","08-security/policies-slc04.md","1"
"POL-NTF-INBOX","08-security/policies-slc06.md","1"
"POL-NTF-MARK-READ","08-security/policies-slc06.md","1"
"POL-OBS-AMEND","08-security/policies-slc02.md","1"
"POL-OBS-ATTACH-EVIDENCE","08-security/policies-slc02.md","1"
"POL-OBS-GET","08-security/policies-slc02.md","1"
"POL-OBS-LIST","08-security/policies-slc02.md","1"
"POL-OBS-RECLASSIFY","08-security/policies-slc02.md","1"
"POL-OBS-RECORD","08-security/policies-slc02.md","1"
"POL-OBS-REJECT","08-security/policies-slc02.md","1"
"POL-OBS-VALIDATE","08-security/policies-slc02.md","1"
"POL-OFFLINE-PRELOAD","08-security/authorization-model.md","1"
"POL-ORG-ADD-UNIT","08-security/policies-slc01.md","1"
"POL-ORG-CREATE","08-security/policies-slc01.md","1"
"POL-ORG-DEACTIVATE","08-security/policies-slc01.md","1"
"POL-ORG-DEACTIVATE-UNIT","08-security/policies-slc01.md","1"
"POL-ORG-MOVE-UNIT","08-security/policies-slc01.md","1"
"POL-ORG-REACTIVATE","08-security/policies-slc01.md","1"
"POL-ORG-RENAME","08-security/policies-slc01.md","1"
"POL-ORG-RENAME-UNIT","08-security/policies-slc01.md","1"
"POL-ORG-TREE","08-security/policies-slc01.md","1"
"POL-OUT-CORRECT","08-security/policies-slc08.md","1"
"POL-OUT-RECORD","08-security/policies-slc08.md","1"
"POL-OUT-SERIES","08-security/policies-slc08.md","1"
"POL-PDP-DECIDE","08-security/policies-slc01.md","1"
"POL-PER-DEACTIVATE","08-security/policies-slc01.md","1"
"POL-PER-ERASE","08-security/policies-slc01.md","1"
"POL-PER-REACTIVATE","08-security/policies-slc01.md","1"
"POL-PER-REGISTER","08-security/policies-slc01.md","1"
"POL-PERSONAL-DATA","08-security/authorization-model.md","1"
"POL-PER-UPDATE-DETAILS","08-security/policies-slc01.md","1"
"POL-PKG-CONFIRM-DOWNLOAD","08-security/policies-slc11.md","1"
"POL-PKG-GET","08-security/policies-slc11.md","1"
"POL-PKG-REQUEST","08-security/policies-slc11.md","1"
"POL-PKG-REVOKE","08-security/policies-slc11.md","1"
"POL-PLN-CANCEL","08-security/policies-slc08.md","1"
"POL-PLN-CLOSE","08-security/policies-slc08.md","1"
"POL-PLN-COMPLETE","08-security/policies-slc08.md","1"
"POL-PLN-CREATE","08-security/policies-slc08.md","1"
"POL-PLN-GET","08-security/policies-slc08.md","1"
"POL-PLN-PROGRESS","08-security/policies-slc08.md","1"
"POL-PLN-RECLASSIFY","08-security/policies-slc08.md","1"
"POL-PLN-RESUME","08-security/policies-slc08.md","1"
"POL-PLN-SUSPEND","08-security/policies-slc08.md","1"
"POL-PLV-AMEND-MINOR","08-security/policies-slc08.md","1"
"POL-PLV-APPROVE","08-security/policies-slc08.md","1"
"POL-PLV-DIFF","08-security/policies-slc08.md","1"
"POL-PLV-DISCARD","08-security/policies-slc08.md","1"
"POL-PLV-DRAFT","08-security/policies-slc08.md","1"
"POL-PLV-EDIT","08-security/policies-slc08.md","1"
"POL-PLV-LIST","08-security/policies-slc08.md","1"
"POL-PLV-REJECT","08-security/policies-slc08.md","1"
"POL-PLV-RETURN","08-security/policies-slc08.md","1"
"POL-PLV-SUBMIT","08-security/policies-slc08.md","1"
"POL-POL-APPROVE","08-security/policies-slc01.md","1"
"POL-POL-DRAFT","08-security/policies-slc01.md","1"
"POL-POL-EDIT","08-security/policies-slc01.md","1"
"POL-POL-GET","08-security/policies-slc01.md","1"
"POL-POL-REJECT","08-security/policies-slc01.md","1"
"POL-POL-SUBMIT","08-security/policies-slc01.md","1"
"POL-POL-TIMELINE","08-security/policies-slc09.md","1"
"POL-PRD-APPROVE","08-security/policies-slc12.md","1"
"POL-PRD-CREATE","08-security/policies-slc12.md","1"
"POL-PRD-DISCARD","08-security/policies-slc12.md","1"
"POL-PRD-EDIT-NARRATIVE","08-security/policies-slc12.md","1"
"POL-PRD-GENERATE","08-security/policies-slc12.md","1"
"POL-PRD-GET","08-security/policies-slc12.md","1"
"POL-PRD-LIST","08-security/policies-slc12.md","1"
"POL-PRD-RETURN","08-security/policies-slc12.md","1"
"POL-PRD-SUBMIT","08-security/policies-slc12.md","1"
"POL-PRD-WITHDRAW","08-security/policies-slc12.md","1"
"POL-PRJ-CANCEL-BUILD","08-security/policies-slc05.md","1"
"POL-PRJ-CREATE-VERSION","08-security/policies-slc05.md","1"
"POL-PRJ-PROMOTE","08-security/policies-slc05.md","1"
"POL-PRJ-RETIRE","08-security/policies-slc05.md","1"
"POL-PRJ-STATUS","08-security/policies-slc05.md","1"
"POL-PTM-ACTIVATE","08-security/policies-slc12.md","1"
"POL-PTM-DEFINE","08-security/policies-slc12.md","1"
"POL-PTM-EDIT","08-security/policies-slc12.md","1"
"POL-PTM-RETIRE","08-security/policies-slc12.md","1"
"POL-QUAL-LIST","08-security/policies-slc03.md","1"
"POL-QUAL-RECORD","08-security/policies-slc03.md","1"
"POL-QUAL-REINSTATE","08-security/policies-slc03.md","1"
"POL-QUAL-RENEW","08-security/policies-slc03.md","1"
"POL-QUAL-REVOKE","08-security/policies-slc03.md","1"
"POL-QUAL-SUSPEND","08-security/policies-slc03.md","1"
"POL-RAS-ASSIGN","08-security/policies-slc01.md","1"
"POL-RAS-REVOKE","08-security/policies-slc01.md","1"
"POL-READINESS","08-security/policies-slc09.md","1"
"POL-REC-CANCEL","08-security/policies-slc12.md","1"
"POL-REC-REPORT","08-security/policies-slc12.md","1"
"POL-REC-REQUEST","08-security/policies-slc12.md","1"
"POL-REL-LIST","08-security/policies-slc02.md","1"
"POL-REL-RECLASSIFY","08-security/policies-slc02.md","1"
"POL-REL-REGISTER","08-security/policies-slc02.md","1"
"POL-REL-REINSTATE","08-security/policies-slc02.md","1"
"POL-REL-RETIRE","08-security/policies-slc02.md","1"
"POL-RIS-ASSESS","08-security/policies-slc17.md","1"
"POL-RIS-CLOSE","08-security/policies-slc17.md","1"
"POL-RIS-GET","08-security/policies-slc17.md","1"
"POL-RIS-IDENTIFY","08-security/policies-slc17.md","1"
"POL-RIS-PLAN-TREATMENT","08-security/policies-slc17.md","1"
"POL-RIS-REASSESS","08-security/policies-slc17.md","1"
"POL-RIS-REGISTER","08-security/policies-slc17.md","1"
"POL-ROL-ACTIVATE","08-security/policies-slc01.md","1"
"POL-ROL-DEFINE","08-security/policies-slc01.md","1"
"POL-ROL-RETIRE","08-security/policies-slc01.md","1"
"POL-ROL-SET-PERMISSIONS","08-security/policies-slc01.md","1"
"POL-RPL-ADJUST-CAPACITY","08-security/policies-slc09.md","1"
"POL-RPL-CLOSE","08-security/policies-slc09.md","1"
"POL-RPL-CREATE","08-security/policies-slc09.md","1"
"POL-RPL-RESUME","08-security/policies-slc09.md","1"
"POL-RPL-SUSPEND","08-security/policies-slc09.md","1"
"POL-RRQ-ACTIVATE","08-security/policies-slc09.md","1"
"POL-RRQ-DEFINE","08-security/policies-slc09.md","1"
"POL-RRQ-EDIT","08-security/policies-slc09.md","1"
"POL-RRQ-RETIRE","08-security/policies-slc09.md","1"
"POL-RSV-CANCEL","08-security/policies-slc09.md","1"
"POL-RSV-CONFIRM","08-security/policies-slc09.md","1"
"POL-RSV-HOLD","08-security/policies-slc09.md","1"
"POL-RSV-RELEASE","08-security/policies-slc09.md","1"
"POL-RTG-ACTIVATE","08-security/policies-slc10.md","1"
"POL-RTG-ACTIVE","08-security/policies-slc10.md","1"
"POL-RTG-DISCARD","08-security/policies-slc10.md","1"
"POL-RTG-DRAFT","08-security/policies-slc10.md","1"
"POL-RTG-EDIT","08-security/policies-slc10.md","1"
"POL-RTS-ACTIVATE","08-security/policies-slc12a.md","1"
"POL-RTS-ACTIVE","08-security/policies-slc12a.md","1"
"POL-RTS-DISCARD","08-security/policies-slc12a.md","1"
"POL-RTS-DRAFT","08-security/policies-slc12a.md","1"
"POL-RTS-EDIT","08-security/policies-slc12a.md","1"
"POL-RUN-ARTIFACT","08-security/policies-slc07.md","1"
"POL-RUN-CANCEL","08-security/policies-slc07.md","1"
"POL-RUN-GET","08-security/policies-slc07.md","1"
"POL-RUN-REPRODUCE","08-security/policies-slc07.md","1"
"POL-RUN-SUBMIT","08-security/policies-slc07.md","1"
"POL-RWE-CHANGE-TYPE","08-security/policies-slc02.md","1"
"POL-RWE-GET","08-security/policies-slc02.md","1"
"POL-RWE-RECLASSIFY","08-security/policies-slc02.md","1"
"POL-RWE-REGISTER","08-security/policies-slc02.md","1"
"POL-RWE-REINSTATE","08-security/policies-slc02.md","1"
"POL-RWE-RETIRE","08-security/policies-slc02.md","1"
"POL-SCF-ASSIGN","08-security/policies-slc11.md","1"
"POL-SCF-DISCARD","08-security/policies-slc11.md","1"
"POL-SCF-GET","08-security/policies-slc11.md","1"
"POL-SCF-LIST","08-security/policies-slc11.md","1"
"POL-SCF-REAPPLY","08-security/policies-slc11.md","1"
"POL-SCF-RESOLVE-MANUALLY","08-security/policies-slc11.md","1"
"POL-SCN-ACTIVATE","08-security/policies-slc19.md","1"
"POL-SCN-COMPARE","08-security/policies-slc07.md","1"
"POL-SCN-DEFINE","08-security/policies-slc19.md","1"
"POL-SCN-EDIT","08-security/policies-slc19.md","1"
"POL-SCN-GET","08-security/policies-slc19.md","1"
"POL-SCN-LIST","08-security/policies-slc19.md","1"
"POL-SCN-RETIRE","08-security/policies-slc19.md","1"
"POL-SEC-CONTEXT","08-security/policies-slc01.md","1"
"POL-SHP-CANCEL","08-security/policies-slc18.md","1"
"POL-SHP-DELIVER","08-security/policies-slc18.md","1"
"POL-SHP-DEPART","08-security/policies-slc18.md","1"
"POL-SHP-GET","08-security/policies-slc18.md","1"
"POL-SHP-LIST","08-security/policies-slc18.md","1"
"POL-SHP-PLAN","08-security/policies-slc18.md","1"
"POL-SHP-RECORD-CHECKPOINT","08-security/policies-slc18.md","1"
"POL-SHP-REPORT-DAMAGE","08-security/policies-slc18.md","1"
"POL-SHP-REPORT-LOST","08-security/policies-slc18.md","1"
"POL-SHP-TRACKING","08-security/policies-slc18.md","1"
"POL-SIM-ABORT","08-security/policies-slc19.md","1"
"POL-SIM-COMPLETE","08-security/policies-slc19.md","1"
"POL-SIM-DELIVER-INJECT","08-security/policies-slc19.md","1"
"POL-SIM-GET","08-security/policies-slc19.md","1"
"POL-SIM-LIST","08-security/policies-slc19.md","1"
"POL-SIM-PAUSE","08-security/policies-slc19.md","1"
"POL-SIM-RECORD-EVALUATION","08-security/policies-slc19.md","1"
"POL-SIM-RESUME","08-security/policies-slc19.md","1"
"POL-SIM-START","08-security/policies-slc19.md","1"
"POL-SIM-TIMELINE","08-security/policies-slc19.md","1"
"POL-SIT-ACTIVATE","08-security/policies-slc06.md","1"
"POL-SIT-CHANGES","08-security/policies-slc06.md","1"
"POL-SIT-CLOSE","08-security/policies-slc06.md","1"
"POL-SIT-COP","08-security/policies-slc06.md","1"
"POL-SIT-CREATE","08-security/policies-slc06.md","1"
"POL-SIT-EDIT-DEFINITION","08-security/policies-slc06.md","1"
"POL-SIT-GET","08-security/policies-slc06.md","1"
"POL-SIT-LIST","08-security/policies-slc06.md","1"
"POL-SIT-PAUSE","08-security/policies-slc06.md","1"
"POL-SIT-RECLASSIFY","08-security/policies-slc06.md","1"
"POL-SIT-RESUME","08-security/policies-slc06.md","1"
"POL-SIT-TILE","08-security/policies-slc06.md","1"
"POL-SNS-ACTIVATE","08-security/policies-slc16.md","1"
"POL-SNS-LIST","08-security/policies-slc16.md","1"
"POL-SNS-PAUSE","08-security/policies-slc16.md","1"
"POL-SNS-REGISTER","08-security/policies-slc16.md","1"
"POL-SNS-RETIRE","08-security/policies-slc16.md","1"
"POL-SNS-SET-QUALITY-RULES","08-security/policies-slc16.md","1"
"POL-SRC-GET","08-security/policies-slc02.md","1"
"POL-SRCH-QUERY","08-security/policies-slc05.md","1"
"POL-SRCH-SUGGEST","08-security/policies-slc05.md","1"
"POL-SRC-RATE-RELIABILITY","08-security/policies-slc02.md","1"
"POL-SRC-RECLASSIFY","08-security/policies-slc02.md","1"
"POL-SRC-REGISTER","08-security/policies-slc02.md","1"
"POL-SRC-REINSTATE","08-security/policies-slc02.md","1"
"POL-SRC-RETIRE","08-security/policies-slc02.md","1"
"POL-SRC-SET-PROTECTION","08-security/policies-slc02.md","1"
"POL-SRC-SUSPEND","08-security/policies-slc02.md","1"
"POL-SRC-UPDATE-PROFILE","08-security/policies-slc02.md","1"
"POL-SUB-PAUSE","08-security/policies-slc06.md","1"
"POL-SUB-RESUME","08-security/policies-slc06.md","1"
"POL-SUB-SUBSCRIBE","08-security/policies-slc06.md","1"
"POL-SUB-UNSUBSCRIBE","08-security/policies-slc06.md","1"
"POL-SUB-UPDATE-CHANNELS","08-security/policies-slc06.md","1"
"POL-SVC-CLOSE","08-security/policies-slc01.md","1"
"POL-SVC-CREATE","08-security/policies-slc01.md","1"
"POL-SVC-DISABLE","08-security/policies-slc01.md","1"
"POL-SVC-ENABLE","08-security/policies-slc01.md","1"
"POL-SVC-ROTATE-CREDENTIAL","08-security/policies-slc01.md","1"
"POL-SYN-DELTA","08-security/policies-slc11.md","1"
"POL-SYN-OPEN","08-security/policies-slc11.md","1"
"POL-SYN-UPLOAD-BATCH","08-security/policies-slc11.md","1"
"POL-TASK-ACCEPT","08-security/policies-slc03.md","1"
"POL-TASK-ADD-RESULT-ITEM","08-security/policies-slc03.md","1"
"POL-TASK-APPROVE","08-security/policies-slc03.md","1"
"POL-TASK-APPROVE-SOD","08-security/authorization-model.md","1"
"POL-TASK-ASSIGN","08-security/policies-slc03.md","1"
"POL-TASK-BLOCK","08-security/policies-slc03.md","1"
"POL-TASK-CANCEL","08-security/policies-slc03.md","1"
"POL-TASK-CLOSE","08-security/policies-slc03.md","1"
"POL-TASK-COMPLETE","08-security/authorization-model.md;08-security/policies-slc03.md","2"
"POL-TASK-CREATE","08-security/policies-slc03.md","1"
"POL-TASK-DECLINE","08-security/policies-slc03.md","1"
"POL-TASK-EDIT","08-security/policies-slc03.md","1"
"POL-TASK-ESCALATE","08-security/policies-slc03.md","1"
"POL-TASK-GET","08-security/policies-slc03.md","1"
"POL-TASK-HISTORY","08-security/policies-slc03.md","1"
"POL-TASK-LIST","08-security/policies-slc03.md","1"
"POL-TASK-MARK-READY","08-security/policies-slc03.md","1"
"POL-TASK-REASSIGN","08-security/policies-slc03.md","1"
"POL-TASK-RECLASSIFY","08-security/policies-slc03.md","1"
"POL-TASK-REJECT","08-security/policies-slc03.md","1"
"POL-TASK-RESUME","08-security/policies-slc03.md","1"
"POL-TASK-RETURN","08-security/policies-slc03.md","1"
"POL-TASK-SET-DUE","08-security/policies-slc03.md","1"
"POL-TASK-START","08-security/policies-slc03.md","1"
"POL-TASK-START-REVIEW","08-security/policies-slc03.md","1"
"POL-TASK-SUBMIT","08-security/policies-slc03.md","1"
"POL-TASK-SUSPEND","08-security/policies-slc03.md","1"
"POL-TASK-UNSUSPEND","08-security/policies-slc03.md","1"
"POL-TEN-COMPLETE-CELL-MIGRATION","08-security/policies-slc01.md","1"
"POL-TEN-COMPLETE-DECOMMISSION","08-security/policies-slc01.md","1"
"POL-TEN-COMPLETE-PROVISIONING","08-security/policies-slc01.md","1"
"POL-TEN-FAIL-PROVISIONING","08-security/policies-slc01.md","1"
"POL-TEN-GET","08-security/policies-slc01.md","1"
"POL-TEN-PROVISION","08-security/policies-slc01.md","1"
"POL-TEN-REACTIVATE","08-security/policies-slc01.md","1"
"POL-TEN-RETRY-PROVISIONING","08-security/policies-slc01.md","1"
"POL-TEN-START-CELL-MIGRATION","08-security/policies-slc01.md","1"
"POL-TEN-START-DECOMMISSION","08-security/policies-slc01.md","1"
"POL-TEN-SUSPEND","08-security/policies-slc01.md","1"
"POL-TEN-UPDATE-QUOTAS","08-security/policies-slc01.md","1"
"POL-TOL-ACTIVATE","08-security/policies-slc10.md","1"
"POL-TOL-DISABLE","08-security/policies-slc10.md","1"
"POL-TOL-ENABLE","08-security/policies-slc10.md","1"
"POL-TOL-LIST","08-security/policies-slc10.md","1"
"POL-TOL-REGISTER","08-security/policies-slc10.md","1"
"POL-TOL-RETIRE","08-security/policies-slc10.md","1"
"POL-TTY-ACTIVATE","08-security/policies-slc03.md","1"
"POL-TTY-DEFINE","08-security/policies-slc03.md","1"
"POL-TTY-EDIT","08-security/policies-slc03.md","1"
"POL-TTY-GET","08-security/policies-slc03.md","1"
"POL-TTY-RETIRE","08-security/policies-slc03.md","1"
"POL-USR-CLOSE","08-security/policies-slc01.md","1"
"POL-USR-DISABLE","08-security/policies-slc01.md","1"
"POL-USR-ENABLE","08-security/policies-slc01.md","1"
"POL-USR-GET","08-security/policies-slc01.md","1"
"POL-USR-LINK-IDENTITY","08-security/policies-slc01.md","1"
"POL-USR-LINK-PERSON","08-security/policies-slc01.md","1"
"POL-USR-LIST","08-security/policies-slc01.md","1"
"POL-USR-LOCK","08-security/policies-slc01.md","1"
"POL-USR-PROVISION","08-security/policies-slc01.md","1"
"POL-USR-RECORD-FIRST-SIGN-IN","08-security/policies-slc01.md","1"
"POL-USR-UNLINK-IDENTITY","08-security/policies-slc01.md","1"
"POL-USR-UNLOCK","08-security/policies-slc01.md","1"
"PRIVACY-THREATS","08-security/privacy-threats.md","1"
"PROP-SLC01","13-verification/invariant-properties-slc01.md","1"
"PROP-SLC02","13-verification/invariant-properties-slc02.md","1"
"PROP-SLC03","13-verification/invariant-properties-slc03.md","1"
"PROP-SLC04","13-verification/invariant-properties-slc04.md","1"
"PROP-SLC05","13-verification/invariant-properties-slc05.md","1"
"PROP-SLC06","13-verification/invariant-properties-slc06.md","1"
"PROP-SLC07","13-verification/invariant-properties-slc07.md","1"
"PROP-SLC08","13-verification/invariant-properties-slc08.md","1"
"PROP-SLC09","13-verification/invariant-properties-slc09.md","1"
"PROP-SLC10","13-verification/invariant-properties-slc10.md","1"
"PROP-SLC11","13-verification/invariant-properties-slc11.md","1"
"PROP-SLC12","13-verification/invariant-properties-slc12.md","1"
"PROP-SLC12A","13-verification/invariant-properties-slc12a.md","1"
"PROP-SLC14","13-verification/invariant-properties-slc14.md","1"
"PROP-SLC15","13-verification/invariant-properties-slc15.md","1"
"PROP-SLC16","13-verification/invariant-properties-slc16.md","1"
"PROP-SLC17","13-verification/invariant-properties-slc17.md","1"
"PROP-SLC18","13-verification/invariant-properties-slc18.md","1"
"PROP-SLC19","13-verification/invariant-properties-slc19.md","1"
"PRV-01","08-security/privacy-threats.md","1"
"PRV-02","08-security/privacy-threats.md","1"
"PRV-03","08-security/privacy-threats.md","1"
"PRV-04","08-security/privacy-threats.md","1"
"PRV-05","08-security/privacy-threats.md","1"
"PRV-06","08-security/privacy-threats.md","1"
"PRV-07","08-security/privacy-threats.md","1"
"QAS-ACC-001","02-requirements/quality-scenarios.md;15-traceability/quality-verification-matrix.md","2"
"QAS-AI-001","02-requirements/quality-scenarios.md;15-traceability/quality-verification-matrix.md","2"
"QAS-AI-002","02-requirements/quality-scenarios.md;15-traceability/quality-verification-matrix.md","2"
"QAS-AI-003","02-requirements/quality-scenarios.md;15-traceability/quality-verification-matrix.md","2"
"QAS-AI-004","02-requirements/quality-scenarios.md;15-traceability/quality-verification-matrix.md","2"
"QAS-AI-005","02-requirements/quality-scenarios.md;15-traceability/quality-verification-matrix.md","2"
"QAS-ARC-001","02-requirements/quality-scenarios.md;15-traceability/quality-verification-matrix.md","2"
"QAS-ARC-002","02-requirements/quality-scenarios.md;15-traceability/quality-verification-matrix.md","2"
"QAS-ARC-003","02-requirements/quality-scenarios.md;15-traceability/quality-verification-matrix.md","2"
"QAS-AUD-001","02-requirements/quality-scenarios.md;15-traceability/quality-verification-matrix.md;15-traceability/trace-slc01.md","3"
"QAS-AVL-001","02-requirements/quality-scenarios.md;15-traceability/quality-verification-matrix.md","2"
"QAS-AVL-002","02-requirements/quality-scenarios.md;15-traceability/quality-verification-matrix.md","2"
"QAS-AVL-003","02-requirements/quality-scenarios.md;15-traceability/quality-verification-matrix.md","2"
"QAS-CAT","02-requirements/quality-scenarios.md","1"
"QAS-CNF-001","02-requirements/quality-scenarios.md;07-quality/workloads-slc04.md;15-traceability/quality-verification-matrix.md","3"
"QAS-COL-001","02-requirements/quality-scenarios.md;15-traceability/quality-verification-matrix.md","2"
"QAS-COST-001","02-requirements/quality-scenarios.md;15-traceability/quality-verification-matrix.md","2"
"QAS-DQ-001","02-requirements/quality-scenarios.md;15-traceability/quality-verification-matrix.md","2"
"QAS-ER-001","02-requirements/quality-scenarios.md;07-quality/workloads-slc04.md;15-traceability/quality-verification-matrix.md","3"
"QAS-ER-002","02-requirements/quality-scenarios.md;07-quality/workloads-slc04.md;15-traceability/quality-verification-matrix.md","3"
"QAS-ER-003","02-requirements/quality-scenarios.md;07-quality/workloads-slc04.md;15-traceability/quality-verification-matrix.md","3"
"QAS-EVO-001","02-requirements/quality-scenarios.md;15-traceability/quality-verification-matrix.md","2"
"QAS-GOV-001","02-requirements/quality-scenarios.md;07-quality/workloads-slc12a.md;15-traceability/quality-verification-matrix.md","3"
"QAS-INT-001","02-requirements/quality-scenarios.md;15-traceability/quality-verification-matrix.md","2"
"QAS-KNW-001","02-requirements/quality-scenarios.md;15-traceability/quality-verification-matrix.md","2"
"QAS-LOG-001","02-requirements/quality-scenarios.md","1"
"QAS-LOG-002","02-requirements/quality-scenarios.md","1"
"QAS-OBS-001","02-requirements/quality-scenarios.md;15-traceability/quality-verification-matrix.md","2"
"QAS-OFF-001","02-requirements/quality-scenarios.md;15-traceability/quality-verification-matrix.md","2"
"QAS-OFF-002","02-requirements/quality-scenarios.md;07-quality/workloads-slc11.md;15-traceability/quality-verification-matrix.md","3"
"QAS-OFF-003","02-requirements/quality-scenarios.md;07-quality/workloads-slc11.md;15-traceability/quality-verification-matrix.md","3"
"QAS-OPS-001","02-requirements/quality-scenarios.md;15-traceability/quality-verification-matrix.md","2"
"QAS-OPS-002","02-requirements/quality-scenarios.md;07-quality/workloads-slc03.md;15-traceability/quality-verification-matrix.md","3"
"QAS-OPS-003","02-requirements/quality-scenarios.md;07-quality/workloads-slc06.md;15-traceability/quality-verification-matrix.md","3"
"QAS-PERF-001","02-requirements/quality-scenarios.md;15-traceability/quality-verification-matrix.md","2"
"QAS-PERF-002","02-requirements/quality-scenarios.md;15-traceability/quality-verification-matrix.md","2"
"QAS-PERF-003","02-requirements/quality-scenarios.md;15-traceability/quality-verification-matrix.md","2"
"QAS-PERF-004","02-requirements/quality-scenarios.md;15-traceability/quality-verification-matrix.md","2"
"QAS-PERF-005","02-requirements/quality-scenarios.md;15-traceability/quality-verification-matrix.md","2"
"QAS-PERF-006","02-requirements/quality-scenarios.md;15-traceability/quality-verification-matrix.md","2"
"QAS-PERF-007","02-requirements/quality-scenarios.md;15-traceability/quality-verification-matrix.md","2"
"QAS-PERF-008","02-requirements/quality-scenarios.md;15-traceability/quality-verification-matrix.md","2"
"QAS-PERF-009","02-requirements/quality-scenarios.md;07-quality/workloads-slc01.md;15-traceability/quality-verification-matrix.md;15-traceability/trace-slc01.md","4"
"QAS-PERF-010","02-requirements/quality-scenarios.md;07-quality/workloads-slc01.md;15-traceability/quality-verification-matrix.md;15-traceability/trace-slc01.md","4"
"QAS-PERF-011","02-requirements/quality-scenarios.md;07-quality/workloads-slc01.md;15-traceability/quality-verification-matrix.md;15-traceability/trace-slc01.md","4"
"QAS-PERF-012","02-requirements/quality-scenarios.md;07-quality/workloads-slc02.md;15-traceability/quality-verification-matrix.md","3"
"QAS-PERF-013","02-requirements/quality-scenarios.md;07-quality/workloads-slc02.md;15-traceability/quality-verification-matrix.md","3"
"QAS-PERF-014","02-requirements/quality-scenarios.md;07-quality/workloads-slc02.md;15-traceability/quality-verification-matrix.md","3"
"QAS-PERF-015","02-requirements/quality-scenarios.md;07-quality/workloads-slc04.md;15-traceability/quality-verification-matrix.md","3"
"QAS-PERF-016","02-requirements/quality-scenarios.md;07-quality/workloads-slc03.md;15-traceability/quality-verification-matrix.md","3"
"QAS-PERF-017","02-requirements/quality-scenarios.md;07-quality/workloads-slc03.md;15-traceability/quality-verification-matrix.md","3"
"QAS-PERF-018","02-requirements/quality-scenarios.md;07-quality/workloads-slc05.md;15-traceability/quality-verification-matrix.md","3"
"QAS-PERF-019","02-requirements/quality-scenarios.md;07-quality/workloads-slc06.md;15-traceability/quality-verification-matrix.md","3"
"QAS-PERF-020","02-requirements/quality-scenarios.md;07-quality/workloads-slc07.md;15-traceability/quality-verification-matrix.md","3"
"QAS-PERF-021","02-requirements/quality-scenarios.md;07-quality/workloads-slc08.md;15-traceability/quality-verification-matrix.md","3"
"QAS-PRD-001","02-requirements/quality-scenarios.md;15-traceability/quality-verification-matrix.md","2"
"QAS-PRD-002","02-requirements/quality-scenarios.md;15-traceability/quality-verification-matrix.md","2"
"QAS-PRV-001","02-requirements/quality-scenarios.md;15-traceability/quality-verification-matrix.md","2"
"QAS-PRV-002","02-requirements/quality-scenarios.md;07-quality/workloads-slc12a.md;15-traceability/quality-verification-matrix.md","3"
"QAS-RCM-001","02-requirements/quality-scenarios.md;15-traceability/quality-verification-matrix.md","2"
"QAS-RCM-002","02-requirements/quality-scenarios.md;15-traceability/quality-verification-matrix.md","2"
"QAS-REC-001","02-requirements/quality-scenarios.md;15-traceability/quality-verification-matrix.md","2"
"QAS-REC-002","02-requirements/quality-scenarios.md;15-traceability/quality-verification-matrix.md","2"
"QAS-REC-003","02-requirements/quality-scenarios.md;15-traceability/quality-verification-matrix.md","2"
"QAS-REL-001","02-requirements/quality-scenarios.md;15-traceability/quality-verification-matrix.md","2"
"QAS-REL-002","02-requirements/quality-scenarios.md;15-traceability/quality-verification-matrix.md","2"
"QAS-REL-003","02-requirements/quality-scenarios.md;15-traceability/quality-verification-matrix.md","2"
"QAS-REL-004","02-requirements/quality-scenarios.md;07-quality/workloads-slc05.md;15-traceability/quality-verification-matrix.md","3"
"QAS-RES-001","02-requirements/quality-scenarios.md;15-traceability/quality-verification-matrix.md","2"
"QAS-RES-002","02-requirements/quality-scenarios.md;15-traceability/quality-verification-matrix.md","2"
"QAS-SCAL-001","02-requirements/quality-scenarios.md;15-traceability/quality-verification-matrix.md","2"
"QAS-SCAL-002","02-requirements/quality-scenarios.md;15-traceability/quality-verification-matrix.md","2"
"QAS-SCAL-003","02-requirements/quality-scenarios.md;15-traceability/quality-verification-matrix.md;15-traceability/trace-slc01.md","3"
"QAS-SCAL-004","02-requirements/quality-scenarios.md;15-traceability/quality-verification-matrix.md","2"
"QAS-SCAL-005","02-requirements/quality-scenarios.md;15-traceability/quality-verification-matrix.md","2"
"QAS-SEC-001","02-requirements/quality-scenarios.md;15-traceability/quality-verification-matrix.md;15-traceability/trace-slc01.md","3"
"QAS-SEC-002","02-requirements/quality-scenarios.md;15-traceability/quality-verification-matrix.md","2"
"QAS-SEC-003","02-requirements/quality-scenarios.md;15-traceability/quality-verification-matrix.md;15-traceability/trace-slc01.md","3"
"QAS-SEC-004","02-requirements/quality-scenarios.md;15-traceability/quality-verification-matrix.md","2"
"QAS-SEC-005","02-requirements/quality-scenarios.md;15-traceability/quality-verification-matrix.md;15-traceability/trace-slc01.md","3"
"QAS-SEC-006","02-requirements/quality-scenarios.md;15-traceability/quality-verification-matrix.md;15-traceability/trace-slc01.md","3"
"QAS-SEC-007","02-requirements/quality-scenarios.md;15-traceability/quality-verification-matrix.md","2"
"QAS-SEC-008","02-requirements/quality-scenarios.md;07-quality/workloads-slc01.md;15-traceability/quality-verification-matrix.md;15-traceability/trace-slc01.md","4"
"QAS-SEC-009","02-requirements/quality-scenarios.md;07-quality/workloads-slc02.md;15-traceability/quality-verification-matrix.md","3"
"QAS-SEC-010","02-requirements/quality-scenarios.md;07-quality/workloads-slc02.md;15-traceability/quality-verification-matrix.md","3"
"QAS-SEC-011","02-requirements/quality-scenarios.md;07-quality/workloads-slc05.md;15-traceability/quality-verification-matrix.md","3"
"QAS-SEC-012","02-requirements/quality-scenarios.md;07-quality/workloads-slc06.md;15-traceability/quality-verification-matrix.md","3"
"QAS-SEC-013","02-requirements/quality-scenarios.md;07-quality/workloads-slc07.md;15-traceability/quality-verification-matrix.md","3"
"QAS-TMP-001","02-requirements/quality-scenarios.md;15-traceability/quality-verification-matrix.md","2"
"QAS-TRC-001","02-requirements/quality-scenarios.md;15-traceability/quality-verification-matrix.md","2"
"QAS-TRC-002","02-requirements/quality-scenarios.md;15-traceability/quality-verification-matrix.md","2"
"QAS-TRC-003","02-requirements/quality-scenarios.md;07-quality/workloads-slc08.md;15-traceability/quality-verification-matrix.md","3"
"QAS-TRX-001","02-requirements/quality-scenarios.md","1"
"QAS-TRX-002","02-requirements/quality-scenarios.md","1"
"QAS-USA-001","02-requirements/quality-scenarios.md;15-traceability/quality-verification-matrix.md","2"
"QAS-USA-002","02-requirements/quality-scenarios.md;15-traceability/quality-verification-matrix.md","2"
"QRY-ACS-GET","03-domain/contexts/BC03/queries-slc07.md","1"
"QRY-ACS-LIST","03-domain/contexts/BC03/queries-slc07.md","1"
"QRY-ADP-GET","03-domain/contexts/BC07/queries-slc02.md","1"
"QRY-AIR-CONTEXT","03-domain/contexts/BC07/queries-slc10.md","1"
"QRY-AIR-GET","03-domain/contexts/BC07/queries-slc10.md","1"
"QRY-AIRS-QUEUE","03-domain/contexts/BC07/queries-slc10.md","1"
"QRY-AI-USAGE","03-domain/contexts/BC07/queries-slc10.md","1"
"QRY-ALC-LIST","03-domain/contexts/BC05/queries-slc09.md","1"
"QRY-ALR-LIST","03-domain/contexts/BC03/queries-slc06.md","1"
"QRY-AMT-LIST","03-domain/contexts/BC03/queries-slc07.md","1"
"QRY-ARC-RETRIEVE","03-domain/contexts/BC06/queries-slc12.md","1"
"QRY-ARC-SEARCH","03-domain/contexts/BC06/queries-slc12.md","1"
"QRY-ASM-GET","03-domain/contexts/BC03/queries-slc07.md","1"
"QRY-ASM-VERSIONS","03-domain/contexts/BC03/queries-slc07.md","1"
"QRY-AST-AVAILABILITY","03-domain/contexts/BC05/queries-slc09.md","1"
"QRY-AST-GET","03-domain/contexts/BC05/queries-slc09.md","1"
"QRY-ATT-DOWNLOAD","03-domain/contexts/BC02/queries-slc02.md","1"
"QRY-AUD-SEARCH","03-domain/contexts/BC08/queries-slc01.md","1"
"QRY-AUD-VERIFY","03-domain/contexts/BC08/queries-slc01.md","1"
"QRY-AUT-CHECK","03-domain/contexts/BC01/queries-slc01.md","1"
"QRY-AUT-LIST","03-domain/contexts/BC01/queries-slc01.md","1"
"QRY-BASE-TILE","03-domain/contexts/BC03/queries-slc06.md","1"
"QRY-CAP-LIST","03-domain/contexts/BC03/queries-slc16.md","1"
"QRY-CAT-BC01-SLC01","03-domain/contexts/BC01/queries-slc01.md","1"
"QRY-CAT-BC01-SLC11","03-domain/contexts/BC01/queries-slc11.md","1"
"QRY-CAT-BC01-SLC16","03-domain/contexts/BC01/queries-slc16.md","1"
"QRY-CAT-BC02-SLC02","03-domain/contexts/BC02/queries-slc02.md","1"
"QRY-CAT-BC02-SLC04","03-domain/contexts/BC02/queries-slc04.md","1"
"QRY-CAT-BC02-SLC14","03-domain/contexts/BC02/queries-slc14.md","1"
"QRY-CAT-BC02-SLC15","03-domain/contexts/BC02/queries-slc15.md","1"
"QRY-CAT-BC03-SLC06","03-domain/contexts/BC03/queries-slc06.md","1"
"QRY-CAT-BC03-SLC07","03-domain/contexts/BC03/queries-slc07.md","1"
"QRY-CAT-BC03-SLC16","03-domain/contexts/BC03/queries-slc16.md","1"
"QRY-CAT-BC04-SLC03","03-domain/contexts/BC04/queries-slc03.md","1"
"QRY-CAT-BC04-SLC06","03-domain/contexts/BC04/queries-slc06.md","1"
"QRY-CAT-BC04-SLC08","03-domain/contexts/BC04/queries-slc08.md","1"
"QRY-CAT-BC04-SLC15","03-domain/contexts/BC04/queries-slc15.md","1"
"QRY-CAT-BC04-SLC17","03-domain/contexts/BC04/queries-slc17.md","1"
"QRY-CAT-BC05-SLC03","03-domain/contexts/BC05/queries-slc03.md","1"
"QRY-CAT-BC05-SLC09","03-domain/contexts/BC05/queries-slc09.md","1"
"QRY-CAT-BC05-SLC18","03-domain/contexts/BC05/queries-slc18.md","1"
"QRY-CAT-BC05-SLC19","03-domain/contexts/BC05/queries-slc19.md","1"
"QRY-CAT-BC06-SLC12","03-domain/contexts/BC06/queries-slc12.md","1"
"QRY-CAT-BC07-SLC02","03-domain/contexts/BC07/queries-slc02.md","1"
"QRY-CAT-BC07-SLC05","03-domain/contexts/BC07/queries-slc05.md","1"
"QRY-CAT-BC07-SLC10","03-domain/contexts/BC07/queries-slc10.md","1"
"QRY-CAT-BC07-SLC11","03-domain/contexts/BC07/queries-slc11.md","1"
"QRY-CAT-BC07-SLC16","03-domain/contexts/BC07/queries-slc16.md","1"
"QRY-CAT-BC08-SLC01","03-domain/contexts/BC08/queries-slc01.md","1"
"QRY-CAT-BC08-SLC12A","03-domain/contexts/BC08/queries-slc12a.md","1"
"QRY-CLM-GET","03-domain/contexts/BC02/queries-slc02.md","1"
"QRY-CLR-GET","03-domain/contexts/BC01/queries-slc01.md","1"
"QRY-CLS-ACTIVE","03-domain/contexts/BC08/queries-slc01.md","1"
"QRY-CLUSTER-GET","03-domain/contexts/BC02/queries-slc04.md","1"
"QRY-CNF-GET","03-domain/contexts/BC02/queries-slc04.md","1"
"QRY-CNF-LIST","03-domain/contexts/BC02/queries-slc04.md","1"
"QRY-CON-LIST","03-domain/contexts/BC07/queries-slc16.md","1"
"QRY-CPL-GET","03-domain/contexts/BC02/queries-slc14.md","1"
"QRY-CRD-GET","03-domain/contexts/BC04/queries-slc15.md","1"
"QRY-CRD-LIST","03-domain/contexts/BC04/queries-slc15.md","1"
"QRY-CRP-GET","03-domain/contexts/BC02/queries-slc15.md","1"
"QRY-CRP-QUEUE","03-domain/contexts/BC02/queries-slc15.md","1"
"QRY-CRQ-BOARD","03-domain/contexts/BC02/queries-slc14.md","1"
"QRY-CRQ-EVIDENCE","03-domain/contexts/BC02/queries-slc14.md","1"
"QRY-CRQ-GET","03-domain/contexts/BC02/queries-slc14.md","1"
"QRY-DEC-BASIS","03-domain/contexts/BC04/queries-slc08.md","1"
"QRY-DEC-GET","03-domain/contexts/BC04/queries-slc08.md","1"
"QRY-DEV-LIST","03-domain/contexts/BC01/queries-slc11.md","1"
"QRY-DRQ-GET","03-domain/contexts/BC04/queries-slc08.md","1"
"QRY-DRQ-LIST","03-domain/contexts/BC04/queries-slc08.md","1"
"QRY-DSP-GET","03-domain/contexts/BC08/queries-slc12a.md","1"
"QRY-DST-LOG","03-domain/contexts/BC06/queries-slc12.md","1"
"QRY-ELIG-CHECK","03-domain/contexts/BC05/queries-slc03.md","1"
"QRY-ENT-CLAIMS","03-domain/contexts/BC02/queries-slc02.md","1"
"QRY-ENT-LIST","03-domain/contexts/BC02/queries-slc02.md","1"
"QRY-ENT-POSITIONS","03-domain/contexts/BC02/queries-slc02.md","1"
"QRY-ENT-RESOLVED","03-domain/contexts/BC02/queries-slc02.md","1"
"QRY-ER-GET","03-domain/contexts/BC02/queries-slc04.md","1"
"QRY-ER-QUEUE","03-domain/contexts/BC02/queries-slc04.md","1"
"QRY-ERS-GET","03-domain/contexts/BC08/queries-slc12a.md","1"
"QRY-EVD-GET","03-domain/contexts/BC02/queries-slc02.md","1"
"QRY-EXC-LIST","03-domain/contexts/BC08/queries-slc01.md","1"
"QRY-EXR-GET","03-domain/contexts/BC05/queries-slc19.md","1"
"QRY-EXR-LIST","03-domain/contexts/BC05/queries-slc19.md","1"
"QRY-EXT-RESOLVE","03-domain/contexts/BC02/queries-slc02.md","1"
"QRY-FND-LIST","03-domain/contexts/BC03/queries-slc07.md","1"
"QRY-GRAPH-NEIGHBORHOOD","03-domain/contexts/BC07/queries-slc05.md","1"
"QRY-GRAPH-PATHS","03-domain/contexts/BC07/queries-slc05.md","1"
"QRY-HRS-QUEUE","03-domain/contexts/BC01/queries-slc16.md","1"
"QRY-IMP-GET","03-domain/contexts/BC02/queries-slc02.md","1"
"QRY-INC-GET","03-domain/contexts/BC04/queries-slc17.md","1"
"QRY-INC-LIST","03-domain/contexts/BC04/queries-slc17.md","1"
"QRY-INC-RECOVERY-STATUS","03-domain/contexts/BC04/queries-slc17.md","1"
"QRY-KNO-SEARCH","03-domain/contexts/BC06/queries-slc12.md","1"
"QRY-KNO-SUGGEST","03-domain/contexts/BC06/queries-slc12.md","1"
"QRY-LGR-GET","03-domain/contexts/BC05/queries-slc18.md","1"
"QRY-LGR-LIST","03-domain/contexts/BC05/queries-slc18.md","1"
"QRY-LHD-CHECK","03-domain/contexts/BC08/queries-slc12a.md","1"
"QRY-LHD-LIST","03-domain/contexts/BC08/queries-slc12a.md","1"
"QRY-LIN-TRACE","03-domain/contexts/BC02/queries-slc02.md","1"
"QRY-MDL-LIST","03-domain/contexts/BC07/queries-slc10.md","1"
"QRY-MNT-SCHEDULE","03-domain/contexts/BC05/queries-slc09.md","1"
"QRY-MRS-GET","03-domain/contexts/BC02/queries-slc04.md","1"
"QRY-NTF-INBOX","03-domain/contexts/BC04/queries-slc06.md","1"
"QRY-OBS-GET","03-domain/contexts/BC02/queries-slc02.md","1"
"QRY-OBS-LIST","03-domain/contexts/BC02/queries-slc02.md","1"
"QRY-ORG-TREE","03-domain/contexts/BC01/queries-slc01.md","1"
"QRY-OUT-SERIES","03-domain/contexts/BC04/queries-slc08.md","1"
"QRY-PDP-DECIDE","03-domain/contexts/BC08/queries-slc01.md","1"
"QRY-PKG-GET","03-domain/contexts/BC07/queries-slc11.md","1"
"QRY-PLN-GET","03-domain/contexts/BC04/queries-slc08.md","1"
"QRY-PLN-PROGRESS","03-domain/contexts/BC04/queries-slc08.md","1"
"QRY-PLV-DIFF","03-domain/contexts/BC04/queries-slc08.md","1"
"QRY-PLV-LIST","03-domain/contexts/BC04/queries-slc08.md","1"
"QRY-POL-GET","03-domain/contexts/BC08/queries-slc01.md","1"
"QRY-POL-TIMELINE","03-domain/contexts/BC05/queries-slc09.md","1"
"QRY-PRD-GET","03-domain/contexts/BC06/queries-slc12.md","1"
"QRY-PRD-LIST","03-domain/contexts/BC06/queries-slc12.md","1"
"QRY-PRJ-STATUS","03-domain/contexts/BC07/queries-slc05.md","1"
"QRY-QUAL-LIST","03-domain/contexts/BC05/queries-slc03.md","1"
"QRY-READINESS","03-domain/contexts/BC05/queries-slc09.md","1"
"QRY-REC-REPORT","03-domain/contexts/BC06/queries-slc12.md","1"
"QRY-REL-LIST","03-domain/contexts/BC02/queries-slc02.md","1"
"QRY-RIS-GET","03-domain/contexts/BC04/queries-slc17.md","1"
"QRY-RIS-REGISTER","03-domain/contexts/BC04/queries-slc17.md","1"
"QRY-RTG-ACTIVE","03-domain/contexts/BC07/queries-slc10.md","1"
"QRY-RTS-ACTIVE","03-domain/contexts/BC08/queries-slc12a.md","1"
"QRY-RUN-ARTIFACT","03-domain/contexts/BC03/queries-slc07.md","1"
"QRY-RUN-GET","03-domain/contexts/BC03/queries-slc07.md","1"
"QRY-RWE-GET","03-domain/contexts/BC02/queries-slc02.md","1"
"QRY-SCF-GET","03-domain/contexts/BC07/queries-slc11.md","1"
"QRY-SCF-LIST","03-domain/contexts/BC07/queries-slc11.md","1"
"QRY-SCN-COMPARE","03-domain/contexts/BC03/queries-slc07.md","1"
"QRY-SCN-GET","03-domain/contexts/BC05/queries-slc19.md","1"
"QRY-SCN-LIST","03-domain/contexts/BC05/queries-slc19.md","1"
"QRY-SEC-CONTEXT","03-domain/contexts/BC01/queries-slc01.md","1"
"QRY-SHP-GET","03-domain/contexts/BC05/queries-slc18.md","1"
"QRY-SHP-LIST","03-domain/contexts/BC05/queries-slc18.md","1"
"QRY-SHP-TRACKING","03-domain/contexts/BC05/queries-slc18.md","1"
"QRY-SIM-GET","03-domain/contexts/BC05/queries-slc19.md","1"
"QRY-SIM-LIST","03-domain/contexts/BC05/queries-slc19.md","1"
"QRY-SIM-TIMELINE","03-domain/contexts/BC05/queries-slc19.md","1"
"QRY-SIT-CHANGES","03-domain/contexts/BC03/queries-slc06.md","1"
"QRY-SIT-COP","03-domain/contexts/BC03/queries-slc06.md","1"
"QRY-SIT-GET","03-domain/contexts/BC03/queries-slc06.md","1"
"QRY-SIT-LIST","03-domain/contexts/BC03/queries-slc06.md","1"
"QRY-SIT-TILE","03-domain/contexts/BC03/queries-slc06.md","1"
"QRY-SNS-LIST","03-domain/contexts/BC07/queries-slc16.md","1"
"QRY-SRC-GET","03-domain/contexts/BC02/queries-slc02.md","1"
"QRY-SRCH-QUERY","03-domain/contexts/BC07/queries-slc05.md","1"
"QRY-SRCH-SUGGEST","03-domain/contexts/BC07/queries-slc05.md","1"
"QRY-SYN-DELTA","03-domain/contexts/BC07/queries-slc11.md","1"
"QRY-TASK-GET","03-domain/contexts/BC04/queries-slc03.md","1"
"QRY-TASK-HISTORY","03-domain/contexts/BC04/queries-slc03.md","1"
"QRY-TASK-LIST","03-domain/contexts/BC04/queries-slc03.md","1"
"QRY-TEN-GET","03-domain/contexts/BC01/queries-slc01.md","1"
"QRY-TOL-LIST","03-domain/contexts/BC07/queries-slc10.md","1"
"QRY-TTY-GET","03-domain/contexts/BC04/queries-slc03.md","1"
"QRY-USR-GET","03-domain/contexts/BC01/queries-slc01.md","1"
"QRY-USR-LIST","03-domain/contexts/BC01/queries-slc01.md","1"
"QUALITY-MATRIX","15-traceability/quality-verification-matrix.md","1"
"RD-ALERT-RULE-TYPES","04-information/reference-data.md","1"
"RD-CLASSIFICATION","04-information/reference-data.md","1"
"RD-COMPETENCIES","04-information/reference-data.md","1"
"RD-CONFLICT-RULES","04-information/reference-data.md","1"
"RD-CRS","04-information/reference-data.md","1"
"RD-DECISION-TYPES","04-information/reference-data.md","1"
"RD-ENTITY-TYPES","04-information/reference-data.md","1"
"RD-ESTIMATIVE-PROBABILITY","04-information/reference-data.md","1"
"RD-EVENT-TYPES","04-information/reference-data.md","1"
"RD-EVIDENCE-TYPES","04-information/reference-data.md","1"
"RD-INFO-CREDIBILITY","04-information/reference-data.md","1"
"RD-LANGUAGES","04-information/reference-data.md","1"
"RD-OBJECT-TYPES","04-information/reference-data.md","1"
"RD-PREDICATES","04-information/reference-data.md","1"
"RD-RECORD-CLASSES","04-information/reference-data.md","1"
"RD-RELATIONSHIP-TYPES","04-information/reference-data.md","1"
"RD-SOURCE-RELIABILITY","04-information/reference-data.md","1"
"RD-SOURCE-TYPES","04-information/reference-data.md","1"
"RD-TASK-TYPES","04-information/reference-data.md","1"
"RD-UNITS","04-information/reference-data.md","1"
"REG-ASM","00-governance/registers/assumptions.md","1"
"REG-CR","00-governance/registers/corrections.md","1"
"REG-DEBT","00-governance/registers/technical-debt.md","1"
"REG-DEP","00-governance/registers/dependencies.md","1"
"REG-HAP","00-governance/registers/human-approvals.md","1"
"REG-OQ","00-governance/registers/open-questions.md","1"
"REG-RSK","00-governance/registers/risks.md","1"
"REG-UNK","00-governance/registers/unknowns.md","1"
"RELEASE-CONFIG-MIGRATION","12-solution/release-configuration-migration.md","1"
"REQ-AI-001","02-requirements/requirements.md;15-traceability/rtm-r2.md;15-traceability/trace-slc10.md","3"
"REQ-AI-002","02-requirements/requirements.md;15-traceability/rtm-r2.md;15-traceability/trace-slc10.md","3"
"REQ-AI-003","02-requirements/requirements.md;15-traceability/rtm-r2.md;15-traceability/trace-slc10.md","3"
"REQ-AI-004","02-requirements/requirements.md;15-traceability/rtm-r2.md;15-traceability/trace-slc10.md","3"
"REQ-AI-005","02-requirements/requirements.md;15-traceability/rtm-r2.md;15-traceability/trace-slc10.md","3"
"REQ-AI-006","02-requirements/requirements.md;15-traceability/rtm-r2.md;15-traceability/trace-slc10.md","3"
"REQ-AI-007","02-requirements/requirements.md;15-traceability/rtm-r2.md;15-traceability/trace-slc10.md","3"
"REQ-AI-008","02-requirements/requirements.md;15-traceability/rtm-r2.md;15-traceability/trace-slc10.md","3"
"REQ-AI-009","02-requirements/requirements.md;15-traceability/rtm-r2.md;15-traceability/trace-slc10.md","3"
"REQ-AI-010","02-requirements/requirements.md;15-traceability/rtm-r2.md;15-traceability/trace-slc10.md","3"
"REQ-AI-011","02-requirements/requirements.md;15-traceability/rtm-r2.md;15-traceability/trace-slc10.md","3"
"REQ-AI-012","02-requirements/requirements.md;15-traceability/rtm-r2.md;15-traceability/trace-slc10.md","3"
"REQ-AI-013","02-requirements/requirements.md;15-traceability/rtm-r2.md;15-traceability/trace-slc10.md","3"
"REQ-AI-014","02-requirements/requirements.md;15-traceability/rtm-r2.md;15-traceability/trace-slc10.md","3"
"REQ-ANL-001","02-requirements/requirements.md;15-traceability/rtm-r1.md;15-traceability/trace-slc07.md","3"
"REQ-ANL-002","02-requirements/requirements.md;15-traceability/rtm-r1.md;15-traceability/trace-slc07.md","3"
"REQ-ANL-003","02-requirements/requirements.md;15-traceability/rtm-r1.md;15-traceability/trace-slc07.md","3"
"REQ-ANL-004","02-requirements/requirements.md;15-traceability/rtm-r1.md;15-traceability/trace-slc07.md","3"
"REQ-ANL-005","02-requirements/requirements.md;15-traceability/rtm-r1.md;15-traceability/trace-slc07.md","3"
"REQ-ANL-006","02-requirements/requirements.md;15-traceability/rtm-r1.md;15-traceability/trace-slc07.md","3"
"REQ-ANL-007","02-requirements/requirements.md;15-traceability/rtm-r1.md;15-traceability/trace-slc07.md","3"
"REQ-ANL-008","02-requirements/requirements.md;15-traceability/rtm-r1.md;15-traceability/trace-slc07.md","3"
"REQ-ARC-001","02-requirements/requirements.md;15-traceability/rtm-r2.md;15-traceability/trace-slc12.md","3"
"REQ-ARC-002","02-requirements/requirements.md;15-traceability/rtm-r2.md;15-traceability/trace-slc12.md","3"
"REQ-ARC-003","02-requirements/requirements.md;15-traceability/rtm-r2.md;15-traceability/trace-slc12.md","3"
"REQ-ARC-004","02-requirements/requirements.md;15-traceability/rtm-r2.md;15-traceability/trace-slc12.md","3"
"REQ-BASELINE","02-requirements/requirements.md","1"
"REQ-COL-001","02-requirements/requirements.md;15-traceability/rtm-r2.md;15-traceability/trace-slc14.md","3"
"REQ-COL-002","02-requirements/requirements.md;15-traceability/rtm-r2.md;15-traceability/trace-slc14.md","3"
"REQ-COL-003","02-requirements/requirements.md;15-traceability/rtm-r2.md;15-traceability/trace-slc14.md","3"
"REQ-COM-001","02-requirements/requirements.md;15-traceability/rtm-r1.md;15-traceability/trace-slc06.md","3"
"REQ-COM-002","02-requirements/requirements.md;15-traceability/rtm-r1.md;15-traceability/trace-slc06.md","3"
"REQ-CRD-001","02-requirements/requirements.md;15-traceability/rtm-r2.md;15-traceability/trace-slc15.md","3"
"REQ-CRD-002","02-requirements/requirements.md;15-traceability/rtm-r2.md;15-traceability/trace-slc15.md","3"
"REQ-DEC-001","02-requirements/requirements.md;15-traceability/rtm-r1.md;15-traceability/trace-slc08.md","3"
"REQ-DEC-002","02-requirements/requirements.md;15-traceability/rtm-r1.md;15-traceability/trace-slc08.md","3"
"REQ-DEC-003","02-requirements/requirements.md;15-traceability/rtm-r1.md;15-traceability/trace-slc08.md","3"
"REQ-DEC-004","02-requirements/requirements.md;15-traceability/rtm-r1.md;15-traceability/trace-slc08.md","3"
"REQ-FND-001","02-requirements/requirements.md;15-traceability/rtm-r1.md;15-traceability/trace-slc01.md","3"
"REQ-FND-002","02-requirements/requirements.md;15-traceability/rtm-r1.md;15-traceability/trace-slc01.md","3"
"REQ-FND-003","02-requirements/requirements.md;15-traceability/rtm-r1.md;15-traceability/trace-slc01.md","3"
"REQ-FND-004","02-requirements/requirements.md;15-traceability/rtm-r1.md;15-traceability/trace-slc01.md","3"
"REQ-FND-005","02-requirements/requirements.md;15-traceability/rtm-r1.md;15-traceability/trace-slc01.md","3"
"REQ-FND-006","02-requirements/requirements.md;15-traceability/rtm-r1.md;15-traceability/trace-slc01.md","3"
"REQ-FND-007","02-requirements/requirements.md;15-traceability/rtm-r1.md;15-traceability/trace-slc01.md","3"
"REQ-FND-008","02-requirements/requirements.md;15-traceability/rtm-r1.md;15-traceability/trace-slc01.md","3"
"REQ-FND-009","02-requirements/requirements.md;15-traceability/rtm-r1.md;15-traceability/trace-slc01.md","3"
"REQ-FND-010","02-requirements/requirements.md;15-traceability/rtm-r1.md;15-traceability/trace-slc01.md;15-traceability/trace-slc05.md","4"
"REQ-FND-011","02-requirements/requirements.md;15-traceability/rtm-r1.md;15-traceability/trace-slc01.md","3"
"REQ-FND-012","02-requirements/requirements.md;15-traceability/rtm-r1.md;15-traceability/trace-slc01.md","3"
"REQ-FND-013","02-requirements/requirements.md;15-traceability/rtm-r1.md;15-traceability/trace-slc01.md","3"
"REQ-FND-014","02-requirements/requirements.md;15-traceability/rtm-r1.md;15-traceability/trace-slc01.md","3"
"REQ-FND-015","02-requirements/requirements.md;15-traceability/rtm-r1.md;15-traceability/trace-slc01.md","3"
"REQ-FND-016","02-requirements/requirements.md;15-traceability/rtm-r1.md;15-traceability/trace-slc01.md","3"
"REQ-FND-017","02-requirements/requirements.md;15-traceability/rtm-r1.md;15-traceability/trace-slc01.md","3"
"REQ-FND-018","02-requirements/requirements.md;15-traceability/rtm-r1.md;15-traceability/trace-slc01.md","3"
"REQ-FUS-001","02-requirements/requirements.md;15-traceability/rtm-r2.md;15-traceability/trace-slc15.md","3"
"REQ-FUS-002","02-requirements/requirements.md;15-traceability/rtm-r2.md;15-traceability/trace-slc15.md","3"
"REQ-GOV-001","02-requirements/requirements.md;15-traceability/rtm-r1.md;15-traceability/trace-slc01.md","3"
"REQ-GOV-002","02-requirements/requirements.md;15-traceability/rtm-r1.md","2"
"REQ-GOV-003","02-requirements/requirements.md;15-traceability/rtm-r1.md;15-traceability/trace-slc01.md","3"
"REQ-GOV-004","02-requirements/requirements.md;15-traceability/rtm-r1.md;15-traceability/trace-slc01.md;15-traceability/trace-slc05.md","4"
"REQ-GOV-005","02-requirements/requirements.md;15-traceability/rtm-r1.md","2"
"REQ-GOV-006","02-requirements/requirements.md;15-traceability/rtm-r1.md;15-traceability/trace-slc12a.md","3"
"REQ-GOV-007","02-requirements/requirements.md;15-traceability/rtm-r1.md;15-traceability/trace-slc12a.md","3"
"REQ-GOV-008","02-requirements/requirements.md;15-traceability/rtm-r1.md;15-traceability/trace-slc01.md;15-traceability/trace-slc02.md;15-traceability/trace-slc12a.md","5"
"REQ-GOV-009","02-requirements/requirements.md;15-traceability/rtm-r1.md;15-traceability/trace-slc01.md","3"
"REQ-INF-001","02-requirements/requirements.md;15-traceability/rtm-r1.md;15-traceability/trace-slc02.md","3"
"REQ-INF-002","02-requirements/requirements.md;15-traceability/rtm-r1.md;15-traceability/trace-slc02.md","3"
"REQ-INF-003","02-requirements/requirements.md;15-traceability/rtm-r1.md;15-traceability/trace-slc02.md","3"
"REQ-INF-004","02-requirements/requirements.md;15-traceability/rtm-r1.md;15-traceability/trace-slc02.md","3"
"REQ-INF-005","02-requirements/requirements.md;15-traceability/rtm-r1.md;15-traceability/trace-slc02.md","3"
"REQ-INF-006","02-requirements/requirements.md;15-traceability/rtm-r1.md;15-traceability/trace-slc02.md","3"
"REQ-INF-007","02-requirements/requirements.md;15-traceability/rtm-r1.md;15-traceability/trace-slc02.md","3"
"REQ-INF-008","02-requirements/requirements.md;15-traceability/rtm-r1.md;15-traceability/trace-slc02.md","3"
"REQ-INF-009","02-requirements/requirements.md;15-traceability/rtm-r1.md;15-traceability/trace-slc02.md","3"
"REQ-INF-020","02-requirements/requirements.md;15-traceability/rtm-r1.md;15-traceability/trace-slc02.md","3"
"REQ-INF-021","02-requirements/requirements.md;15-traceability/rtm-r1.md;15-traceability/trace-slc02.md","3"
"REQ-INF-022","02-requirements/requirements.md;15-traceability/rtm-r1.md;15-traceability/trace-slc02.md","3"
"REQ-INF-023","02-requirements/requirements.md;15-traceability/rtm-r1.md;15-traceability/trace-slc02.md","3"
"REQ-INF-024","02-requirements/requirements.md;15-traceability/rtm-r1.md;15-traceability/trace-slc02.md;15-traceability/trace-slc04.md","4"
"REQ-INF-025","02-requirements/requirements.md;15-traceability/rtm-r1.md;15-traceability/trace-slc02.md;15-traceability/trace-slc04.md","4"
"REQ-INF-026","02-requirements/requirements.md;15-traceability/rtm-r1.md;15-traceability/trace-slc02.md","3"
"REQ-INF-027","02-requirements/requirements.md;15-traceability/rtm-r1.md;15-traceability/trace-slc02.md;15-traceability/trace-slc05.md","4"
"REQ-INF-028","02-requirements/requirements.md;15-traceability/rtm-r1.md;15-traceability/trace-slc02.md","3"
"REQ-INF-029","02-requirements/requirements.md;15-traceability/rtm-r1.md;15-traceability/trace-slc02.md","3"
"REQ-INF-030","02-requirements/requirements.md;15-traceability/rtm-r1.md;15-traceability/trace-slc02.md","3"
"REQ-INF-031","02-requirements/requirements.md;15-traceability/rtm-r1.md;15-traceability/trace-slc02.md","3"
"REQ-INF-032","02-requirements/requirements.md;15-traceability/rtm-r1.md;15-traceability/trace-slc02.md;15-traceability/trace-slc04.md","4"
"REQ-INF-033","02-requirements/requirements.md;15-traceability/rtm-r1.md;15-traceability/trace-slc02.md;15-traceability/trace-slc04.md;16-reports/CONSISTENCY-CHECK-W3.md","5"
"REQ-INF-034","02-requirements/requirements.md;15-traceability/rtm-r1.md;15-traceability/trace-slc02.md;15-traceability/trace-slc04.md;16-reports/CONSISTENCY-CHECK-W3.md","5"
"REQ-INF-035","02-requirements/requirements.md;15-traceability/rtm-r1.md;15-traceability/trace-slc02.md;15-traceability/trace-slc07.md","4"
"REQ-INF-036","02-requirements/requirements.md;15-traceability/rtm-r1.md;15-traceability/trace-slc02.md","3"
"REQ-INF-037","02-requirements/requirements.md;15-traceability/rtm-r1.md;15-traceability/trace-slc02.md","3"
"REQ-INT-001","02-requirements/requirements.md;15-traceability/rtm-r2.md;15-traceability/trace-slc16.md","3"
"REQ-INT-002","02-requirements/requirements.md;15-traceability/rtm-r2.md;15-traceability/trace-slc16.md","3"
"REQ-INT-003","02-requirements/requirements.md;15-traceability/rtm-r2.md;15-traceability/trace-slc16.md","3"
"REQ-INT-004","02-requirements/requirements.md;15-traceability/rtm-r2.md;15-traceability/trace-slc16.md","3"
"REQ-KNW-001","02-requirements/requirements.md;15-traceability/rtm-r2.md;15-traceability/trace-slc12.md","3"
"REQ-KNW-002","02-requirements/requirements.md;15-traceability/rtm-r2.md;15-traceability/trace-slc12.md","3"
"REQ-KNW-003","02-requirements/requirements.md;15-traceability/rtm-r2.md;15-traceability/trace-slc12.md","3"
"REQ-LOG-001","02-requirements/requirements.md;15-traceability/trace-slc18.md","2"
"REQ-LOG-002","02-requirements/requirements.md;15-traceability/trace-slc18.md","2"
"REQ-LOG-003","02-requirements/requirements.md;15-traceability/trace-slc18.md","2"
"REQ-LOG-004","02-requirements/requirements.md;15-traceability/trace-slc18.md","2"
"REQ-LOG-005","02-requirements/requirements.md;15-traceability/trace-slc18.md","2"
"REQ-LOG-006","02-requirements/requirements.md;15-traceability/trace-slc18.md","2"
"REQ-LOG-007","02-requirements/requirements.md;15-traceability/trace-slc18.md","2"
"REQ-LOG-008","02-requirements/requirements.md;15-traceability/trace-slc18.md","2"
"REQ-LOG-009","02-requirements/requirements.md;15-traceability/trace-slc18.md","2"
"REQ-LOG-010","02-requirements/requirements.md;15-traceability/trace-slc18.md","2"
"REQ-LOG-011","02-requirements/requirements.md;15-traceability/trace-slc18.md","2"
"REQ-LOG-012","02-requirements/requirements.md;15-traceability/trace-slc18.md","2"
"REQ-LOG-013","02-requirements/requirements.md;15-traceability/trace-slc18.md","2"
"REQ-LOG-014","02-requirements/requirements.md;15-traceability/trace-slc18.md","2"
"REQ-OFF-001","02-requirements/requirements.md;15-traceability/rtm-r1.md;15-traceability/trace-slc03.md;15-traceability/trace-slc11.md","4"
"REQ-OFF-002","02-requirements/requirements.md;15-traceability/rtm-r1.md;15-traceability/trace-slc11.md","3"
"REQ-OFF-003","02-requirements/requirements.md;15-traceability/rtm-r1.md;15-traceability/trace-slc11.md","3"
"REQ-OFF-004","02-requirements/requirements.md;15-traceability/rtm-r1.md;15-traceability/trace-slc11.md","3"
"REQ-OFF-005","02-requirements/requirements.md;15-traceability/rtm-r1.md;15-traceability/trace-slc11.md","3"
"REQ-OFF-006","02-requirements/requirements.md;15-traceability/rtm-r1.md;15-traceability/trace-slc11.md","3"
"REQ-OPS-001","02-requirements/requirements.md;15-traceability/rtm-r1.md;15-traceability/trace-slc08.md","3"
"REQ-OPS-002","02-requirements/requirements.md;15-traceability/rtm-r1.md;15-traceability/trace-slc08.md","3"
"REQ-OPS-003","02-requirements/requirements.md;15-traceability/rtm-r1.md;15-traceability/trace-slc08.md","3"
"REQ-OPS-004","02-requirements/requirements.md;15-traceability/rtm-r1.md;15-traceability/trace-slc08.md","3"
"REQ-OPS-005","02-requirements/requirements.md;15-traceability/rtm-r1.md;15-traceability/trace-slc01.md;15-traceability/trace-slc08.md","4"
"REQ-OPS-006","02-requirements/requirements.md;15-traceability/rtm-r1.md;15-traceability/trace-slc03.md","3"
"REQ-OPS-007","02-requirements/requirements.md;15-traceability/rtm-r1.md;15-traceability/trace-slc03.md","3"
"REQ-OPS-008","02-requirements/requirements.md;15-traceability/rtm-r1.md;15-traceability/trace-slc03.md","3"
"REQ-OPS-009","02-requirements/requirements.md;15-traceability/rtm-r1.md;15-traceability/trace-slc01.md;15-traceability/trace-slc03.md","4"
"REQ-OPS-010","02-requirements/requirements.md;15-traceability/rtm-r1.md;15-traceability/trace-slc03.md","3"
"REQ-OPS-011","02-requirements/requirements.md;15-traceability/rtm-r1.md;15-traceability/trace-slc03.md","3"
"REQ-OPS-012","02-requirements/requirements.md;15-traceability/rtm-r1.md;15-traceability/trace-slc03.md","3"
"REQ-OPS-013","02-requirements/requirements.md;15-traceability/rtm-r1.md;15-traceability/trace-slc08.md","3"
"REQ-OPS-014","02-requirements/requirements.md;15-traceability/rtm-r1.md;15-traceability/trace-slc03.md;15-traceability/trace-slc08.md","4"
"REQ-PLT-001","02-requirements/requirements.md;15-traceability/rtm-r1.md","2"
"REQ-PLT-002","02-requirements/requirements.md;15-traceability/rtm-r1.md","2"
"REQ-PLT-003","02-requirements/requirements.md;15-traceability/rtm-r1.md","2"
"REQ-PLT-004","02-requirements/requirements.md;15-traceability/rtm-r1.md","2"
"REQ-PLT-005","02-requirements/requirements.md;15-traceability/rtm-r1.md","2"
"REQ-PLT-006","02-requirements/requirements.md;15-traceability/rtm-r1.md","2"
"REQ-PLT-007","02-requirements/requirements.md;15-traceability/rtm-r1.md","2"
"REQ-PLT-008","02-requirements/requirements.md;15-traceability/rtm-r1.md","2"
"REQ-PLT-009","02-requirements/requirements.md;15-traceability/rtm-r1.md","2"
"REQ-PLT-010","02-requirements/requirements.md;15-traceability/rtm-r1.md","2"
"REQ-PLT-011","02-requirements/requirements.md;15-traceability/rtm-r1.md","2"
"REQ-PLT-012","02-requirements/requirements.md;15-traceability/rtm-r1.md","2"
"REQ-PLT-013","02-requirements/requirements.md;15-traceability/rtm-r1.md","2"
"REQ-PRD-001","02-requirements/requirements.md;15-traceability/rtm-r2.md;15-traceability/trace-slc12.md","3"
"REQ-PRD-002","02-requirements/requirements.md;15-traceability/rtm-r2.md;15-traceability/trace-slc12.md","3"
"REQ-PRD-003","02-requirements/requirements.md;15-traceability/rtm-r2.md;15-traceability/trace-slc12.md","3"
"REQ-PRD-004","02-requirements/requirements.md;15-traceability/rtm-r2.md;15-traceability/trace-slc12.md","3"
"REQ-PRD-005","02-requirements/requirements.md;15-traceability/rtm-r2.md;15-traceability/trace-slc12.md","3"
"REQ-QUALITY-R2","16-reports/REQUIREMENTS-QUALITY-REPORT-R2.md","1"
"REQ-QUALITY-REPORT","16-reports/REQUIREMENTS-QUALITY-REPORT.md","1"
"REQ-RCM-001","02-requirements/requirements.md;15-traceability/trace-slc17.md","2"
"REQ-RCM-002","02-requirements/requirements.md;15-traceability/trace-slc17.md","2"
"REQ-RCM-003","02-requirements/requirements.md;15-traceability/trace-slc17.md","2"
"REQ-RCM-004","02-requirements/requirements.md;15-traceability/trace-slc17.md","2"
"REQ-RCM-005","02-requirements/requirements.md;15-traceability/trace-slc17.md","2"
"REQ-RCM-006","02-requirements/requirements.md;15-traceability/trace-slc17.md","2"
"REQ-RCM-007","02-requirements/requirements.md;15-traceability/trace-slc17.md","2"
"REQ-RCM-008","02-requirements/requirements.md;15-traceability/trace-slc17.md","2"
"REQ-RCM-009","02-requirements/requirements.md;15-traceability/trace-slc17.md","2"
"REQ-RCM-010","02-requirements/requirements.md;15-traceability/trace-slc17.md","2"
"REQ-RCM-011","02-requirements/requirements.md;15-traceability/trace-slc17.md","2"
"REQ-RCM-012","02-requirements/requirements.md;15-traceability/trace-slc17.md","2"
"REQ-RCM-013","02-requirements/requirements.md;15-traceability/trace-slc17.md","2"
"REQ-RCM-014","02-requirements/requirements.md;15-traceability/trace-slc17.md","2"
"REQ-RCM-015","02-requirements/requirements.md;15-traceability/trace-slc17.md","2"
"REQ-RCM-016","02-requirements/requirements.md;15-traceability/trace-slc17.md","2"
"REQ-RDY-001","02-requirements/requirements.md;15-traceability/rtm-r1.md;15-traceability/trace-slc03.md","3"
"REQ-RDY-002","02-requirements/requirements.md;15-traceability/rtm-r1.md;15-traceability/trace-slc03.md","3"
"REQ-RES-001","02-requirements/requirements.md;15-traceability/rtm-r2.md;15-traceability/trace-slc09.md","3"
"REQ-RES-002","02-requirements/requirements.md;15-traceability/rtm-r2.md;15-traceability/trace-slc09.md","3"
"REQ-RES-003","02-requirements/requirements.md;15-traceability/rtm-r2.md;15-traceability/trace-slc09.md","3"
"REQ-RES-004","02-requirements/requirements.md;15-traceability/rtm-r2.md;15-traceability/trace-slc09.md","3"
"REQ-RES-005","02-requirements/requirements.md;15-traceability/rtm-r2.md;15-traceability/trace-slc09.md","3"
"REQ-RES-006","02-requirements/requirements.md;15-traceability/rtm-r2.md;15-traceability/trace-slc09.md","3"
"REQ-RES-007","02-requirements/requirements.md;15-traceability/rtm-r2.md;15-traceability/trace-slc09.md","3"
"REQ-RES-008","02-requirements/requirements.md;15-traceability/rtm-r2.md;15-traceability/trace-slc09.md","3"
"REQ-RES-009","02-requirements/requirements.md;15-traceability/rtm-r2.md;15-traceability/trace-slc09.md","3"
"REQ-RES-010","02-requirements/requirements.md;15-traceability/rtm-r2.md;15-traceability/trace-slc09.md","3"
"REQ-RES-011","02-requirements/requirements.md;15-traceability/rtm-r2.md;15-traceability/trace-slc09.md","3"
"REQ-RES-012","02-requirements/requirements.md;15-traceability/rtm-r2.md;15-traceability/trace-slc09.md","3"
"REQ-RES-013","02-requirements/requirements.md;15-traceability/rtm-r2.md;15-traceability/trace-slc09.md","3"
"REQ-RES-014","02-requirements/requirements.md;15-traceability/rtm-r2.md;15-traceability/trace-slc09.md","3"
"REQ-SIT-001","02-requirements/requirements.md;15-traceability/rtm-r1.md;15-traceability/trace-slc06.md","3"
"REQ-SIT-002","02-requirements/requirements.md;15-traceability/rtm-r1.md;15-traceability/trace-slc06.md","3"
"REQ-SIT-003","02-requirements/requirements.md;15-traceability/rtm-r1.md;15-traceability/trace-slc06.md","3"
"REQ-SIT-004","02-requirements/requirements.md;15-traceability/rtm-r1.md;15-traceability/trace-slc06.md","3"
"REQ-SIT-005","02-requirements/requirements.md;15-traceability/rtm-r1.md;15-traceability/trace-slc06.md","3"
"REQ-SIT-006","02-requirements/requirements.md;15-traceability/rtm-r1.md;15-traceability/trace-slc06.md","3"
"REQ-SIT-007","02-requirements/requirements.md;15-traceability/rtm-r1.md;15-traceability/trace-slc06.md","3"
"REQ-SRC-001","02-requirements/requirements.md;15-traceability/rtm-r1.md;15-traceability/trace-slc05.md","3"
"REQ-SRC-002","02-requirements/requirements.md;15-traceability/rtm-r1.md;15-traceability/trace-slc05.md","3"
"REQ-SRC-003","02-requirements/requirements.md;15-traceability/rtm-r1.md;15-traceability/trace-slc04.md;15-traceability/trace-slc05.md","4"
"REQ-SRC-004","02-requirements/requirements.md;15-traceability/rtm-r1.md;15-traceability/trace-slc05.md","3"
"REQ-TRX-001","02-requirements/requirements.md;15-traceability/trace-slc19.md","2"
"REQ-TRX-002","02-requirements/requirements.md;15-traceability/trace-slc19.md","2"
"REQ-TRX-003","02-requirements/requirements.md;15-traceability/trace-slc19.md","2"
"REQ-TRX-004","02-requirements/requirements.md;15-traceability/trace-slc19.md","2"
"REQ-TRX-005","02-requirements/requirements.md;15-traceability/trace-slc19.md","2"
"REQ-TRX-006","02-requirements/requirements.md;15-traceability/trace-slc19.md","2"
"REQ-TRX-007","02-requirements/requirements.md;15-traceability/trace-slc19.md","2"
"REQ-TRX-008","02-requirements/requirements.md;15-traceability/trace-slc19.md","2"
"REQ-TRX-009","02-requirements/requirements.md;15-traceability/trace-slc19.md","2"
"REQ-TRX-010","02-requirements/requirements.md;15-traceability/trace-slc19.md","2"
"REQ-TRX-011","02-requirements/requirements.md;15-traceability/trace-slc19.md","2"
"REQ-TRX-012","02-requirements/requirements.md;15-traceability/trace-slc19.md","2"
"REQ-TRX-013","02-requirements/requirements.md;15-traceability/trace-slc19.md","2"
"REQ-TRX-014","02-requirements/requirements.md;15-traceability/trace-slc19.md","2"
"REQ-TRX-015","02-requirements/requirements.md;15-traceability/trace-slc19.md","2"
"RSK-001","00-governance/registers/risks.md","1"
"RSK-002","00-governance/registers/risks.md","1"
"RSK-003","00-governance/registers/risks.md","1"
"RSK-004","00-governance/registers/risks.md","1"
"RSK-005","00-governance/registers/risks.md","1"
"RSK-006","00-governance/registers/risks.md","1"
"RSK-007","00-governance/registers/risks.md","1"
"RSK-008","00-governance/registers/risks.md","1"
"RSK-009","00-governance/registers/risks.md","1"
"RSK-010","00-governance/registers/risks.md","1"
"RSK-011","00-governance/registers/risks.md","1"
"RSK-012","00-governance/registers/risks.md","1"
"RSK-013","00-governance/registers/risks.md","1"
"RSK-014","00-governance/registers/risks.md","1"
"RSK-015","00-governance/registers/risks.md","1"
"RSK-016","00-governance/registers/risks.md","1"
"RSK-017","00-governance/registers/risks.md","1"
"RSK-018","00-governance/registers/risks.md;14-slices/SLC-01/atam-lite.md","2"
"RSK-019","00-governance/registers/risks.md","1"
"RSK-020","00-governance/registers/risks.md","1"
"RSK-021","00-governance/registers/risks.md","1"
"RSK-022","00-governance/registers/risks.md","1"
"RSK-023","00-governance/registers/risks.md","1"
"RSK-024","00-governance/registers/risks.md","1"
"RSK-025","00-governance/registers/risks.md","1"
"RSK-026","00-governance/registers/risks.md","1"
"RSK-027","00-governance/registers/risks.md","1"
"RSK-028","00-governance/registers/risks.md","1"
"RTM-R1","15-traceability/rtm-r1.md","1"
"RTM-R2","15-traceability/rtm-r2.md","1"
"SCALE-ENVELOPE","07-quality/scale-envelope.md","1"
"SESSION-R2-BASELINE","16-reports/SESSION-R2-BASELINE.md","1"
"SESSION-SLC01","16-reports/SESSION-W4-W7-SLC01.md","1"
"SESSION-SLC02","16-reports/SESSION-W4-W7-SLC02.md","1"
"SESSION-SLC03","16-reports/SESSION-W4-W7-SLC03.md","1"
"SESSION-SLC04","16-reports/SESSION-W4-W7-SLC04.md","1"
"SESSION-SLC05","16-reports/SESSION-W4-W7-SLC05.md","1"
"SESSION-SLC06","16-reports/SESSION-W4-W7-SLC06.md","1"
"SESSION-SLC07","16-reports/SESSION-W4-W7-SLC07.md","1"
"SESSION-SLC08","16-reports/SESSION-W4-W7-SLC08.md","1"
"SESSION-SLC09","16-reports/SESSION-W4-W7-SLC09.md","1"
"SESSION-SLC10","16-reports/SESSION-W4-W7-SLC10.md","1"
"SESSION-SLC11","16-reports/SESSION-W4-W7-SLC11.md","1"
"SESSION-SLC12","16-reports/SESSION-W4-W7-SLC12.md","1"
"SESSION-SLC12A","16-reports/SESSION-W4-W7-SLC12a.md","1"
"SESSION-SLC14","16-reports/SESSION-W4-W7-SLC14.md","1"
"SESSION-SLC15","16-reports/SESSION-W4-W7-SLC15.md","1"
"SESSION-SLC16","16-reports/SESSION-W4-W7-SLC16.md","1"
"SESSION-SLC17","16-reports/SESSION-W4-W7-SLC17.md","1"
"SESSION-SLC18","16-reports/SESSION-W4-W7-SLC18.md","1"
"SESSION-SLC19","16-reports/SESSION-W4-W7-SLC19.md","1"
"SESSION-W0","16-reports/SESSION-W0.md","1"
"SESSION-W1","16-reports/SESSION-W1.md","1"
"SESSION-W2","16-reports/SESSION-W2.md","1"
"SESSION-W2-R2","16-reports/SESSION-W2-R2.md","1"
"SESSION-W3","16-reports/SESSION-W3.md","1"
"SESSION-W8","16-reports/SESSION-W8.md","1"
"SESSION-W9","16-reports/SESSION-W9.md","1"
"SH-01","01-business/stakeholders.md","1"
"SH-02","01-business/stakeholders.md","1"
"SH-03","01-business/stakeholders.md","1"
"SH-04","01-business/stakeholders.md","1"
"SH-05","01-business/stakeholders.md","1"
"SL-01","13-verification/spec-lint-rules.md;16-reports/SESSION-W0.md;16-reports/SESSION-W1.md;16-reports/SESSION-W2.md;16-reports/SESSION-W3.md","5"
"SL-02","13-verification/spec-lint-rules.md","1"
"SL-03","13-verification/spec-lint-rules.md","1"
"SL-04","13-verification/spec-lint-rules.md","1"
"SL-05","13-verification/spec-lint-rules.md","1"
"SL-06","13-verification/spec-lint-rules.md;14-slices/SLC-02/readiness.md","2"
"SL-07","13-verification/spec-lint-rules.md;14-slices/SLC-02/readiness.md","2"
"SL-08","13-verification/spec-lint-rules.md","1"
"SL-09","13-verification/spec-lint-rules.md;14-slices/SLC-02/readiness.md","2"
"SL-10","13-verification/spec-lint-rules.md","1"
"SL-11","13-verification/spec-lint-rules.md","1"
"SL-12","13-verification/spec-lint-rules.md","1"
"SL-13","13-verification/spec-lint-rules.md","1"
"SL-14","13-verification/spec-lint-rules.md","1"
"SL-15","13-verification/spec-lint-rules.md;16-reports/SESSION-W0.md;16-reports/SESSION-W1.md;16-reports/SESSION-W2.md","4"
"SL-16","13-verification/spec-lint-rules.md;16-reports/SESSION-W2.md","2"
"SL-17","13-verification/spec-lint-rules.md","1"
"SL-18","13-verification/spec-lint-rules.md","1"
"SL-19","13-verification/spec-lint-rules.md;16-reports/SESSION-W0.md;16-reports/SESSION-W1.md","3"
"SL-20","13-verification/spec-lint-rules.md;16-reports/SESSION-W0.md;16-reports/SESSION-W1.md;16-reports/SESSION-W2.md;16-reports/SESSION-W3.md","5"
"SL-21","13-verification/spec-lint-rules.md","1"
"SL-22","13-verification/spec-lint-rules.md","1"
"SL-23","13-verification/spec-lint-rules.md","1"
"SL-24","13-verification/spec-lint-rules.md","1"
"SL-25","13-verification/spec-lint-rules.md","1"
"SL-26","13-verification/spec-lint-rules.md","1"
"SL-27","13-verification/spec-lint-rules.md","1"
"SL-28","13-verification/spec-lint-rules.md;14-slices/SLC-01/readiness.md","2"
"SL-29","13-verification/spec-lint-rules.md","1"
"SLC-00","14-slices/slices.md","1"
"SLC-00-WALKTHROUGH","16-reports/SLC-00-WALKTHROUGH.md","1"
"SLC-01","00-governance/RATIFICATION-PACKAGE.md;12-solution/w8-inputs.md;14-slices/slices.md;14-slices/SLC-03/readiness.md;16-reports/SESSION-W4-W7-SLC12a.md","5"
"SLC-01..04","14-slices/SLC-05/readiness.md","1"
"SLC-02","00-governance/RATIFICATION-PACKAGE.md;12-solution/w8-inputs.md;14-slices/slices.md;16-reports/SESSION-W4-W7-SLC12a.md","4"
"SLC-03","00-governance/RATIFICATION-PACKAGE.md;12-solution/w8-inputs.md;14-slices/slices.md;16-reports/SESSION-W4-W7-SLC12a.md","4"
"SLC-04","00-governance/RATIFICATION-PACKAGE.md;12-solution/w8-inputs.md;14-slices/slices.md;16-reports/SESSION-W4-W7-SLC12a.md","4"
"SLC-05","00-governance/RATIFICATION-PACKAGE.md;12-solution/w8-inputs.md;14-slices/slices.md;16-reports/SESSION-W4-W7-SLC12a.md","4"
"SLC-06","00-governance/RATIFICATION-PACKAGE.md;12-solution/w8-inputs.md;14-slices/slices.md;16-reports/SESSION-W4-W7-SLC12a.md","4"
"SLC-07","00-governance/RATIFICATION-PACKAGE.md;12-solution/w8-inputs.md;14-slices/slices.md;16-reports/SESSION-W4-W7-SLC12a.md","4"
"SLC-08","00-governance/RATIFICATION-PACKAGE.md;14-slices/slices.md;16-reports/SESSION-W4-W7-SLC12a.md","3"
"SLC-09","14-slices/slices.md;16-reports/EVOLUTION-ROADMAP.md","2"
"SLC-10","14-slices/slices.md;16-reports/EVOLUTION-ROADMAP.md","2"
"SLC-11","00-governance/RATIFICATION-PACKAGE.md;12-solution/w8-inputs.md;14-slices/slices.md;16-reports/SESSION-W4-W7-SLC12a.md","4"
"SLC-12","00-governance/RATIFICATION-PACKAGE.md;14-slices/slices.md;16-reports/EVOLUTION-ROADMAP.md","3"
"SLC-13","14-slices/slices.md","1"
"SLC-14","14-slices/slices.md","1"
"SLC-15","14-slices/slices.md","1"
"SLC-16","14-slices/slices.md","1"
"SLC-17","14-slices/slices.md","1"
"SLC-18","14-slices/slices.md","1"
"SLC-19","14-slices/slices.md","1"
"SLICE-SOURCES","13-verification/tooling/slice-sources.md","1"
"SM-ADAPTER","03-domain/contexts/BC07/aggregates/AGG-ADAPTER.md","1"
"SM-AI-REQUEST","03-domain/contexts/BC07/aggregates/AGG-AI-REQUEST.md","1"
"SM-AI-RESULT","03-domain/contexts/BC07/aggregates/AGG-AI-RESULT.md","1"
"SM-AI-ROUTING","03-domain/contexts/BC07/aggregates/AGG-AI-ROUTING.md","1"
"SM-AI-TOOL","03-domain/contexts/BC07/aggregates/AGG-AI-TOOL.md","1"
"SM-ALERT","03-domain/contexts/BC03/aggregates/AGG-ALERT.md","1"
"SM-ALERT-RULE","03-domain/contexts/BC03/aggregates/AGG-ALERT-RULE.md","1"
"SM-ALLOCATION","03-domain/contexts/BC05/aggregates/AGG-ALLOCATION.md","1"
"SM-ANALYSIS-CASE","03-domain/contexts/BC03/aggregates/AGG-ANALYSIS-CASE.md","1"
"SM-ANALYSIS-METHOD","03-domain/contexts/BC03/aggregates/AGG-ANALYSIS-METHOD.md","1"
"SM-ANALYSIS-RUN","03-domain/contexts/BC03/aggregates/AGG-ANALYSIS-RUN.md","1"
"SM-ARCHIVE-PACKAGE","03-domain/contexts/BC06/aggregates/AGG-ARCHIVE-PACKAGE.md","1"
"SM-ASSESSMENT","03-domain/contexts/BC03/aggregates/AGG-ASSESSMENT.md","1"
"SM-ASSET","03-domain/contexts/BC05/aggregates/AGG-ASSET.md","1"
"SM-ASSET-ASSIGNMENT","03-domain/contexts/BC05/aggregates/AGG-ASSET-ASSIGNMENT.md","1"
"SM-ASSET-RESERVATION","03-domain/contexts/BC05/aggregates/AGG-ASSET-RESERVATION.md","1"
"SM-ATTACHMENT","03-domain/contexts/BC02/aggregates/AGG-ATTACHMENT.md","1"
"SM-AUTHORITY-GRANT","03-domain/contexts/BC01/aggregates/AGG-AUTHORITY-GRANT.md","1"
"SM-CAP-MESSAGE","03-domain/contexts/BC03/aggregates/AGG-CAP-MESSAGE.md","1"
"SM-CLAIM","03-domain/contexts/BC02/aggregates/AGG-CLAIM.md","1"
"SM-CLASSIFICATION-SCHEME","03-domain/contexts/BC08/aggregates/AGG-CLASSIFICATION-SCHEME.md","1"
"SM-CLEARANCE","03-domain/contexts/BC01/aggregates/AGG-CLEARANCE.md","1"
"SM-COLLECTION-PLAN","03-domain/contexts/BC02/aggregates/AGG-COLLECTION-PLAN.md","1"
"SM-COLLECTION-REQUIREMENT","03-domain/contexts/BC02/aggregates/AGG-COLLECTION-REQUIREMENT.md","1"
"SM-CONFLICT","03-domain/contexts/BC02/aggregates/AGG-CONFLICT.md","1"
"SM-COORDINATION-CASE","03-domain/contexts/BC04/aggregates/AGG-COORDINATION-CASE.md","1"
"SM-CORRELATION-PROPOSAL","03-domain/contexts/BC02/aggregates/AGG-CORRELATION-PROPOSAL.md","1"
"SM-CORRELATION-RULE","03-domain/contexts/BC02/aggregates/AGG-CORRELATION-RULE.md","1"
"SM-DECISION","03-domain/contexts/BC04/aggregates/AGG-DECISION.md","1"
"SM-DECISION-REQUEST","03-domain/contexts/BC04/aggregates/AGG-DECISION-REQUEST.md","1"
"SM-DEVICE","03-domain/contexts/BC01/aggregates/AGG-DEVICE.md","1"
"SM-DISPOSITION-RUN","03-domain/contexts/BC08/aggregates/AGG-DISPOSITION-RUN.md","1"
"SM-DISTRIBUTION","03-domain/contexts/BC06/aggregates/AGG-DISTRIBUTION.md","1"
"SM-ENTITY","03-domain/contexts/BC02/aggregates/AGG-ENTITY.md","1"
"SM-ERASURE-REQUEST","03-domain/contexts/BC08/aggregates/AGG-ERASURE-REQUEST.md","1"
"SM-ER-CASE","03-domain/contexts/BC02/aggregates/AGG-ER-CASE.md","1"
"SM-EVAL-SUITE","03-domain/contexts/BC07/aggregates/AGG-EVAL-SUITE.md","1"
"SM-EVIDENCE","03-domain/contexts/BC02/aggregates/AGG-EVIDENCE.md","1"
"SM-EVIDENCE-LINK","03-domain/contexts/BC02/aggregates/AGG-EVIDENCE-LINK.md","1"
"SM-EXERCISE","03-domain/contexts/BC05/aggregates/AGG-EXERCISE.md","1"
"SM-EXTERNAL-ID","03-domain/contexts/BC02/aggregates/AGG-EXTERNAL-ID.md","1"
"SM-FINDING","03-domain/contexts/BC03/aggregates/AGG-FINDING.md","1"
"SM-HR-SYNC-PROPOSAL","03-domain/contexts/BC01/aggregates/AGG-HR-SYNC-PROPOSAL.md","1"
"SM-IMPORT-BATCH","03-domain/contexts/BC02/aggregates/AGG-IMPORT-BATCH.md","1"
"SM-INCIDENT","03-domain/contexts/BC04/aggregates/AGG-INCIDENT.md","1"
"SM-INTEGRATION-CONNECTION","03-domain/contexts/BC07/aggregates/AGG-INTEGRATION-CONNECTION.md","1"
"SM-KNOWLEDGE-OBJECT","03-domain/contexts/BC06/aggregates/AGG-KNOWLEDGE-OBJECT.md","1"
"SM-LEGAL-HOLD","03-domain/contexts/BC08/aggregates/AGG-LEGAL-HOLD.md","1"
"SM-LOGISTICS-REQUEST","03-domain/contexts/BC05/aggregates/AGG-LOGISTICS-REQUEST.md","1"
"SM-MAINTENANCE-ORDER","03-domain/contexts/BC05/aggregates/AGG-MAINTENANCE-ORDER.md","1"
"SM-MATCH-RULESET","03-domain/contexts/BC02/aggregates/AGG-MATCH-RULESET.md","1"
"SM-MODEL-VERSION","03-domain/contexts/BC07/aggregates/AGG-MODEL-VERSION.md","1"
"SM-NOTIFICATION","03-domain/contexts/BC04/aggregates/AGG-NOTIFICATION.md","1"
"SM-OBSERVATION","03-domain/contexts/BC02/aggregates/AGG-OBSERVATION.md","1"
"SM-ORGANIZATION","03-domain/contexts/BC01/aggregates/AGG-ORGANIZATION.md","1"
"SM-OUTCOME-TRACKER","03-domain/contexts/BC04/aggregates/AGG-OUTCOME-TRACKER.md","1"
"SM-PERSON","03-domain/contexts/BC01/aggregates/AGG-PERSON.md","1"
"SM-PLAN","03-domain/contexts/BC04/aggregates/AGG-PLAN.md","1"
"SM-PLAN-VERSION","03-domain/contexts/BC04/aggregates/AGG-PLAN-VERSION.md","1"
"SM-POLICY-SET","03-domain/contexts/BC08/aggregates/AGG-POLICY-SET.md","1"
"SM-PRELOAD-PACKAGE","03-domain/contexts/BC07/aggregates/AGG-PRELOAD-PACKAGE.md","1"
"SM-PRODUCT","03-domain/contexts/BC06/aggregates/AGG-PRODUCT.md","1"
"SM-PRODUCT-TEMPLATE","03-domain/contexts/BC06/aggregates/AGG-PRODUCT-TEMPLATE.md","1"
"SM-PROJECTION-VERSION","03-domain/contexts/BC07/aggregates/AGG-PROJECTION-VERSION.md","1"
"SM-QUALIFICATION-RECORD","03-domain/contexts/BC05/aggregates/AGG-QUALIFICATION-RECORD.md","1"
"SM-REALWORLD-EVENT","03-domain/contexts/BC02/aggregates/AGG-REALWORLD-EVENT.md","1"
"SM-RECONSTRUCTION","03-domain/contexts/BC06/aggregates/AGG-RECONSTRUCTION.md","1"
"SM-RELATIONSHIP","03-domain/contexts/BC02/aggregates/AGG-RELATIONSHIP.md","1"
"SM-RESOURCE-POOL","03-domain/contexts/BC05/aggregates/AGG-RESOURCE-POOL.md","1"
"SM-RETENTION-SCHEDULE","03-domain/contexts/BC08/aggregates/AGG-RETENTION-SCHEDULE.md","1"
"SM-RISK","03-domain/contexts/BC04/aggregates/AGG-RISK.md","1"
"SM-ROLE","03-domain/contexts/BC01/aggregates/AGG-ROLE.md","1"
"SM-ROLE-ASSIGNMENT","03-domain/contexts/BC01/aggregates/AGG-ROLE-ASSIGNMENT.md","1"
"SM-ROLE-REQUIREMENT","03-domain/contexts/BC05/aggregates/AGG-ROLE-REQUIREMENT.md","1"
"SM-SCENARIO","03-domain/contexts/BC05/aggregates/AGG-SCENARIO.md","1"
"SM-SECURITY-EXCEPTION","03-domain/contexts/BC08/aggregates/AGG-SECURITY-EXCEPTION.md","1"
"SM-SENSOR-STREAM","03-domain/contexts/BC07/aggregates/AGG-SENSOR-STREAM.md","1"
"SM-SERVICE-ACCOUNT","03-domain/contexts/BC01/aggregates/AGG-SERVICE-ACCOUNT.md","1"
"SM-SHIPMENT","03-domain/contexts/BC05/aggregates/AGG-SHIPMENT.md","1"
"SM-SIMULATION","03-domain/contexts/BC05/aggregates/AGG-SIMULATION.md","1"
"SM-SITUATION","03-domain/contexts/BC03/aggregates/AGG-SITUATION.md","1"
"SM-SOURCE","03-domain/contexts/BC02/aggregates/AGG-SOURCE.md","1"
"SM-SUBSCRIPTION","03-domain/contexts/BC04/aggregates/AGG-SUBSCRIPTION.md","1"
"SM-SYNC-CONFLICT","03-domain/contexts/BC07/aggregates/AGG-SYNC-CONFLICT.md","1"
"SM-SYNC-SESSION","03-domain/contexts/BC07/aggregates/AGG-SYNC-SESSION.md","1"
"SM-TASK","03-domain/contexts/BC04/aggregates/AGG-TASK.md","1"
"SM-TASK-TYPE","03-domain/contexts/BC04/aggregates/AGG-TASK-TYPE.md","1"
"SM-TENANT","03-domain/contexts/BC01/aggregates/AGG-TENANT.md","1"
"SM-USER","03-domain/contexts/BC01/aggregates/AGG-USER.md","1"
"SPATIAL-MODEL","04-information/spatial-model.md","1"
"SPEC-AI","03-domain/contexts/BC07/grounded-ai-spec.md","1"
"SPEC-ALLOCATION","03-domain/contexts/BC05/allocation-readiness-spec.md","1"
"SPEC-ANALYSIS","03-domain/contexts/BC03/analysis-reproducibility-spec.md","1"
"SPEC-COLLECTION","03-domain/contexts/BC02/collection-spec.md","1"
"SPEC-CONFLICT-DETECTION","03-domain/contexts/BC02/conflict-detection-engine.md","1"
"SPEC-DISCOVERY","03-domain/contexts/BC07/discovery-architecture.md","1"
"SPEC-ELIGIBILITY","03-domain/contexts/BC05/eligibility-rules.md","1"
"SPEC-ER-CANDIDATES","03-domain/contexts/BC02/candidate-generation.md","1"
"SPEC-FIELD-SYNC","03-domain/contexts/BC07/field-sync-protocol.md","1"
"SPEC-FUSION","03-domain/contexts/BC02/correlation-fusion-spec.md","1"
"SPEC-INTEGRATION","03-domain/contexts/BC07/enterprise-integration-spec.md","1"
"SPEC-KEYS-DISPOSITION","08-security/key-hierarchy-and-disposition.md","1"
"SPEC-LOGISTICS","03-domain/contexts/BC05/logistics-spec.md","1"
"SPEC-PKA","03-domain/contexts/BC06/products-knowledge-archive-spec.md","1"
"SPEC-PLAN","03-domain/contexts/BC04/decision-plan-spec.md","1"
"SPEC-RISK-CONTINGENCY","03-domain/contexts/BC04/risk-contingency-spec.md","1"
"SPEC-SITUATION","03-domain/contexts/BC03/situation-alerting-spec.md","1"
"SPEC-TASK-RULES","03-domain/contexts/BC04/task-lifecycle-rules.md","1"
"SPEC-TOOLING","13-verification/tooling/spec-tooling.md","1"
"SPEC-TRAINING-EXERCISE","03-domain/contexts/BC05/training-exercise-spec.md","1"
"SR-00","01-business/system-definition.md","1"
"SR-01","07-quality/scale-envelope.md","1"
"SR-02","07-quality/scale-envelope.md","1"
"SR-03","07-quality/scale-envelope.md","1"
"SR-04","07-quality/scale-envelope.md","1"
"SR-05","07-quality/scale-envelope.md","1"
"SR-06","07-quality/scale-envelope.md","1"
"SR-07","07-quality/scale-envelope.md","1"
"SR-08","07-quality/scale-envelope.md","1"
"SR-09","07-quality/scale-envelope.md","1"
"SR-10","07-quality/scale-envelope.md","1"
"SR-11","07-quality/scale-envelope.md","1"
"SR-12","07-quality/scale-envelope.md","1"
"TB-01","08-security/trust-boundaries.md","1"
"TB-02","08-security/trust-boundaries.md","1"
"TB-03","08-security/trust-boundaries.md","1"
"TB-04","08-security/trust-boundaries.md","1"
"TB-05","08-security/trust-boundaries.md","1"
"TB-06","08-security/trust-boundaries.md","1"
"TB-07","08-security/trust-boundaries.md","1"
"TB-08","08-security/trust-boundaries.md","1"
"TB-09","08-security/trust-boundaries.md","1"
"TB-10","08-security/trust-boundaries.md","1"
"TD-01","12-solution/technology-decisions.md","1"
"TD-02","12-solution/technology-decisions.md","1"
"TD-03","12-solution/technology-decisions.md","1"
"TD-04","12-solution/technology-decisions.md","1"
"TD-05","12-solution/technology-decisions.md","1"
"TD-06","12-solution/technology-decisions.md","1"
"TD-07","12-solution/technology-decisions.md","1"
"TD-08","12-solution/technology-decisions.md","1"
"TD-09","12-solution/technology-decisions.md","1"
"TD-10","12-solution/technology-decisions.md","1"
"TD-11","12-solution/technology-decisions.md","1"
"TD-12","12-solution/technology-decisions.md","1"
"TD-13","12-solution/technology-decisions.md","1"
"TD-14","12-solution/technology-decisions.md","1"
"TD-15","12-solution/technology-decisions.md","1"
"TD-16","12-solution/technology-decisions.md","1"
"TD-17","12-solution/technology-decisions.md","1"
"TD-18","12-solution/technology-decisions.md","1"
"TD-19","12-solution/technology-decisions.md","1"
"TECH-DECISIONS","12-solution/technology-decisions.md","1"
"TEMPORAL-MODEL","04-information/temporal-model.md","1"
"THR-001","08-security/threat-model.md","1"
"THR-002","08-security/threat-model.md","1"
"THR-003","08-security/threat-model.md","1"
"THR-004","08-security/threat-model.md","1"
"THR-005","08-security/threat-model.md","1"
"THR-006","08-security/threat-model.md","1"
"THR-007","08-security/threat-model.md","1"
"THR-008","08-security/threat-model.md","1"
"THR-009","08-security/threat-model.md","1"
"THR-010","08-security/threat-model.md","1"
"THR-011","08-security/threat-model.md","1"
"THR-012","08-security/threat-model.md","1"
"THR-013","08-security/threat-model.md","1"
"THR-014","08-security/threat-model.md","1"
"THR-015","08-security/threat-model.md","1"
"THR-016","08-security/threat-model.md","1"
"THR-017","08-security/threat-model.md","1"
"THR-018","08-security/threat-model.md","1"
"THR-019","08-security/threat-model.md","1"
"THR-020","08-security/threat-model.md","1"
"THREAT-MODEL","08-security/threat-model.md","1"
"THREAT-MODEL-SLC01","08-security/threat-model-slc01.md","1"
"THREAT-MODEL-SLC02","08-security/threat-model-slc02.md","1"
"THREAT-MODEL-SLC03","08-security/threat-model-slc03.md","1"
"THREAT-MODEL-SLC04","08-security/threat-model-slc04.md","1"
"THREAT-MODEL-SLC05","08-security/threat-model-slc05.md","1"
"THREAT-MODEL-SLC06","08-security/threat-model-slc06.md","1"
"THREAT-MODEL-SLC07","08-security/threat-model-slc07.md","1"
"THREAT-MODEL-SLC08","08-security/threat-model-slc08.md","1"
"THREAT-MODEL-SLC09","08-security/threat-model-slc09.md","1"
"THREAT-MODEL-SLC10","08-security/threat-model-slc10.md","1"
"THREAT-MODEL-SLC11","08-security/threat-model-slc11.md","1"
"THREAT-MODEL-SLC12","08-security/threat-model-slc12.md","1"
"THREAT-MODEL-SLC12A","08-security/threat-model-slc12a.md","1"
"THREAT-MODEL-SLC14","08-security/threat-model-slc14.md","1"
"THREAT-MODEL-SLC15","08-security/threat-model-slc15.md","1"
"THREAT-MODEL-SLC16","08-security/threat-model-slc16.md","1"
"THREAT-MODEL-SLC17","08-security/threat-model-slc17.md","1"
"THREAT-MODEL-SLC18","08-security/threat-model-slc18.md","1"
"THREAT-MODEL-SLC19","08-security/threat-model-slc19.md","1"
"THR-S01-01","08-security/threat-model-slc01.md","1"
"THR-S01-02","08-security/threat-model-slc01.md","1"
"THR-S01-03","08-security/threat-model-slc01.md","1"
"THR-S01-04","08-security/threat-model-slc01.md","1"
"THR-S01-05","08-security/threat-model-slc01.md","1"
"THR-S01-06","08-security/threat-model-slc01.md","1"
"THR-S01-07","08-security/threat-model-slc01.md","1"
"THR-S01-08","08-security/threat-model-slc01.md","1"
"THR-S01-09","08-security/threat-model-slc01.md","1"
"THR-S01-10","08-security/threat-model-slc01.md","1"
"THR-S01-11","08-security/threat-model-slc01.md","1"
"THR-S01-12","08-security/threat-model-slc01.md","1"
"THR-S02-01","08-security/threat-model-slc02.md","1"
"THR-S02-02","08-security/threat-model-slc02.md","1"
"THR-S02-03","08-security/threat-model-slc02.md","1"
"THR-S02-04","08-security/threat-model-slc02.md","1"
"THR-S02-05","08-security/threat-model-slc02.md","1"
"THR-S02-06","08-security/threat-model-slc02.md","1"
"THR-S02-07","08-security/threat-model-slc02.md","1"
"THR-S02-08","08-security/threat-model-slc02.md","1"
"THR-S02-09","08-security/threat-model-slc02.md","1"
"THR-S02-10","08-security/threat-model-slc02.md","1"
"THR-S03-01","08-security/threat-model-slc03.md","1"
"THR-S03-02","08-security/threat-model-slc03.md","1"
"THR-S03-03","08-security/threat-model-slc03.md","1"
"THR-S03-04","08-security/threat-model-slc03.md","1"
"THR-S03-05","08-security/threat-model-slc03.md","1"
"THR-S03-06","08-security/threat-model-slc03.md","1"
"THR-S04-01","08-security/threat-model-slc04.md","1"
"THR-S04-02","08-security/threat-model-slc04.md","1"
"THR-S04-03","08-security/threat-model-slc04.md","1"
"THR-S04-04","08-security/threat-model-slc04.md","1"
"THR-S04-05","08-security/threat-model-slc04.md","1"
"THR-S04-06","08-security/threat-model-slc04.md","1"
"THR-S04-07","08-security/threat-model-slc04.md","1"
"THR-S05-01","08-security/threat-model-slc05.md","1"
"THR-S05-02","08-security/threat-model-slc05.md","1"
"THR-S05-03","08-security/threat-model-slc05.md","1"
"THR-S05-04","08-security/threat-model-slc05.md","1"
"THR-S05-05","08-security/threat-model-slc05.md","1"
"THR-S05-06","08-security/threat-model-slc05.md","1"
"THR-S05-07","08-security/threat-model-slc05.md","1"
"THR-S05-08","08-security/threat-model-slc05.md","1"
"THR-S06-01","08-security/threat-model-slc06.md","1"
"THR-S06-02","08-security/threat-model-slc06.md","1"
"THR-S06-03","08-security/threat-model-slc06.md","1"
"THR-S06-04","08-security/threat-model-slc06.md","1"
"THR-S06-05","08-security/threat-model-slc06.md","1"
"THR-S06-06","08-security/threat-model-slc06.md","1"
"THR-S06-07","08-security/threat-model-slc06.md","1"
"THR-S07-01","08-security/threat-model-slc07.md","1"
"THR-S07-02","08-security/threat-model-slc07.md","1"
"THR-S07-03","08-security/threat-model-slc07.md","1"
"THR-S07-04","08-security/threat-model-slc07.md","1"
"THR-S07-05","08-security/threat-model-slc07.md","1"
"THR-S07-06","08-security/threat-model-slc07.md","1"
"THR-S08-01","08-security/threat-model-slc08.md","1"
"THR-S08-02","08-security/threat-model-slc08.md","1"
"THR-S08-03","08-security/threat-model-slc08.md","1"
"THR-S08-04","08-security/threat-model-slc08.md","1"
"THR-S08-05","08-security/threat-model-slc08.md","1"
"THR-S08-06","08-security/threat-model-slc08.md","1"
"THR-S09-01","08-security/threat-model-slc09.md","1"
"THR-S09-02","08-security/threat-model-slc09.md","1"
"THR-S09-03","08-security/threat-model-slc09.md","1"
"THR-S09-04","08-security/threat-model-slc09.md","1"
"THR-S10-01","08-security/threat-model-slc10.md","1"
"THR-S10-02","08-security/threat-model-slc10.md","1"
"THR-S10-03","08-security/threat-model-slc10.md","1"
"THR-S10-04","08-security/threat-model-slc10.md","1"
"THR-S10-05","08-security/threat-model-slc10.md","1"
"THR-S10-06","08-security/threat-model-slc10.md","1"
"THR-S11-01","08-security/threat-model-slc11.md","1"
"THR-S11-02","08-security/threat-model-slc11.md","1"
"THR-S11-03","08-security/threat-model-slc11.md","1"
"THR-S11-04","08-security/threat-model-slc11.md","1"
"THR-S11-05","08-security/threat-model-slc11.md","1"
"THR-S11-06","08-security/threat-model-slc11.md","1"
"THR-S12-01","08-security/threat-model-slc12a.md","1"
"THR-S12-02","08-security/threat-model-slc12a.md","1"
"THR-S12-03","08-security/threat-model-slc12a.md","1"
"THR-S12-04","08-security/threat-model-slc12a.md","1"
"THR-S12-05","08-security/threat-model-slc12a.md","1"
"THR-S12-P1","08-security/threat-model-slc12.md","1"
"THR-S12-P2","08-security/threat-model-slc12.md","1"
"THR-S12-P3","08-security/threat-model-slc12.md","1"
"THR-S12-P4","08-security/threat-model-slc12.md","1"
"THR-S12-P5","08-security/threat-model-slc12.md","1"
"THR-S14-01","08-security/threat-model-slc14.md","1"
"THR-S14-02","08-security/threat-model-slc14.md","1"
"THR-S15-01","08-security/threat-model-slc15.md","1"
"THR-S15-02","08-security/threat-model-slc15.md","1"
"THR-S15-03","08-security/threat-model-slc15.md","1"
"THR-S15-04","08-security/threat-model-slc15.md","1"
"THR-S16-01","08-security/threat-model-slc16.md","1"
"THR-S16-02","08-security/threat-model-slc16.md","1"
"THR-S16-03","08-security/threat-model-slc16.md","1"
"THR-S16-04","08-security/threat-model-slc16.md","1"
"THR-S16-05","08-security/threat-model-slc16.md","1"
"THR-S17-01","08-security/threat-model-slc17.md","1"
"THR-S17-02","08-security/threat-model-slc17.md","1"
"THR-S17-03","08-security/threat-model-slc17.md","1"
"THR-S17-04","08-security/threat-model-slc17.md","1"
"THR-S17-05","08-security/threat-model-slc17.md","1"
"THR-S18-01","08-security/threat-model-slc18.md","1"
"THR-S18-02","08-security/threat-model-slc18.md","1"
"THR-S18-03","08-security/threat-model-slc18.md","1"
"THR-S18-04","08-security/threat-model-slc18.md","1"
"THR-S18-05","08-security/threat-model-slc18.md","1"
"THR-S19-01","08-security/threat-model-slc19.md","1"
"THR-S19-02","08-security/threat-model-slc19.md","1"
"THR-S19-03","08-security/threat-model-slc19.md","1"
"THR-S19-04","08-security/threat-model-slc19.md","1"
"THR-S19-05","08-security/threat-model-slc19.md","1"
"TRACE-PLATFORM","12-solution/w8-inputs.md;15-traceability/trace-platform.md","2"
"TRACE-SLC01","15-traceability/trace-slc01.md","1"
"TRACE-SLC02","15-traceability/trace-slc02.md","1"
"TRACE-SLC03","15-traceability/trace-slc03.md","1"
"TRACE-SLC04","15-traceability/trace-slc04.md","1"
"TRACE-SLC05","15-traceability/trace-slc05.md","1"
"TRACE-SLC06","15-traceability/trace-slc06.md","1"
"TRACE-SLC07","15-traceability/trace-slc07.md","1"
"TRACE-SLC08","15-traceability/trace-slc08.md","1"
"TRACE-SLC09","15-traceability/trace-slc09.md","1"
"TRACE-SLC10","15-traceability/trace-slc10.md","1"
"TRACE-SLC11","15-traceability/trace-slc11.md","1"
"TRACE-SLC12","15-traceability/trace-slc12.md","1"
"TRACE-SLC12A","15-traceability/trace-slc12a.md","1"
"TRACE-SLC14","15-traceability/trace-slc14.md","1"
"TRACE-SLC15","15-traceability/trace-slc15.md","1"
"TRACE-SLC16","15-traceability/trace-slc16.md","1"
"TRACE-SLC17","15-traceability/trace-slc17.md","1"
"TRACE-SLC18","15-traceability/trace-slc18.md","1"
"TRACE-SLC19","15-traceability/trace-slc19.md","1"
"TRUST-BOUNDARIES","08-security/trust-boundaries.md","1"
"TST-ADAPTER-SM","13-verification/acceptance/SLC-02/adapter-state-machine.md","1"
"TST-AI-REQUEST-SM","13-verification/acceptance/SLC-10/ai-request-state-machine.md","1"
"TST-AI-RESULT-SM","13-verification/acceptance/SLC-10/ai-result-state-machine.md","1"
"TST-AI-ROUTING-SM","13-verification/acceptance/SLC-10/ai-routing-state-machine.md","1"
"TST-AI-TOOL-SM","13-verification/acceptance/SLC-10/ai-tool-state-machine.md","1"
"TST-ALERT-RULE-SM","13-verification/acceptance/SLC-06/alert-rule-state-machine.md","1"
"TST-ALERT-SM","13-verification/acceptance/SLC-06/alert-state-machine.md","1"
"TST-ALLOCATION-SM","13-verification/acceptance/SLC-09/allocation-state-machine.md","1"
"TST-ANALYSIS-CASE-SM","13-verification/acceptance/SLC-07/analysis-case-state-machine.md","1"
"TST-ANALYSIS-METHOD-SM","13-verification/acceptance/SLC-07/analysis-method-state-machine.md","1"
"TST-ANALYSIS-RUN-SM","13-verification/acceptance/SLC-07/analysis-run-state-machine.md","1"
"TST-ARCHIVE-PACKAGE-SM","13-verification/acceptance/SLC-12/archive-package-state-machine.md","1"
"TST-ASSESSMENT-SM","13-verification/acceptance/SLC-07/assessment-state-machine.md","1"
"TST-ASSET-ASSIGNMENT-SM","13-verification/acceptance/SLC-09/asset-assignment-state-machine.md","1"
"TST-ASSET-RESERVATION-SM","13-verification/acceptance/SLC-09/asset-reservation-state-machine.md","1"
"TST-ASSET-SM","13-verification/acceptance/SLC-09/asset-state-machine.md","1"
"TST-ATTACHMENT-SM","13-verification/acceptance/SLC-02/attachment-state-machine.md","1"
"TST-AUTHORITY-GRANT-SM","13-verification/acceptance/SLC-01/authority-grant-state-machine.md","1"
"TST-CAP-MESSAGE-SM","13-verification/acceptance/SLC-16/cap-message-state-machine.md","1"
"TST-CLAIM-SM","13-verification/acceptance/SLC-02/claim-state-machine.md","1"
"TST-CLASSIFICATION-SCHEME-SM","13-verification/acceptance/SLC-01/classification-scheme-state-machine.md","1"
"TST-CLEARANCE-SM","13-verification/acceptance/SLC-01/clearance-state-machine.md","1"
"TST-COLLECTION-PLAN-SM","13-verification/acceptance/SLC-14/collection-plan-state-machine.md","1"
"TST-COLLECTION-REQUIREMENT-SM","13-verification/acceptance/SLC-14/collection-requirement-state-machine.md","1"
"TST-CONFLICT-SM","13-verification/acceptance/SLC-04/conflict-state-machine.md","1"
"TST-COORDINATION-CASE-SM","13-verification/acceptance/SLC-15/coordination-case-state-machine.md","1"
"TST-CORRELATION-PROPOSAL-SM","13-verification/acceptance/SLC-15/correlation-proposal-state-machine.md","1"
"TST-CORRELATION-RULE-SM","13-verification/acceptance/SLC-15/correlation-rule-state-machine.md","1"
"TST-DECISION-REQUEST-SM","13-verification/acceptance/SLC-08/decision-request-state-machine.md","1"
"TST-DECISION-SM","13-verification/acceptance/SLC-08/decision-state-machine.md","1"
"TST-DEVICE-SM","13-verification/acceptance/SLC-11/device-state-machine.md","1"
"TST-DISPOSITION-RUN-SM","13-verification/acceptance/SLC-12a/disposition-run-state-machine.md","1"
"TST-DISTRIBUTION-SM","13-verification/acceptance/SLC-12/distribution-state-machine.md","1"
"TST-ENTITY-SM","13-verification/acceptance/SLC-02/entity-state-machine.md","1"
"TST-ERASURE-REQUEST-SM","13-verification/acceptance/SLC-12a/erasure-request-state-machine.md","1"
"TST-ER-CASE-SM","13-verification/acceptance/SLC-04/er-case-state-machine.md","1"
"TST-EVAL-SUITE-SM","13-verification/acceptance/SLC-10/eval-suite-state-machine.md","1"
"TST-EVIDENCE-LINK-SM","13-verification/acceptance/SLC-02/evidence-link-state-machine.md","1"
"TST-EVIDENCE-SM","13-verification/acceptance/SLC-02/evidence-state-machine.md","1"
"TST-EXERCISE-SM","13-verification/acceptance/SLC-19/exercise-state-machine.md","1"
"TST-EXTERNAL-ID-SM","13-verification/acceptance/SLC-02/external-id-state-machine.md","1"
"TST-FINDING-SM","13-verification/acceptance/SLC-07/finding-state-machine.md","1"
"TST-HR-SYNC-PROPOSAL-SM","13-verification/acceptance/SLC-16/hr-sync-proposal-state-machine.md","1"
"TST-IMPORT-BATCH-SM","13-verification/acceptance/SLC-02/import-batch-state-machine.md","1"
"TST-INCIDENT-SM","13-verification/acceptance/SLC-17/incident-state-machine.md","1"
"TST-INTEGRATION-CONNECTION-SM","13-verification/acceptance/SLC-16/integration-connection-state-machine.md","1"
"TST-KNOWLEDGE-OBJECT-SM","13-verification/acceptance/SLC-12/knowledge-object-state-machine.md","1"
"TST-LEGAL-HOLD-SM","13-verification/acceptance/SLC-12a/legal-hold-state-machine.md","1"
"TST-LOGISTICS-REQUEST-SM","13-verification/acceptance/SLC-18/logistics-request-state-machine.md","1"
"TST-MAINTENANCE-ORDER-SM","13-verification/acceptance/SLC-09/maintenance-order-state-machine.md","1"
"TST-MATCH-RULESET-SM","13-verification/acceptance/SLC-04/match-ruleset-state-machine.md","1"
"TST-MODEL-VERSION-SM","13-verification/acceptance/SLC-10/model-version-state-machine.md","1"
"TST-NOTIFICATION-SM","13-verification/acceptance/SLC-06/notification-state-machine.md","1"
"TST-OBSERVATION-SM","13-verification/acceptance/SLC-02/observation-state-machine.md","1"
"TST-ORGANIZATION-SM","13-verification/acceptance/SLC-01/organization-state-machine.md","1"
"TST-OUTCOME-TRACKER-SM","13-verification/acceptance/SLC-08/outcome-tracker-state-machine.md","1"
"TST-PERSON-SM","13-verification/acceptance/SLC-01/person-state-machine.md","1"
"TST-PLAN-SM","13-verification/acceptance/SLC-08/plan-state-machine.md","1"
"TST-PLAN-VERSION-SM","13-verification/acceptance/SLC-08/plan-version-state-machine.md","1"
"TST-POLICY-SET-SM","13-verification/acceptance/SLC-01/policy-set-state-machine.md","1"
"TST-PRELOAD-PACKAGE-SM","13-verification/acceptance/SLC-11/preload-package-state-machine.md","1"
"TST-PRODUCT-SM","13-verification/acceptance/SLC-12/product-state-machine.md","1"
"TST-PRODUCT-TEMPLATE-SM","13-verification/acceptance/SLC-12/product-template-state-machine.md","1"
"TST-PROJECTION-VERSION-SM","13-verification/acceptance/SLC-05/projection-version-state-machine.md","1"
"TST-QUALIFICATION-RECORD-SM","13-verification/acceptance/SLC-03/qualification-record-state-machine.md","1"
"TST-REALWORLD-EVENT-SM","13-verification/acceptance/SLC-02/realworld-event-state-machine.md","1"
"TST-RECONSTRUCTION-SM","13-verification/acceptance/SLC-12/reconstruction-state-machine.md","1"
"TST-RELATIONSHIP-SM","13-verification/acceptance/SLC-02/relationship-state-machine.md","1"
"TST-RESOURCE-POOL-SM","13-verification/acceptance/SLC-09/resource-pool-state-machine.md","1"
"TST-RETENTION-SCHEDULE-SM","13-verification/acceptance/SLC-12a/retention-schedule-state-machine.md","1"
"TST-RISK-SM","13-verification/acceptance/SLC-17/risk-state-machine.md","1"
"TST-ROLE-ASSIGNMENT-SM","13-verification/acceptance/SLC-01/role-assignment-state-machine.md","1"
"TST-ROLE-REQUIREMENT-SM","13-verification/acceptance/SLC-09/role-requirement-state-machine.md","1"
"TST-ROLE-SM","13-verification/acceptance/SLC-01/role-state-machine.md","1"
"TST-SCENARIO-SM","13-verification/acceptance/SLC-19/scenario-state-machine.md","1"
"TST-SECURITY-EXCEPTION-SM","13-verification/acceptance/SLC-01/security-exception-state-machine.md","1"
"TST-SENSOR-STREAM-SM","13-verification/acceptance/SLC-16/sensor-stream-state-machine.md","1"
"TST-SERVICE-ACCOUNT-SM","13-verification/acceptance/SLC-01/service-account-state-machine.md","1"
"TST-SHIPMENT-SM","13-verification/acceptance/SLC-18/shipment-state-machine.md","1"
"TST-SIMULATION-SM","13-verification/acceptance/SLC-19/simulation-state-machine.md","1"
"TST-SITUATION-SM","13-verification/acceptance/SLC-06/situation-state-machine.md","1"
"TST-SLC01-INVARIANTS","13-verification/acceptance/SLC-01/invariants-slc01.md","1"
"TST-SLC02-INVARIANTS","13-verification/acceptance/SLC-02/invariants-slc02.md","1"
"TST-SLC03-INVARIANTS","13-verification/acceptance/SLC-03/invariants-slc03.md","1"
"TST-SLC04-INVARIANTS","13-verification/acceptance/SLC-04/invariants-slc04.md","1"
"TST-SLC05-INVARIANTS","13-verification/acceptance/SLC-05/invariants-slc05.md","1"
"TST-SLC06-INVARIANTS","13-verification/acceptance/SLC-06/invariants-slc06.md","1"
"TST-SLC07-INVARIANTS","13-verification/acceptance/SLC-07/invariants-slc07.md","1"
"TST-SLC08-INVARIANTS","13-verification/acceptance/SLC-08/invariants-slc08.md","1"
"TST-SLC09-INVARIANTS","13-verification/acceptance/SLC-09/invariants-slc09.md","1"
"TST-SLC10-INVARIANTS","13-verification/acceptance/SLC-10/invariants-slc10.md","1"
"TST-SLC11-INVARIANTS","13-verification/acceptance/SLC-11/invariants-slc11.md","1"
"TST-SLC12A-INVARIANTS","13-verification/acceptance/SLC-12a/invariants-slc12a.md","1"
"TST-SLC12-INVARIANTS","13-verification/acceptance/SLC-12/invariants-slc12.md","1"
"TST-SLC14-INVARIANTS","13-verification/acceptance/SLC-14/invariants-slc14.md","1"
"TST-SLC15-INVARIANTS","13-verification/acceptance/SLC-15/invariants-slc15.md","1"
"TST-SLC16-INVARIANTS","13-verification/acceptance/SLC-16/invariants-slc16.md","1"
"TST-SLC17-INVARIANTS","13-verification/acceptance/SLC-17/invariants-slc17.md","1"
"TST-SLC18-INVARIANTS","13-verification/acceptance/SLC-18/invariants-slc18.md","1"
"TST-SLC19-INVARIANTS","13-verification/acceptance/SLC-19/invariants-slc19.md","1"
"TST-SOURCE-SM","13-verification/acceptance/SLC-02/source-state-machine.md","1"
"TST-SUBSCRIPTION-SM","13-verification/acceptance/SLC-06/subscription-state-machine.md","1"
"TST-SYNC-CONFLICT-SM","13-verification/acceptance/SLC-11/sync-conflict-state-machine.md","1"
"TST-SYNC-SESSION-SM","13-verification/acceptance/SLC-11/sync-session-state-machine.md","1"
"TST-TASK-SM","13-verification/acceptance/SLC-03/task-state-machine.md","1"
"TST-TASK-TYPE-SM","13-verification/acceptance/SLC-03/task-type-state-machine.md","1"
"TST-TENANT-SM","13-verification/acceptance/SLC-01/tenant-state-machine.md","1"
"TST-USER-SM","13-verification/acceptance/SLC-01/user-state-machine.md","1"
"UC-001","02-requirements/use-cases.md","1"
"UC-002","02-requirements/use-cases.md","1"
"UC-003","02-requirements/use-cases.md","1"
"UC-004","02-requirements/use-cases.md","1"
"UC-005","02-requirements/use-cases.md","1"
"UC-006","02-requirements/use-cases.md","1"
"UC-007","02-requirements/use-cases.md","1"
"UC-008","02-requirements/use-cases.md","1"
"UC-010","02-requirements/use-cases.md","1"
"UC-011","02-requirements/use-cases.md","1"
"UC-012","02-requirements/use-cases.md","1"
"UC-013","02-requirements/use-cases.md","1"
"UC-014","02-requirements/use-cases.md","1"
"UC-015","02-requirements/use-cases.md","1"
"UC-016","02-requirements/use-cases.md","1"
"UC-020","02-requirements/use-cases.md","1"
"UC-021","02-requirements/use-cases.md","1"
"UC-022","02-requirements/use-cases.md","1"
"UC-023","02-requirements/use-cases.md","1"
"UC-024","02-requirements/use-cases.md","1"
"UC-030","02-requirements/use-cases.md","1"
"UC-031","02-requirements/use-cases.md","1"
"UC-032","02-requirements/use-cases.md","1"
"UC-033","02-requirements/use-cases.md","1"
"UC-034","02-requirements/use-cases.md","1"
"UC-035","02-requirements/use-cases.md","1"
"UC-036","02-requirements/use-cases.md","1"
"UC-040","02-requirements/use-cases.md","1"
"UC-041","02-requirements/use-cases.md","1"
"UC-042","02-requirements/use-cases.md","1"
"UC-043","02-requirements/use-cases.md","1"
"UC-044","02-requirements/use-cases.md","1"
"UC-045","02-requirements/use-cases.md","1"
"UC-046","02-requirements/use-cases.md","1"
"UC-050","02-requirements/use-cases.md","1"
"UC-051","02-requirements/use-cases.md","1"
"UC-052","02-requirements/use-cases.md","1"
"UC-053","02-requirements/use-cases.md","1"
"UC-054","02-requirements/use-cases.md","1"
"UC-055","02-requirements/use-cases.md","1"
"UC-060","02-requirements/use-cases.md","1"
"UC-061","02-requirements/use-cases.md","1"
"UC-062","02-requirements/use-cases.md","1"
"UC-063","02-requirements/use-cases.md","1"
"UC-064","02-requirements/use-cases.md","1"
"UC-065","02-requirements/use-cases.md","1"
"UC-070","02-requirements/use-cases.md","1"
"UC-071","02-requirements/use-cases.md","1"
"UC-072","02-requirements/use-cases.md","1"
"UC-073","02-requirements/use-cases.md","1"
"UC-074","02-requirements/use-cases.md","1"
"UC-080","02-requirements/use-cases.md","1"
"UC-081","02-requirements/use-cases.md","1"
"UC-082","02-requirements/use-cases.md","1"
"UC-083","02-requirements/use-cases.md","1"
"UC-084","02-requirements/use-cases.md","1"
"UC-085","02-requirements/use-cases.md","1"
"UC-086","02-requirements/use-cases.md","1"
"UC-087","02-requirements/use-cases.md","1"
"UC-088","02-requirements/use-cases.md","1"
"UC-089","02-requirements/use-cases.md","1"
"UC-090","02-requirements/use-cases.md","1"
"UC-091","02-requirements/use-cases.md","1"
"UC-092","02-requirements/use-cases.md","1"
"UC-093","02-requirements/use-cases.md","1"
"UC-094","02-requirements/use-cases.md","1"
"UC-095","02-requirements/use-cases.md","1"
"UC-096","02-requirements/use-cases.md","1"
"UC-097","02-requirements/use-cases.md","1"
"UC-098","02-requirements/use-cases.md","1"
"UC-099","02-requirements/use-cases.md","1"
"UC-101","02-requirements/use-cases.md","1"
"UC-102","02-requirements/use-cases.md","1"
"UC-103","02-requirements/use-cases.md","1"
"UC-104","02-requirements/use-cases.md","1"
"UC-105","02-requirements/use-cases.md","1"
"UC-110","02-requirements/use-cases.md","1"
"UC-111","02-requirements/use-cases.md","1"
"UC-112","02-requirements/use-cases.md","1"
"UC-120","02-requirements/use-cases.md","1"
"UC-121","02-requirements/use-cases.md","1"
"UC-122","02-requirements/use-cases.md","1"
"UC-130","02-requirements/use-cases.md","1"
"UC-131","02-requirements/use-cases.md","1"
"UC-132","02-requirements/use-cases.md","1"
"UC-CAT","02-requirements/use-cases.md","1"
"UI-ARCHITECTURE","12-solution/ui-architecture.md","1"
"UNK-001","00-governance/registers/unknowns.md","1"
"UNK-002","00-governance/registers/unknowns.md;01-business/system-definition.md","2"
"UNK-003","00-governance/registers/unknowns.md","1"
"UNK-004","00-governance/registers/unknowns.md","1"
"UNK-005","00-governance/registers/unknowns.md","1"
"UNK-006","00-governance/registers/unknowns.md","1"
"UNK-007","00-governance/registers/unknowns.md","1"
"UNK-008","00-governance/registers/unknowns.md","1"
"UNK-009","00-governance/registers/unknowns.md","1"
"UNK-010","00-governance/registers/unknowns.md","1"
"UNK-011","00-governance/registers/unknowns.md","1"
"UNK-012","00-governance/registers/unknowns.md;01-business/system-definition.md","2"
"UNK-013","00-governance/registers/unknowns.md","1"
"UNK-014","00-governance/registers/unknowns.md","1"
"UNK-015","00-governance/registers/unknowns.md","1"
"UNK-016","00-governance/registers/unknowns.md","1"
"UNK-017","00-governance/registers/unknowns.md","1"
"UNK-018","00-governance/registers/unknowns.md","1"
"UNK-019","00-governance/registers/unknowns.md","1"
"UNK-020","00-governance/registers/unknowns.md","1"
"UNK-021","00-governance/registers/unknowns.md","1"
"UNK-022","00-governance/registers/unknowns.md","1"
"VALUE-STREAMS","01-business/value-streams.md","1"
"WL-01","07-quality/workloads-slc01.md;07-quality/workloads-slc02.md;07-quality/workloads-slc03.md;07-quality/workloads-slc07.md;07-quality/workloads-slc08.md;07-quality/workloads-slc09.md;07-quality/workloads-slc15.md;07-quality/workloads.md","8"
"WL-02","07-quality/workloads-slc05.md;07-quality/workloads.md","2"
"WL-03","07-quality/workloads-slc02.md;07-quality/workloads-slc06.md;07-quality/workloads.md","3"
"WL-04","07-quality/workloads-slc02.md;07-quality/workloads-slc12.md;07-quality/workloads.md","3"
"WL-05","07-quality/workloads-slc02.md;07-quality/workloads-slc16.md;07-quality/workloads.md","3"
"WL-06","07-quality/workloads-slc02.md;07-quality/workloads-slc06.md;07-quality/workloads-slc14.md;07-quality/workloads-slc16.md;07-quality/workloads.md","5"
"WL-07","07-quality/workloads-slc15.md","1"
"WL-08","07-quality/workloads-slc04.md;07-quality/workloads-slc05.md;07-quality/workloads.md","3"
"WL-09","07-quality/workloads-slc10.md;07-quality/workloads.md","2"
"WL-10","07-quality/workloads-slc10.md","1"
"WL-11","07-quality/workloads-slc02.md;07-quality/workloads-slc07.md;07-quality/workloads.md","3"
"WL-12","07-quality/workloads-slc11.md;07-quality/workloads.md","2"
"WL-13","07-quality/workloads-slc06.md;07-quality/workloads-slc12.md;07-quality/workloads-slc16.md","3"
"WL-14","07-quality/workloads-slc12.md;07-quality/workloads-slc12a.md","2"
"WL-15","07-quality/workloads.md","1"
"WL-16","07-quality/workloads.md","1"
"WL-17","07-quality/workloads-slc17.md","1"
"WL-18","07-quality/workloads-slc18.md","1"
"WL-19","07-quality/workloads-slc19.md","1"
"WL-SLC01","07-quality/workloads-slc01.md","1"
"WL-SLC02","07-quality/workloads-slc02.md","1"
"WL-SLC03","07-quality/workloads-slc03.md","1"
"WL-SLC04","07-quality/workloads-slc04.md","1"
"WL-SLC05","07-quality/workloads-slc05.md","1"
"WL-SLC06","07-quality/workloads-slc06.md","1"
"WL-SLC07","07-quality/workloads-slc07.md","1"
"WL-SLC08","07-quality/workloads-slc08.md","1"
"WL-SLC09","07-quality/workloads-slc09.md","1"
"WL-SLC10","07-quality/workloads-slc10.md","1"
"WL-SLC11","07-quality/workloads-slc11.md","1"
"WL-SLC12","07-quality/workloads-slc12.md","1"
"WL-SLC12A","07-quality/workloads-slc12a.md","1"
"WL-SLC14","07-quality/workloads-slc14.md","1"
"WL-SLC15","07-quality/workloads-slc15.md","1"
"WL-SLC16","07-quality/workloads-slc16.md","1"
"WL-SLC17","07-quality/workloads-slc17.md","1"
"WL-SLC18","07-quality/workloads-slc18.md","1"
"WL-SLC19","07-quality/workloads-slc19.md","1"
