"id","ref_count","is_defined","files"
"ACT-01","1","yes","01-business/stakeholders.md"
"ACT-02","1","yes","01-business/stakeholders.md"
"ACT-03","1","yes","01-business/stakeholders.md"
"ACT-04","1","yes","01-business/stakeholders.md"
"ACT-05","1","yes","01-business/stakeholders.md"
"ACT-06","1","yes","01-business/stakeholders.md"
"ACT-07","1","yes","01-business/stakeholders.md"
"ACT-08","1","yes","01-business/stakeholders.md"
"ACT-09","1","yes","01-business/stakeholders.md"
"ACT-10","1","yes","01-business/stakeholders.md"
"ACT-11","1","yes","01-business/stakeholders.md"
"ACT-12","1","yes","01-business/stakeholders.md"
"ACT-13","1","yes","01-business/stakeholders.md"
"ACT-14","1","yes","01-business/stakeholders.md"
"ACT-15","1","yes","01-business/stakeholders.md"
"ADD-RESULT-ITEM","8","no","00-governance/RATIFICATION-PACKAGE.md;03-domain/contexts/BC04/decision-plan-spec.md;03-domain/contexts/BC04/task-lifecycle-rules.md;03-domain/contexts/BC04/aggregates/AGG-TASK-TYPE.md;03-domain/contexts/BC07/field-sync-protocol.md;13-verification/acceptance/SLC-03/invariants-slc03.md;13-verification/tooling/slice-sources.md;14-slices/SLC-03/readiness.md"
"ADR-P","1","no","13-verification/tooling/spec-tooling.md"
"ADR-P01","112","yes","00-governance/glossary.md;00-governance/RATIFICATION-PACKAGE.md;00-governance/decisions/ADR-P01.md;00-governance/decisions/ADR-P02.md;00-governance/elicitation/W1-answers.md;00-governance/registers/corrections.md;00-governance/registers/human-approvals.md;00-governance/registers/risks.md;00-governance/registers/unknowns.md;02-requirements/requirements.md;03-domain/contexts/BC01/aggregates/AGG-AUTHORITY-GRANT.md;03-domain/contexts/BC01/aggregates/AGG-CLEARANCE.md;03-domain/contexts/BC01/aggregates/AGG-DEVICE.md;03-domain/contexts/BC01/aggregates/AGG-HR-SYNC-PROPOSAL.md;03-domain/contexts/BC01/aggregates/AGG-ORGANIZATION.md;03-domain/contexts/BC01/aggregates/AGG-PERSON.md;03-domain/contexts/BC01/aggregates/AGG-ROLE-ASSIGNMENT.md;03-domain/contexts/BC01/aggregates/AGG-ROLE.md;03-domain/contexts/BC01/aggregates/AGG-SERVICE-ACCOUNT.md;03-domain/contexts/BC01/aggregates/AGG-TENANT.md;03-domain/contexts/BC01/aggregates/AGG-USER.md;03-domain/contexts/BC02/claims-temporal-kernel.md;03-domain/contexts/BC02/aggregates/AGG-ATTACHMENT.md;03-domain/contexts/BC02/aggregates/AGG-CLAIM.md;03-domain/contexts/BC02/aggregates/AGG-COLLECTION-PLAN.md;03-domain/contexts/BC02/aggregates/AGG-COLLECTION-REQUIREMENT.md;03-domain/contexts/BC02/aggregates/AGG-CONFLICT.md;03-domain/contexts/BC02/aggregates/AGG-CORRELATION-PROPOSAL.md;03-domain/contexts/BC02/aggregates/AGG-CORRELATION-RULE.md;03-domain/contexts/BC02/aggregates/AGG-ENTITY.md;03-domain/contexts/BC02/aggregates/AGG-ER-CASE.md;03-domain/contexts/BC02/aggregates/AGG-EVIDENCE-LINK.md;03-domain/contexts/BC02/aggregates/AGG-EVIDENCE.md;03-domain/contexts/BC02/aggregates/AGG-EXTERNAL-ID.md;03-domain/contexts/BC02/aggregates/AGG-IMPORT-BATCH.md;03-domain/contexts/BC02/aggregates/AGG-MATCH-RULESET.md;03-domain/contexts/BC02/aggregates/AGG-OBSERVATION.md;03-domain/contexts/BC02/aggregates/AGG-REALWORLD-EVENT.md;03-domain/contexts/BC02/aggregates/AGG-RELATIONSHIP.md;03-domain/contexts/BC02/aggregates/AGG-SOURCE.md;03-domain/contexts/BC03/aggregates/AGG-ALERT-RULE.md;03-domain/contexts/BC03/aggregates/AGG-ALERT.md;03-domain/contexts/BC03/aggregates/AGG-ANALYSIS-CASE.md;03-domain/contexts/BC03/aggregates/AGG-ANALYSIS-METHOD.md;03-domain/contexts/BC03/aggregates/AGG-ANALYSIS-RUN.md;03-domain/contexts/BC03/aggregates/AGG-ASSESSMENT.md;03-domain/contexts/BC03/aggregates/AGG-CAP-MESSAGE.md;03-domain/contexts/BC03/aggregates/AGG-FINDING.md;03-domain/contexts/BC03/aggregates/AGG-SITUATION.md;03-domain/contexts/BC04/aggregates/AGG-COORDINATION-CASE.md;03-domain/contexts/BC04/aggregates/AGG-DECISION-REQUEST.md;03-domain/contexts/BC04/aggregates/AGG-DECISION.md;03-domain/contexts/BC04/aggregates/AGG-INCIDENT.md;03-domain/contexts/BC04/aggregates/AGG-NOTIFICATION.md;03-domain/contexts/BC04/aggregates/AGG-OUTCOME-TRACKER.md;03-domain/contexts/BC04/aggregates/AGG-PLAN-VERSION.md;03-domain/contexts/BC04/aggregates/AGG-PLAN.md;03-domain/contexts/BC04/aggregates/AGG-RISK.md;03-domain/contexts/BC04/aggregates/AGG-SUBSCRIPTION.md;03-domain/contexts/BC04/aggregates/AGG-TASK-TYPE.md;03-domain/contexts/BC04/aggregates/AGG-TASK.md;03-domain/contexts/BC05/aggregates/AGG-ALLOCATION.md;03-domain/contexts/BC05/aggregates/AGG-ASSET-ASSIGNMENT.md;03-domain/contexts/BC05/aggregates/AGG-ASSET-RESERVATION.md;03-domain/contexts/BC05/aggregates/AGG-ASSET.md;03-domain/contexts/BC05/aggregates/AGG-EXERCISE.md;03-domain/contexts/BC05/aggregates/AGG-LOGISTICS-REQUEST.md;03-domain/contexts/BC05/aggregates/AGG-MAINTENANCE-ORDER.md;03-domain/contexts/BC05/aggregates/AGG-QUALIFICATION-RECORD.md;03-domain/contexts/BC05/aggregates/AGG-RESOURCE-POOL.md;03-domain/contexts/BC05/aggregates/AGG-ROLE-REQUIREMENT.md;03-domain/contexts/BC05/aggregates/AGG-SCENARIO.md;03-domain/contexts/BC05/aggregates/AGG-SHIPMENT.md;03-domain/contexts/BC05/aggregates/AGG-SIMULATION.md;03-domain/contexts/BC06/aggregates/AGG-ARCHIVE-PACKAGE.md;03-domain/contexts/BC06/aggregates/AGG-DISTRIBUTION.md;03-domain/contexts/BC06/aggregates/AGG-KNOWLEDGE-OBJECT.md;03-domain/contexts/BC06/aggregates/AGG-PRODUCT-TEMPLATE.md;03-domain/contexts/BC06/aggregates/AGG-PRODUCT.md;03-domain/contexts/BC06/aggregates/AGG-RECONSTRUCTION.md;03-domain/contexts/BC07/field-sync-protocol.md;03-domain/contexts/BC07/aggregates/AGG-ADAPTER.md;03-domain/contexts/BC07/aggregates/AGG-AI-REQUEST.md;03-domain/contexts/BC07/aggregates/AGG-AI-RESULT.md;03-domain/contexts/BC07/aggregates/AGG-AI-ROUTING.md;03-domain/contexts/BC07/aggregates/AGG-AI-TOOL.md;03-domain/contexts/BC07/aggregates/AGG-EVAL-SUITE.md;03-domain/contexts/BC07/aggregates/AGG-INTEGRATION-CONNECTION.md;03-domain/contexts/BC07/aggregates/AGG-MODEL-VERSION.md;03-domain/contexts/BC07/aggregates/AGG-PRELOAD-PACKAGE.md;03-domain/contexts/BC07/aggregates/AGG-PROJECTION-VERSION.md;03-domain/contexts/BC07/aggregates/AGG-SENSOR-STREAM.md;03-domain/contexts/BC07/aggregates/AGG-SYNC-CONFLICT.md;03-domain/contexts/BC07/aggregates/AGG-SYNC-SESSION.md;03-domain/contexts/BC08/aggregates/AGG-CLASSIFICATION-SCHEME.md;03-domain/contexts/BC08/aggregates/AGG-DISPOSITION-RUN.md;03-domain/contexts/BC08/aggregates/AGG-ERASURE-REQUEST.md;03-domain/contexts/BC08/aggregates/AGG-LEGAL-HOLD.md;03-domain/contexts/BC08/aggregates/AGG-POLICY-SET.md;03-domain/contexts/BC08/aggregates/AGG-RETENTION-SCHEDULE.md;03-domain/contexts/BC08/aggregates/AGG-SECURITY-EXCEPTION.md;04-information/business-objects-kernel.md;04-information/meta-model.md;04-information/object-envelope.md;04-information/temporal-model.md;06-data/logical-model/slc-02.md;13-verification/fitness-functions.md;13-verification/tooling/spec-tooling.md;14-slices/SLC-01/readiness.md;16-reports/SESSION-W2.md;16-reports/gate-reports/GATE-STATUS-W1.md;16-reports/gate-reports/GATE-STATUS-W3.md"
"ADR-P01..P04","2","no","16-reports/gate-reports/GATE-STATUS-W0.md;16-reports/gate-reports/GATE-STATUS-W2.md"
"ADR-P01..P15","1","no","16-reports/SESSION-W0.md"
"ADR-P02","103","yes","00-governance/RATIFICATION-PACKAGE.md;00-governance/decisions/ADR-P02.md;00-governance/registers/corrections.md;00-governance/registers/human-approvals.md;03-domain/contexts/BC01/aggregates/AGG-AUTHORITY-GRANT.md;03-domain/contexts/BC01/aggregates/AGG-CLEARANCE.md;03-domain/contexts/BC01/aggregates/AGG-DEVICE.md;03-domain/contexts/BC01/aggregates/AGG-HR-SYNC-PROPOSAL.md;03-domain/contexts/BC01/aggregates/AGG-ORGANIZATION.md;03-domain/contexts/BC01/aggregates/AGG-PERSON.md;03-domain/contexts/BC01/aggregates/AGG-ROLE-ASSIGNMENT.md;03-domain/contexts/BC01/aggregates/AGG-ROLE.md;03-domain/contexts/BC01/aggregates/AGG-SERVICE-ACCOUNT.md;03-domain/contexts/BC01/aggregates/AGG-TENANT.md;03-domain/contexts/BC01/aggregates/AGG-USER.md;03-domain/contexts/BC02/claims-temporal-kernel.md;03-domain/contexts/BC02/aggregates/AGG-ATTACHMENT.md;03-domain/contexts/BC02/aggregates/AGG-CLAIM.md;03-domain/contexts/BC02/aggregates/AGG-COLLECTION-PLAN.md;03-domain/contexts/BC02/aggregates/AGG-COLLECTION-REQUIREMENT.md;03-domain/contexts/BC02/aggregates/AGG-CONFLICT.md;03-domain/contexts/BC02/aggregates/AGG-CORRELATION-PROPOSAL.md;03-domain/contexts/BC02/aggregates/AGG-CORRELATION-RULE.md;03-domain/contexts/BC02/aggregates/AGG-ENTITY.md;03-domain/contexts/BC02/aggregates/AGG-ER-CASE.md;03-domain/contexts/BC02/aggregates/AGG-EVIDENCE-LINK.md;03-domain/contexts/BC02/aggregates/AGG-EVIDENCE.md;03-domain/contexts/BC02/aggregates/AGG-EXTERNAL-ID.md;03-domain/contexts/BC02/aggregates/AGG-IMPORT-BATCH.md;03-domain/contexts/BC02/aggregates/AGG-MATCH-RULESET.md;03-domain/contexts/BC02/aggregates/AGG-OBSERVATION.md;03-domain/contexts/BC02/aggregates/AGG-REALWORLD-EVENT.md;03-domain/contexts/BC02/aggregates/AGG-RELATIONSHIP.md;03-domain/contexts/BC02/aggregates/AGG-SOURCE.md;03-domain/contexts/BC03/aggregates/AGG-ALERT-RULE.md;03-domain/contexts/BC03/aggregates/AGG-ALERT.md;03-domain/contexts/BC03/aggregates/AGG-ANALYSIS-CASE.md;03-domain/contexts/BC03/aggregates/AGG-ANALYSIS-METHOD.md;03-domain/contexts/BC03/aggregates/AGG-ANALYSIS-RUN.md;03-domain/contexts/BC03/aggregates/AGG-ASSESSMENT.md;03-domain/contexts/BC03/aggregates/AGG-CAP-MESSAGE.md;03-domain/contexts/BC03/aggregates/AGG-FINDING.md;03-domain/contexts/BC03/aggregates/AGG-SITUATION.md;03-domain/contexts/BC04/aggregates/AGG-COORDINATION-CASE.md;03-domain/contexts/BC04/aggregates/AGG-DECISION-REQUEST.md;03-domain/contexts/BC04/aggregates/AGG-DECISION.md;03-domain/contexts/BC04/aggregates/AGG-INCIDENT.md;03-domain/contexts/BC04/aggregates/AGG-NOTIFICATION.md;03-domain/contexts/BC04/aggregates/AGG-OUTCOME-TRACKER.md;03-domain/contexts/BC04/aggregates/AGG-PLAN-VERSION.md;03-domain/contexts/BC04/aggregates/AGG-PLAN.md;03-domain/contexts/BC04/aggregates/AGG-RISK.md;03-domain/contexts/BC04/aggregates/AGG-SUBSCRIPTION.md;03-domain/contexts/BC04/aggregates/AGG-TASK-TYPE.md;03-domain/contexts/BC04/aggregates/AGG-TASK.md;03-domain/contexts/BC05/aggregates/AGG-ALLOCATION.md;03-domain/contexts/BC05/aggregates/AGG-ASSET-ASSIGNMENT.md;03-domain/contexts/BC05/aggregates/AGG-ASSET-RESERVATION.md;03-domain/contexts/BC05/aggregates/AGG-ASSET.md;03-domain/contexts/BC05/aggregates/AGG-EXERCISE.md;03-domain/contexts/BC05/aggregates/AGG-LOGISTICS-REQUEST.md;03-domain/contexts/BC05/aggregates/AGG-MAINTENANCE-ORDER.md;03-domain/contexts/BC05/aggregates/AGG-QUALIFICATION-RECORD.md;03-domain/contexts/BC05/aggregates/AGG-RESOURCE-POOL.md;03-domain/contexts/BC05/aggregates/AGG-ROLE-REQUIREMENT.md;03-domain/contexts/BC05/aggregates/AGG-SCENARIO.md;03-domain/contexts/BC05/aggregates/AGG-SHIPMENT.md;03-domain/contexts/BC05/aggregates/AGG-SIMULATION.md;03-domain/contexts/BC06/aggregates/AGG-ARCHIVE-PACKAGE.md;03-domain/contexts/BC06/aggregates/AGG-DISTRIBUTION.md;03-domain/contexts/BC06/aggregates/AGG-KNOWLEDGE-OBJECT.md;03-domain/contexts/BC06/aggregates/AGG-PRODUCT-TEMPLATE.md;03-domain/contexts/BC06/aggregates/AGG-PRODUCT.md;03-domain/contexts/BC06/aggregates/AGG-RECONSTRUCTION.md;03-domain/contexts/BC07/aggregates/AGG-ADAPTER.md;03-domain/contexts/BC07/aggregates/AGG-AI-REQUEST.md;03-domain/contexts/BC07/aggregates/AGG-AI-RESULT.md;03-domain/contexts/BC07/aggregates/AGG-AI-ROUTING.md;03-domain/contexts/BC07/aggregates/AGG-AI-TOOL.md;03-domain/contexts/BC07/aggregates/AGG-EVAL-SUITE.md;03-domain/contexts/BC07/aggregates/AGG-INTEGRATION-CONNECTION.md;03-domain/contexts/BC07/aggregates/AGG-MODEL-VERSION.md;03-domain/contexts/BC07/aggregates/AGG-PRELOAD-PACKAGE.md;03-domain/contexts/BC07/aggregates/AGG-PROJECTION-VERSION.md;03-domain/contexts/BC07/aggregates/AGG-SENSOR-STREAM.md;03-domain/contexts/BC07/aggregates/AGG-SYNC-CONFLICT.md;03-domain/contexts/BC07/aggregates/AGG-SYNC-SESSION.md;03-domain/contexts/BC08/aggregates/AGG-CLASSIFICATION-SCHEME.md;03-domain/contexts/BC08/aggregates/AGG-DISPOSITION-RUN.md;03-domain/contexts/BC08/aggregates/AGG-ERASURE-REQUEST.md;03-domain/contexts/BC08/aggregates/AGG-LEGAL-HOLD.md;03-domain/contexts/BC08/aggregates/AGG-POLICY-SET.md;03-domain/contexts/BC08/aggregates/AGG-RETENTION-SCHEDULE.md;03-domain/contexts/BC08/aggregates/AGG-SECURITY-EXCEPTION.md;04-information/meta-model.md;04-information/temporal-model.md;06-data/logical-model/slc-01.md;06-data/logical-model/slc-02.md;06-data/logical-model/slc-03.md;13-verification/fitness-functions.md;13-verification/tooling/spec-tooling.md;16-reports/ANTI-PATTERN-REPORT-R1.md;16-reports/SESSION-W4-W7-SLC03.md"
"ADR-P03","106","yes","00-governance/RATIFICATION-PACKAGE.md;00-governance/decisions/ADR-P03.md;00-governance/elicitation/W1-answers.md;00-governance/registers/corrections.md;00-governance/registers/human-approvals.md;00-governance/registers/risks.md;00-governance/registers/unknowns.md;01-business/business-rules.md;02-requirements/requirements.md;03-domain/contexts/BC01/aggregates/AGG-AUTHORITY-GRANT.md;03-domain/contexts/BC01/aggregates/AGG-CLEARANCE.md;03-domain/contexts/BC01/aggregates/AGG-DEVICE.md;03-domain/contexts/BC01/aggregates/AGG-HR-SYNC-PROPOSAL.md;03-domain/contexts/BC01/aggregates/AGG-ORGANIZATION.md;03-domain/contexts/BC01/aggregates/AGG-PERSON.md;03-domain/contexts/BC01/aggregates/AGG-ROLE-ASSIGNMENT.md;03-domain/contexts/BC01/aggregates/AGG-ROLE.md;03-domain/contexts/BC01/aggregates/AGG-SERVICE-ACCOUNT.md;03-domain/contexts/BC01/aggregates/AGG-TENANT.md;03-domain/contexts/BC01/aggregates/AGG-USER.md;03-domain/contexts/BC02/claims-temporal-kernel.md;03-domain/contexts/BC02/aggregates/AGG-ATTACHMENT.md;03-domain/contexts/BC02/aggregates/AGG-CLAIM.md;03-domain/contexts/BC02/aggregates/AGG-COLLECTION-PLAN.md;03-domain/contexts/BC02/aggregates/AGG-COLLECTION-REQUIREMENT.md;03-domain/contexts/BC02/aggregates/AGG-CONFLICT.md;03-domain/contexts/BC02/aggregates/AGG-CORRELATION-PROPOSAL.md;03-domain/contexts/BC02/aggregates/AGG-CORRELATION-RULE.md;03-domain/contexts/BC02/aggregates/AGG-ENTITY.md;03-domain/contexts/BC02/aggregates/AGG-ER-CASE.md;03-domain/contexts/BC02/aggregates/AGG-EVIDENCE-LINK.md;03-domain/contexts/BC02/aggregates/AGG-EVIDENCE.md;03-domain/contexts/BC02/aggregates/AGG-EXTERNAL-ID.md;03-domain/contexts/BC02/aggregates/AGG-IMPORT-BATCH.md;03-domain/contexts/BC02/aggregates/AGG-MATCH-RULESET.md;03-domain/contexts/BC02/aggregates/AGG-OBSERVATION.md;03-domain/contexts/BC02/aggregates/AGG-REALWORLD-EVENT.md;03-domain/contexts/BC02/aggregates/AGG-RELATIONSHIP.md;03-domain/contexts/BC02/aggregates/AGG-SOURCE.md;03-domain/contexts/BC03/aggregates/AGG-ALERT-RULE.md;03-domain/contexts/BC03/aggregates/AGG-ALERT.md;03-domain/contexts/BC03/aggregates/AGG-ANALYSIS-CASE.md;03-domain/contexts/BC03/aggregates/AGG-ANALYSIS-METHOD.md;03-domain/contexts/BC03/aggregates/AGG-ANALYSIS-RUN.md;03-domain/contexts/BC03/aggregates/AGG-ASSESSMENT.md;03-domain/contexts/BC03/aggregates/AGG-CAP-MESSAGE.md;03-domain/contexts/BC03/aggregates/AGG-FINDING.md;03-domain/contexts/BC03/aggregates/AGG-SITUATION.md;03-domain/contexts/BC04/aggregates/AGG-COORDINATION-CASE.md;03-domain/contexts/BC04/aggregates/AGG-DECISION-REQUEST.md;03-domain/contexts/BC04/aggregates/AGG-DECISION.md;03-domain/contexts/BC04/aggregates/AGG-INCIDENT.md;03-domain/contexts/BC04/aggregates/AGG-NOTIFICATION.md;03-domain/contexts/BC04/aggregates/AGG-OUTCOME-TRACKER.md;03-domain/contexts/BC04/aggregates/AGG-PLAN-VERSION.md;03-domain/contexts/BC04/aggregates/AGG-PLAN.md;03-domain/contexts/BC04/aggregates/AGG-RISK.md;03-domain/contexts/BC04/aggregates/AGG-SUBSCRIPTION.md;03-domain/contexts/BC04/aggregates/AGG-TASK-TYPE.md;03-domain/contexts/BC04/aggregates/AGG-TASK.md;03-domain/contexts/BC05/aggregates/AGG-ALLOCATION.md;03-domain/contexts/BC05/aggregates/AGG-ASSET-ASSIGNMENT.md;03-domain/contexts/BC05/aggregates/AGG-ASSET-RESERVATION.md;03-domain/contexts/BC05/aggregates/AGG-ASSET.md;03-domain/contexts/BC05/aggregates/AGG-EXERCISE.md;03-domain/contexts/BC05/aggregates/AGG-LOGISTICS-REQUEST.md;03-domain/contexts/BC05/aggregates/AGG-MAINTENANCE-ORDER.md;03-domain/contexts/BC05/aggregates/AGG-QUALIFICATION-RECORD.md;03-domain/contexts/BC05/aggregates/AGG-RESOURCE-POOL.md;03-domain/contexts/BC05/aggregates/AGG-ROLE-REQUIREMENT.md;03-domain/contexts/BC05/aggregates/AGG-SCENARIO.md;03-domain/contexts/BC05/aggregates/AGG-SHIPMENT.md;03-domain/contexts/BC05/aggregates/AGG-SIMULATION.md;03-domain/contexts/BC06/aggregates/AGG-ARCHIVE-PACKAGE.md;03-domain/contexts/BC06/aggregates/AGG-DISTRIBUTION.md;03-domain/contexts/BC06/aggregates/AGG-KNOWLEDGE-OBJECT.md;03-domain/contexts/BC06/aggregates/AGG-PRODUCT-TEMPLATE.md;03-domain/contexts/BC06/aggregates/AGG-PRODUCT.md;03-domain/contexts/BC06/aggregates/AGG-RECONSTRUCTION.md;03-domain/contexts/BC07/aggregates/AGG-ADAPTER.md;03-domain/contexts/BC07/aggregates/AGG-AI-REQUEST.md;03-domain/contexts/BC07/aggregates/AGG-AI-RESULT.md;03-domain/contexts/BC07/aggregates/AGG-AI-ROUTING.md;03-domain/contexts/BC07/aggregates/AGG-AI-TOOL.md;03-domain/contexts/BC07/aggregates/AGG-EVAL-SUITE.md;03-domain/contexts/BC07/aggregates/AGG-INTEGRATION-CONNECTION.md;03-domain/contexts/BC07/aggregates/AGG-MODEL-VERSION.md;03-domain/contexts/BC07/aggregates/AGG-PRELOAD-PACKAGE.md;03-domain/contexts/BC07/aggregates/AGG-PROJECTION-VERSION.md;03-domain/contexts/BC07/aggregates/AGG-SENSOR-STREAM.md;03-domain/contexts/BC07/aggregates/AGG-SYNC-CONFLICT.md;03-domain/contexts/BC07/aggregates/AGG-SYNC-SESSION.md;03-domain/contexts/BC08/aggregates/AGG-CLASSIFICATION-SCHEME.md;03-domain/contexts/BC08/aggregates/AGG-DISPOSITION-RUN.md;03-domain/contexts/BC08/aggregates/AGG-ERASURE-REQUEST.md;03-domain/contexts/BC08/aggregates/AGG-LEGAL-HOLD.md;03-domain/contexts/BC08/aggregates/AGG-POLICY-SET.md;03-domain/contexts/BC08/aggregates/AGG-RETENTION-SCHEDULE.md;03-domain/contexts/BC08/aggregates/AGG-SECURITY-EXCEPTION.md;04-information/importance-tiers.md;04-information/meta-model.md;04-information/object-envelope.md;06-data/logical-model/slc-02.md;13-verification/fitness-functions.md;13-verification/tooling/spec-tooling.md;16-reports/ANTI-PATTERN-REPORT-R1.md"
"ADR-P04","18","yes","00-governance/RATIFICATION-PACKAGE.md;00-governance/decisions/ADR-P04.md;00-governance/registers/corrections.md;00-governance/registers/human-approvals.md;00-governance/registers/unknowns.md;03-domain/contexts/BC01/aggregates/AGG-TENANT.md;04-information/object-envelope.md;06-data/logical-model/slc-01.md;06-data/logical-model/slc-02.md;07-quality/cost-model.md;08-security/classification-scheme.md;08-security/data-protection.md;08-security/key-hierarchy-and-disposition.md;12-solution/c4-containers.md;12-solution/cell-architecture.md;12-solution/technology-decisions.md;13-verification/fitness-functions.md;13-verification/tooling/slice-sources.md"
"ADR-P05","33","yes","README.md;00-governance/RATIFICATION-PACKAGE.md;00-governance/decisions/ADR-P05.md;00-governance/decisions/ADR-P11.md;00-governance/registers/assumptions.md;00-governance/registers/corrections.md;00-governance/registers/human-approvals.md;00-governance/registers/risks.md;00-governance/registers/unknowns.md;03-domain/contexts/BC07/discovery-architecture.md;06-data/logical-model/slc-01.md;06-data/logical-model/slc-05.md;07-quality/scale-envelope.md;12-solution/c4-containers.md;12-solution/cell-architecture.md;12-solution/technology-decisions.md;12-solution/w8-inputs.md;14-slices/slices.md;14-slices/SLC-01/readiness.md;14-slices/SLC-05/readiness.md;16-reports/ANTI-PATTERN-REPORT-R1.md;16-reports/CONSISTENCY-REPORT-R2.md;16-reports/ENGINEERING-BASELINE-R2.md;16-reports/IMPLEMENTATION-READINESS-R1.md;16-reports/SESSION-W4-W7-SLC05.md;16-reports/SESSION-W4-W7-SLC12a.md;16-reports/gate-reports/GATE-STATUS-SLC05.md;16-reports/gate-reports/GATE-STATUS-SLC06.md;16-reports/gate-reports/GATE-STATUS-SLC07.md;16-reports/gate-reports/GATE-STATUS-SLC08.md;16-reports/gate-reports/GATE-STATUS-SLC11.md;16-reports/gate-reports/GATE-STATUS-SLC12a.md;16-reports/gate-reports/GATE-STATUS-W0.md"
"ADR-P05.","1","no","16-reports/SESSION-W8.md"
"ADR-P06","126","yes","00-governance/glossary.md;00-governance/RATIFICATION-PACKAGE.md;00-governance/decisions/ADR-P06.md;00-governance/decisions/ADR-P12.md;00-governance/registers/corrections.md;00-governance/registers/human-approvals.md;00-governance/registers/risks.md;02-requirements/quality-scenarios.md;02-requirements/requirements.md;03-domain/context-map.md;03-domain/contexts/BC01/queries-slc01.md;03-domain/contexts/BC01/queries-slc11.md;03-domain/contexts/BC01/queries-slc16.md;03-domain/contexts/BC01/security-context.md;03-domain/contexts/BC02/claims-temporal-kernel.md;03-domain/contexts/BC02/queries-slc02.md;03-domain/contexts/BC02/queries-slc04.md;03-domain/contexts/BC02/queries-slc14.md;03-domain/contexts/BC02/queries-slc15.md;03-domain/contexts/BC03/queries-slc06.md;03-domain/contexts/BC03/queries-slc07.md;03-domain/contexts/BC03/queries-slc16.md;03-domain/contexts/BC03/situation-alerting-spec.md;03-domain/contexts/BC04/queries-slc03.md;03-domain/contexts/BC04/queries-slc06.md;03-domain/contexts/BC04/queries-slc08.md;03-domain/contexts/BC04/queries-slc15.md;03-domain/contexts/BC04/queries-slc17.md;03-domain/contexts/BC05/queries-slc03.md;03-domain/contexts/BC05/queries-slc09.md;03-domain/contexts/BC05/queries-slc18.md;03-domain/contexts/BC05/queries-slc19.md;03-domain/contexts/BC06/queries-slc12.md;03-domain/contexts/BC07/discovery-architecture.md;03-domain/contexts/BC07/grounded-ai-spec.md;03-domain/contexts/BC07/queries-slc02.md;03-domain/contexts/BC07/queries-slc05.md;03-domain/contexts/BC07/queries-slc10.md;03-domain/contexts/BC07/queries-slc11.md;03-domain/contexts/BC07/queries-slc16.md;03-domain/contexts/BC07/aggregates/AGG-PROJECTION-VERSION.md;03-domain/contexts/BC08/queries-slc01.md;03-domain/contexts/BC08/queries-slc12a.md;04-information/object-envelope.md;04-information/spatial-model.md;05-contracts/asyncapi-slc01.md;05-contracts/asyncapi-slc02.md;05-contracts/asyncapi-slc03.md;05-contracts/asyncapi-slc04.md;05-contracts/asyncapi-slc05.md;05-contracts/asyncapi-slc06.md;05-contracts/asyncapi-slc07.md;05-contracts/asyncapi-slc08.md;05-contracts/asyncapi-slc09.md;05-contracts/asyncapi-slc10.md;05-contracts/asyncapi-slc11.md;05-contracts/asyncapi-slc12.md;05-contracts/asyncapi-slc12a.md;05-contracts/asyncapi-slc14.md;05-contracts/asyncapi-slc15.md;05-contracts/asyncapi-slc16.md;05-contracts/asyncapi-slc17.md;05-contracts/asyncapi-slc18.md;05-contracts/asyncapi-slc19.md;05-contracts/errors-slc01.md;05-contracts/errors-slc02.md;05-contracts/errors-slc03.md;05-contracts/errors-slc04.md;05-contracts/errors-slc05.md;05-contracts/errors-slc06.md;05-contracts/errors-slc07.md;05-contracts/errors-slc08.md;05-contracts/errors-slc09.md;05-contracts/errors-slc10.md;05-contracts/errors-slc11.md;05-contracts/errors-slc12.md;05-contracts/errors-slc12a.md;05-contracts/errors-slc14.md;05-contracts/errors-slc15.md;05-contracts/errors-slc16.md;05-contracts/errors-slc17.md;05-contracts/errors-slc18.md;05-contracts/errors-slc19.md;05-contracts/openapi-ai-slc10.md;05-contracts/openapi-discovery-slc05.md;05-contracts/openapi-field-slc11.md;05-contracts/openapi-foundation-internal-slc01.md;05-contracts/openapi-foundation-slc01.md;05-contracts/openapi-foundation-slc11.md;05-contracts/openapi-foundation-slc16.md;05-contracts/openapi-governance-slc01.md;05-contracts/openapi-governance-slc12a.md;05-contracts/openapi-information-slc02.md;05-contracts/openapi-information-slc04.md;05-contracts/openapi-information-slc14.md;05-contracts/openapi-information-slc15.md;05-contracts/openapi-integration-slc02.md;05-contracts/openapi-integration-slc16.md;05-contracts/openapi-intelligence-slc06.md;05-contracts/openapi-intelligence-slc07.md;05-contracts/openapi-intelligence-slc16.md;05-contracts/openapi-knowledge-slc12.md;05-contracts/openapi-operations-slc03.md;05-contracts/openapi-operations-slc06.md;05-contracts/openapi-operations-slc08.md;05-contracts/openapi-operations-slc15.md;05-contracts/openapi-operations-slc17.md;05-contracts/openapi-readiness-slc03.md;05-contracts/openapi-readiness-slc09.md;05-contracts/openapi-readiness-slc18.md;05-contracts/openapi-readiness-slc19.md;06-data/logical-model/slc-10.md;08-security/authorization-model.md;08-security/classification-scheme.md;08-security/policies-slc06.md;08-security/threat-model-slc03.md;08-security/threat-model.md;08-security/trust-boundaries.md;12-solution/technology-decisions.md;13-verification/fitness-functions.md;13-verification/tooling/slice-sources.md;13-verification/tooling/spec-tooling.md;16-reports/CONSISTENCY-CHECK-W3.md;16-reports/EVOLUTION-ROADMAP.md;16-reports/SESSION-W4-W7-SLC03.md;16-reports/SESSION-W4-W7-SLC05.md"
"ADR-P07","12","yes","00-governance/glossary.md;00-governance/RATIFICATION-PACKAGE.md;00-governance/decisions/ADR-P07.md;00-governance/registers/corrections.md;00-governance/registers/human-approvals.md;00-governance/registers/unknowns.md;02-requirements/requirements.md;03-domain/context-map.md;03-domain/ownership.md;03-domain/contexts/BC03/situation-alerting-spec.md;03-domain/contexts/BC03/aggregates/AGG-SITUATION.md;13-verification/tooling/slice-sources.md"
"ADR-P08","22","yes","00-governance/RATIFICATION-PACKAGE.md;00-governance/decisions/ADR-P08.md;00-governance/elicitation/W1-answers.md;00-governance/registers/corrections.md;00-governance/registers/human-approvals.md;00-governance/registers/risks.md;00-governance/registers/unknowns.md;02-requirements/requirements.md;03-domain/contexts/BC01/commands-slc01.md;03-domain/contexts/BC01/aggregates/AGG-PERSON.md;03-domain/contexts/BC02/commands-slc02.md;03-domain/contexts/BC02/aggregates/AGG-ATTACHMENT.md;03-domain/contexts/BC08/aggregates/AGG-DISPOSITION-RUN.md;04-information/object-envelope.md;06-data/logical-model/slc-01.md;08-security/data-protection.md;08-security/key-hierarchy-and-disposition.md;08-security/privacy-threats.md;13-verification/tooling/slice-sources.md;14-slices/SLC-01/readiness.md;16-reports/SESSION-W4-W7-SLC01.md;16-reports/SESSION-W4-W7-SLC12a.md"
"ADR-P09","15","yes","00-governance/RATIFICATION-PACKAGE.md;00-governance/decisions/ADR-P09.md;00-governance/registers/corrections.md;00-governance/registers/human-approvals.md;00-governance/registers/risks.md;00-governance/registers/unknowns.md;02-requirements/requirements.md;03-domain/contexts/BC04/task-lifecycle-rules.md;03-domain/contexts/BC07/field-sync-protocol.md;04-information/conflict-model.md;04-information/temporal-model.md;13-verification/fitness-functions.md;13-verification/acceptance/SLC-03/invariants-slc03.md;13-verification/tooling/slice-sources.md;16-reports/SESSION-W4-W7-SLC08.md"
"ADR-P10","5","yes","00-governance/glossary.md;00-governance/RATIFICATION-PACKAGE.md;00-governance/decisions/ADR-P10.md;03-domain/contexts/BC07/grounded-ai-spec.md;16-reports/SESSION-W0.md"
"ADR-P11","6","yes","00-governance/RATIFICATION-PACKAGE.md;00-governance/decisions/ADR-P11.md;00-governance/registers/human-approvals.md;03-domain/context-map.md;08-security/authorization-model.md;12-solution/technology-decisions.md"
"ADR-P12","11","yes","00-governance/RATIFICATION-PACKAGE.md;00-governance/decisions/ADR-P12.md;00-governance/registers/corrections.md;00-governance/registers/human-approvals.md;00-governance/registers/unknowns.md;02-requirements/requirements.md;03-domain/contexts/BC03/situation-alerting-spec.md;04-information/spatial-model.md;08-security/threat-model.md;12-solution/technology-decisions.md;16-reports/SESSION-W4-W7-SLC05.md"
"ADR-P13","101","yes","00-governance/RATIFICATION-PACKAGE.md;00-governance/decisions/ADR-P13.md;00-governance/registers/human-approvals.md;02-requirements/requirements.md;03-domain/contexts/BC01/aggregates/AGG-AUTHORITY-GRANT.md;03-domain/contexts/BC01/aggregates/AGG-CLEARANCE.md;03-domain/contexts/BC01/aggregates/AGG-DEVICE.md;03-domain/contexts/BC01/aggregates/AGG-HR-SYNC-PROPOSAL.md;03-domain/contexts/BC01/aggregates/AGG-ORGANIZATION.md;03-domain/contexts/BC01/aggregates/AGG-PERSON.md;03-domain/contexts/BC01/aggregates/AGG-ROLE-ASSIGNMENT.md;03-domain/contexts/BC01/aggregates/AGG-ROLE.md;03-domain/contexts/BC01/aggregates/AGG-SERVICE-ACCOUNT.md;03-domain/contexts/BC01/aggregates/AGG-TENANT.md;03-domain/contexts/BC01/aggregates/AGG-USER.md;03-domain/contexts/BC02/claims-temporal-kernel.md;03-domain/contexts/BC02/aggregates/AGG-ATTACHMENT.md;03-domain/contexts/BC02/aggregates/AGG-CLAIM.md;03-domain/contexts/BC02/aggregates/AGG-COLLECTION-PLAN.md;03-domain/contexts/BC02/aggregates/AGG-COLLECTION-REQUIREMENT.md;03-domain/contexts/BC02/aggregates/AGG-CONFLICT.md;03-domain/contexts/BC02/aggregates/AGG-CORRELATION-PROPOSAL.md;03-domain/contexts/BC02/aggregates/AGG-CORRELATION-RULE.md;03-domain/contexts/BC02/aggregates/AGG-ENTITY.md;03-domain/contexts/BC02/aggregates/AGG-ER-CASE.md;03-domain/contexts/BC02/aggregates/AGG-EVIDENCE-LINK.md;03-domain/contexts/BC02/aggregates/AGG-EVIDENCE.md;03-domain/contexts/BC02/aggregates/AGG-EXTERNAL-ID.md;03-domain/contexts/BC02/aggregates/AGG-IMPORT-BATCH.md;03-domain/contexts/BC02/aggregates/AGG-MATCH-RULESET.md;03-domain/contexts/BC02/aggregates/AGG-OBSERVATION.md;03-domain/contexts/BC02/aggregates/AGG-REALWORLD-EVENT.md;03-domain/contexts/BC02/aggregates/AGG-RELATIONSHIP.md;03-domain/contexts/BC02/aggregates/AGG-SOURCE.md;03-domain/contexts/BC03/aggregates/AGG-ALERT-RULE.md;03-domain/contexts/BC03/aggregates/AGG-ALERT.md;03-domain/contexts/BC03/aggregates/AGG-ANALYSIS-CASE.md;03-domain/contexts/BC03/aggregates/AGG-ANALYSIS-METHOD.md;03-domain/contexts/BC03/aggregates/AGG-ANALYSIS-RUN.md;03-domain/contexts/BC03/aggregates/AGG-ASSESSMENT.md;03-domain/contexts/BC03/aggregates/AGG-CAP-MESSAGE.md;03-domain/contexts/BC03/aggregates/AGG-FINDING.md;03-domain/contexts/BC03/aggregates/AGG-SITUATION.md;03-domain/contexts/BC04/aggregates/AGG-COORDINATION-CASE.md;03-domain/contexts/BC04/aggregates/AGG-DECISION-REQUEST.md;03-domain/contexts/BC04/aggregates/AGG-DECISION.md;03-domain/contexts/BC04/aggregates/AGG-INCIDENT.md;03-domain/contexts/BC04/aggregates/AGG-NOTIFICATION.md;03-domain/contexts/BC04/aggregates/AGG-OUTCOME-TRACKER.md;03-domain/contexts/BC04/aggregates/AGG-PLAN-VERSION.md;03-domain/contexts/BC04/aggregates/AGG-PLAN.md;03-domain/contexts/BC04/aggregates/AGG-RISK.md;03-domain/contexts/BC04/aggregates/AGG-SUBSCRIPTION.md;03-domain/contexts/BC04/aggregates/AGG-TASK-TYPE.md;03-domain/contexts/BC04/aggregates/AGG-TASK.md;03-domain/contexts/BC05/aggregates/AGG-ALLOCATION.md;03-domain/contexts/BC05/aggregates/AGG-ASSET-ASSIGNMENT.md;03-domain/contexts/BC05/aggregates/AGG-ASSET-RESERVATION.md;03-domain/contexts/BC05/aggregates/AGG-ASSET.md;03-domain/contexts/BC05/aggregates/AGG-EXERCISE.md;03-domain/contexts/BC05/aggregates/AGG-LOGISTICS-REQUEST.md;03-domain/contexts/BC05/aggregates/AGG-MAINTENANCE-ORDER.md;03-domain/contexts/BC05/aggregates/AGG-QUALIFICATION-RECORD.md;03-domain/contexts/BC05/aggregates/AGG-RESOURCE-POOL.md;03-domain/contexts/BC05/aggregates/AGG-ROLE-REQUIREMENT.md;03-domain/contexts/BC05/aggregates/AGG-SCENARIO.md;03-domain/contexts/BC05/aggregates/AGG-SHIPMENT.md;03-domain/contexts/BC05/aggregates/AGG-SIMULATION.md;03-domain/contexts/BC06/aggregates/AGG-ARCHIVE-PACKAGE.md;03-domain/contexts/BC06/aggregates/AGG-DISTRIBUTION.md;03-domain/contexts/BC06/aggregates/AGG-KNOWLEDGE-OBJECT.md;03-domain/contexts/BC06/aggregates/AGG-PRODUCT-TEMPLATE.md;03-domain/contexts/BC06/aggregates/AGG-PRODUCT.md;03-domain/contexts/BC06/aggregates/AGG-RECONSTRUCTION.md;03-domain/contexts/BC07/aggregates/AGG-ADAPTER.md;03-domain/contexts/BC07/aggregates/AGG-AI-REQUEST.md;03-domain/contexts/BC07/aggregates/AGG-AI-RESULT.md;03-domain/contexts/BC07/aggregates/AGG-AI-ROUTING.md;03-domain/contexts/BC07/aggregates/AGG-AI-TOOL.md;03-domain/contexts/BC07/aggregates/AGG-EVAL-SUITE.md;03-domain/contexts/BC07/aggregates/AGG-INTEGRATION-CONNECTION.md;03-domain/contexts/BC07/aggregates/AGG-MODEL-VERSION.md;03-domain/contexts/BC07/aggregates/AGG-PRELOAD-PACKAGE.md;03-domain/contexts/BC07/aggregates/AGG-PROJECTION-VERSION.md;03-domain/contexts/BC07/aggregates/AGG-SENSOR-STREAM.md;03-domain/contexts/BC07/aggregates/AGG-SYNC-CONFLICT.md;03-domain/contexts/BC07/aggregates/AGG-SYNC-SESSION.md;03-domain/contexts/BC08/aggregates/AGG-CLASSIFICATION-SCHEME.md;03-domain/contexts/BC08/aggregates/AGG-DISPOSITION-RUN.md;03-domain/contexts/BC08/aggregates/AGG-ERASURE-REQUEST.md;03-domain/contexts/BC08/aggregates/AGG-LEGAL-HOLD.md;03-domain/contexts/BC08/aggregates/AGG-POLICY-SET.md;03-domain/contexts/BC08/aggregates/AGG-RETENTION-SCHEDULE.md;03-domain/contexts/BC08/aggregates/AGG-SECURITY-EXCEPTION.md;04-information/entity-resolution.md;04-information/meta-model.md;04-information/object-envelope.md;06-data/logical-model/slc-01.md;06-data/logical-model/slc-02.md;13-verification/fitness-functions.md;13-verification/tooling/spec-tooling.md"
"ADR-P14","5","yes","00-governance/RATIFICATION-PACKAGE.md;00-governance/decisions/ADR-P14.md;00-governance/registers/corrections.md;00-governance/registers/human-approvals.md;04-information/reference-data.md"
"ADR-P15","11","yes","00-governance/RATIFICATION-PACKAGE.md;00-governance/decisions/ADR-P15.md;00-governance/elicitation/W1-answers.md;00-governance/registers/corrections.md;00-governance/registers/human-approvals.md;00-governance/registers/risks.md;00-governance/registers/unknowns.md;02-requirements/requirements.md;03-domain/contexts/BC07/discovery-architecture.md;04-information/language-model.md;06-data/logical-model/slc-02.md"
"ADR-P16","11","yes","00-governance/RATIFICATION-PACKAGE.md;00-governance/decisions/ADR-P16.md;00-governance/registers/human-approvals.md;02-requirements/requirements.md;03-domain/contexts/BC07/discovery-architecture.md;04-information/business-objects-kernel.md;04-information/object-envelope.md;04-information/spatial-model.md;06-data/logical-model/slc-02.md;13-verification/fitness-functions.md;16-reports/SESSION-W2.md"
"ADR-P16.","1","no","16-reports/SESSION-W2.md"
"AGG-ADAPTER","11","yes","03-domain/contexts/BC07/commands-slc02.md;03-domain/contexts/BC07/enterprise-integration-spec.md;03-domain/contexts/BC07/events-slc02.md;03-domain/contexts/BC07/aggregates/AGG-ADAPTER.md;05-contracts/openapi-integration-slc02.md;08-security/label-derivation-rules.md;08-security/policies-slc02.md;13-verification/acceptance/SLC-02/adapter-state-machine.md;13-verification/tooling/slice-sources.md;14-slices/SLC-02/readiness.md;15-traceability/trace-slc02.md"
"AGG-ADAPTER.","1","no","11-integration/README.md"
"AGG-AI-REQUEST","10","yes","03-domain/contexts/BC07/commands-slc10.md;03-domain/contexts/BC07/events-slc10.md;03-domain/contexts/BC07/aggregates/AGG-AI-REQUEST.md;05-contracts/openapi-ai-slc10.md;08-security/label-derivation-rules.md;08-security/policies-slc10.md;13-verification/acceptance/SLC-10/ai-request-state-machine.md;13-verification/tooling/slice-sources.md;14-slices/SLC-10/readiness.md;15-traceability/trace-slc10.md"
"AGG-AI-RESULT","10","yes","03-domain/contexts/BC07/commands-slc10.md;03-domain/contexts/BC07/events-slc10.md;03-domain/contexts/BC07/aggregates/AGG-AI-RESULT.md;05-contracts/openapi-ai-slc10.md;08-security/label-derivation-rules.md;08-security/policies-slc10.md;13-verification/acceptance/SLC-10/ai-result-state-machine.md;13-verification/tooling/slice-sources.md;14-slices/SLC-10/readiness.md;15-traceability/trace-slc10.md"
"AGG-AI-ROUTING","12","yes","03-domain/contexts/BC07/commands-slc10.md;03-domain/contexts/BC07/events-slc10.md;03-domain/contexts/BC07/aggregates/AGG-AI-ROUTING.md;05-contracts/openapi-ai-slc10.md;08-security/label-derivation-rules.md;08-security/policies-slc10.md;13-verification/acceptance/SLC-10/ai-routing-state-machine.md;13-verification/tooling/slice-sources.md;14-slices/SLC-10/readiness.md;15-traceability/trace-slc10.md;16-reports/ANTI-PATTERN-REPORT-R2.md;16-reports/CONSISTENCY-REPORT-R2.md"
"AGG-AI-TOOL","10","yes","03-domain/contexts/BC07/commands-slc10.md;03-domain/contexts/BC07/events-slc10.md;03-domain/contexts/BC07/aggregates/AGG-AI-TOOL.md;05-contracts/openapi-ai-slc10.md;08-security/label-derivation-rules.md;08-security/policies-slc10.md;13-verification/acceptance/SLC-10/ai-tool-state-machine.md;13-verification/tooling/slice-sources.md;14-slices/SLC-10/readiness.md;15-traceability/trace-slc10.md"
"AGG-ALERT","11","yes","03-domain/contexts/BC03/commands-slc06.md;03-domain/contexts/BC03/events-slc06.md;03-domain/contexts/BC03/situation-alerting-spec.md;03-domain/contexts/BC03/aggregates/AGG-ALERT.md;05-contracts/openapi-intelligence-slc06.md;08-security/label-derivation-rules.md;08-security/policies-slc06.md;13-verification/acceptance/SLC-06/alert-state-machine.md;13-verification/tooling/slice-sources.md;14-slices/SLC-06/readiness.md;15-traceability/trace-slc06.md"
"AGG-ALERT-RULE","10","yes","03-domain/contexts/BC03/commands-slc06.md;03-domain/contexts/BC03/events-slc06.md;03-domain/contexts/BC03/aggregates/AGG-ALERT-RULE.md;05-contracts/openapi-intelligence-slc06.md;08-security/label-derivation-rules.md;08-security/policies-slc06.md;13-verification/acceptance/SLC-06/alert-rule-state-machine.md;13-verification/tooling/slice-sources.md;14-slices/SLC-06/readiness.md;15-traceability/trace-slc06.md"
"AGG-ALLOCATION","20","yes","00-governance/registers/corrections.md;01-business/release-3-scope.md;03-domain/contexts/BC05/commands-slc09.md;03-domain/contexts/BC05/events-slc09.md;03-domain/contexts/BC05/logistics-spec.md;03-domain/contexts/BC05/training-exercise-spec.md;03-domain/contexts/BC05/aggregates/AGG-ALLOCATION.md;05-contracts/openapi-readiness-slc09.md;07-quality/workloads-slc18.md;08-security/label-derivation-rules.md;08-security/policies-slc09.md;09-reliability/fmea-slc18.md;13-verification/acceptance/SLC-09/allocation-state-machine.md;13-verification/tooling/slice-sources.md;14-slices/SLC-09/readiness.md;14-slices/SLC-18/atam-lite.md;14-slices/SLC-18/readiness.md;15-traceability/trace-slc09.md;15-traceability/trace-slc18.md;16-reports/SESSION-W4-W7-SLC18.md"
"AGG-ALLOCATION.","2","no","00-governance/registers/corrections.md;14-slices/SLC-18/readiness.md"
"AGG-ANALYSIS-CASE","10","yes","03-domain/contexts/BC03/commands-slc07.md;03-domain/contexts/BC03/events-slc07.md;03-domain/contexts/BC03/aggregates/AGG-ANALYSIS-CASE.md;05-contracts/openapi-intelligence-slc07.md;08-security/label-derivation-rules.md;08-security/policies-slc07.md;13-verification/acceptance/SLC-07/analysis-case-state-machine.md;13-verification/tooling/slice-sources.md;14-slices/SLC-07/readiness.md;15-traceability/trace-slc07.md"
"AGG-ANALYSIS-METHOD","10","yes","03-domain/contexts/BC03/commands-slc07.md;03-domain/contexts/BC03/events-slc07.md;03-domain/contexts/BC03/aggregates/AGG-ANALYSIS-METHOD.md;05-contracts/openapi-intelligence-slc07.md;08-security/label-derivation-rules.md;08-security/policies-slc07.md;13-verification/acceptance/SLC-07/analysis-method-state-machine.md;13-verification/tooling/slice-sources.md;14-slices/SLC-07/readiness.md;15-traceability/trace-slc07.md"
"AGG-ANALYSIS-RUN","10","yes","03-domain/contexts/BC03/commands-slc07.md;03-domain/contexts/BC03/events-slc07.md;03-domain/contexts/BC03/aggregates/AGG-ANALYSIS-RUN.md;05-contracts/openapi-intelligence-slc07.md;08-security/label-derivation-rules.md;08-security/policies-slc07.md;13-verification/acceptance/SLC-07/analysis-run-state-machine.md;13-verification/tooling/slice-sources.md;14-slices/SLC-07/readiness.md;15-traceability/trace-slc07.md"
"AGG-ARCHIVE-PACKAGE","10","yes","03-domain/contexts/BC06/commands-slc12.md;03-domain/contexts/BC06/events-slc12.md;03-domain/contexts/BC06/aggregates/AGG-ARCHIVE-PACKAGE.md;05-contracts/openapi-knowledge-slc12.md;08-security/label-derivation-rules.md;08-security/policies-slc12.md;13-verification/acceptance/SLC-12/archive-package-state-machine.md;13-verification/tooling/slice-sources.md;14-slices/SLC-12/readiness.md;15-traceability/trace-slc12.md"
"AGG-ASSESSMENT","10","yes","03-domain/contexts/BC03/commands-slc07.md;03-domain/contexts/BC03/events-slc07.md;03-domain/contexts/BC03/aggregates/AGG-ASSESSMENT.md;05-contracts/openapi-intelligence-slc07.md;08-security/label-derivation-rules.md;08-security/policies-slc07.md;13-verification/acceptance/SLC-07/assessment-state-machine.md;13-verification/tooling/slice-sources.md;14-slices/SLC-07/readiness.md;15-traceability/trace-slc07.md"
"AGG-ASSET","12","yes","03-domain/contexts/BC05/commands-slc09.md;03-domain/contexts/BC05/events-slc09.md;03-domain/contexts/BC05/logistics-spec.md;03-domain/contexts/BC05/aggregates/AGG-ASSET.md;05-contracts/openapi-readiness-slc09.md;08-security/label-derivation-rules.md;08-security/policies-slc09.md;08-security/threat-model-slc18.md;13-verification/acceptance/SLC-09/asset-state-machine.md;13-verification/tooling/slice-sources.md;14-slices/SLC-09/readiness.md;15-traceability/trace-slc09.md"
"AGG-ASSET-ASSIGNMENT","10","yes","03-domain/contexts/BC05/commands-slc09.md;03-domain/contexts/BC05/events-slc09.md;03-domain/contexts/BC05/aggregates/AGG-ASSET-ASSIGNMENT.md;05-contracts/openapi-readiness-slc09.md;08-security/label-derivation-rules.md;08-security/policies-slc09.md;13-verification/acceptance/SLC-09/asset-assignment-state-machine.md;13-verification/tooling/slice-sources.md;14-slices/SLC-09/readiness.md;15-traceability/trace-slc09.md"
"AGG-ASSET-RESERVATION","10","yes","03-domain/contexts/BC05/commands-slc09.md;03-domain/contexts/BC05/events-slc09.md;03-domain/contexts/BC05/aggregates/AGG-ASSET-RESERVATION.md;05-contracts/openapi-readiness-slc09.md;08-security/label-derivation-rules.md;08-security/policies-slc09.md;13-verification/acceptance/SLC-09/asset-reservation-state-machine.md;13-verification/tooling/slice-sources.md;14-slices/SLC-09/readiness.md;15-traceability/trace-slc09.md"
"AGG-ATTACHMENT","11","yes","03-domain/contexts/BC02/commands-slc02.md;03-domain/contexts/BC02/events-slc02.md;03-domain/contexts/BC02/aggregates/AGG-ATTACHMENT.md;05-contracts/openapi-information-slc02.md;08-security/label-derivation-rules.md;08-security/policies-slc02.md;12-solution/w8-inputs.md;13-verification/acceptance/SLC-02/attachment-state-machine.md;13-verification/tooling/slice-sources.md;14-slices/SLC-02/readiness.md;15-traceability/trace-slc02.md"
"AGG-AUTHORITY-GRANT","12","yes","00-governance/registers/corrections.md;03-domain/contexts/BC01/commands-slc01.md;03-domain/contexts/BC01/events-slc01.md;03-domain/contexts/BC01/aggregates/AGG-AUTHORITY-GRANT.md;05-contracts/openapi-foundation-slc01.md;08-security/label-derivation-rules.md;08-security/policies-slc01.md;13-verification/acceptance/SLC-01/authority-grant-state-machine.md;13-verification/tooling/slice-sources.md;13-verification/tooling/spec-tooling.md;14-slices/SLC-01/readiness.md;15-traceability/trace-slc01.md"
"AGG-CAP-MESSAGE","11","yes","03-domain/contexts/BC03/commands-slc16.md;03-domain/contexts/BC03/events-slc16.md;03-domain/contexts/BC03/aggregates/AGG-CAP-MESSAGE.md;03-domain/contexts/BC07/enterprise-integration-spec.md;05-contracts/openapi-intelligence-slc16.md;08-security/label-derivation-rules.md;08-security/policies-slc16.md;13-verification/acceptance/SLC-16/cap-message-state-machine.md;13-verification/tooling/slice-sources.md;14-slices/SLC-16/readiness.md;15-traceability/trace-slc16.md"
"AGG-CLAIM","10","yes","03-domain/contexts/BC02/commands-slc02.md;03-domain/contexts/BC02/events-slc02.md;03-domain/contexts/BC02/aggregates/AGG-CLAIM.md;05-contracts/openapi-information-slc02.md;08-security/label-derivation-rules.md;08-security/policies-slc02.md;13-verification/acceptance/SLC-02/claim-state-machine.md;13-verification/tooling/slice-sources.md;14-slices/SLC-02/readiness.md;15-traceability/trace-slc02.md"
"AGG-CLASSIFICATION-SCHEME","11","yes","03-domain/contexts/BC08/commands-slc01.md;03-domain/contexts/BC08/events-slc01.md;03-domain/contexts/BC08/aggregates/AGG-CLASSIFICATION-SCHEME.md;05-contracts/openapi-governance-slc01.md;08-security/label-derivation-rules.md;08-security/policies-slc01.md;13-verification/acceptance/SLC-01/classification-scheme-state-machine.md;13-verification/tooling/slice-sources.md;13-verification/tooling/spec-tooling.md;14-slices/SLC-01/readiness.md;15-traceability/trace-slc01.md"
"AGG-CLASSIFICATION-SCHEME.","1","no","00-governance/registers/corrections.md"
"AGG-CLEARANCE","11","yes","00-governance/registers/corrections.md;03-domain/contexts/BC01/commands-slc01.md;03-domain/contexts/BC01/events-slc01.md;03-domain/contexts/BC01/aggregates/AGG-CLEARANCE.md;05-contracts/openapi-foundation-slc01.md;08-security/label-derivation-rules.md;08-security/policies-slc01.md;13-verification/acceptance/SLC-01/clearance-state-machine.md;13-verification/tooling/slice-sources.md;14-slices/SLC-01/readiness.md;15-traceability/trace-slc01.md"
"AGG-CLEARANCE.","1","no","02-requirements/use-cases.md"
"AGG-COLLECTION-PLAN","10","yes","03-domain/contexts/BC02/commands-slc14.md;03-domain/contexts/BC02/events-slc14.md;03-domain/contexts/BC02/aggregates/AGG-COLLECTION-PLAN.md;05-contracts/openapi-information-slc14.md;08-security/label-derivation-rules.md;08-security/policies-slc14.md;13-verification/acceptance/SLC-14/collection-plan-state-machine.md;13-verification/tooling/slice-sources.md;14-slices/SLC-14/readiness.md;15-traceability/trace-slc14.md"
"AGG-COLLECTION-REQUIREMENT","10","yes","03-domain/contexts/BC02/commands-slc14.md;03-domain/contexts/BC02/events-slc14.md;03-domain/contexts/BC02/aggregates/AGG-COLLECTION-REQUIREMENT.md;05-contracts/openapi-information-slc14.md;08-security/label-derivation-rules.md;08-security/policies-slc14.md;13-verification/acceptance/SLC-14/collection-requirement-state-machine.md;13-verification/tooling/slice-sources.md;14-slices/SLC-14/readiness.md;15-traceability/trace-slc14.md"
"AGG-CONFLICT","10","yes","03-domain/contexts/BC02/commands-slc04.md;03-domain/contexts/BC02/events-slc04.md;03-domain/contexts/BC02/aggregates/AGG-CONFLICT.md;05-contracts/openapi-information-slc04.md;08-security/label-derivation-rules.md;08-security/policies-slc04.md;13-verification/acceptance/SLC-04/conflict-state-machine.md;13-verification/tooling/slice-sources.md;14-slices/SLC-04/readiness.md;15-traceability/trace-slc04.md"
"AGG-COORDINATION-CASE","10","yes","03-domain/contexts/BC04/commands-slc15.md;03-domain/contexts/BC04/events-slc15.md;03-domain/contexts/BC04/aggregates/AGG-COORDINATION-CASE.md;05-contracts/openapi-operations-slc15.md;08-security/label-derivation-rules.md;08-security/policies-slc15.md;13-verification/acceptance/SLC-15/coordination-case-state-machine.md;13-verification/tooling/slice-sources.md;14-slices/SLC-15/readiness.md;15-traceability/trace-slc15.md"
"AGG-CORRELATION-PROPOSAL","10","yes","03-domain/contexts/BC02/commands-slc15.md;03-domain/contexts/BC02/events-slc15.md;03-domain/contexts/BC02/aggregates/AGG-CORRELATION-PROPOSAL.md;05-contracts/openapi-information-slc15.md;08-security/label-derivation-rules.md;08-security/policies-slc15.md;13-verification/acceptance/SLC-15/correlation-proposal-state-machine.md;13-verification/tooling/slice-sources.md;14-slices/SLC-15/readiness.md;15-traceability/trace-slc15.md"
"AGG-CORRELATION-RULE","10","yes","03-domain/contexts/BC02/commands-slc15.md;03-domain/contexts/BC02/events-slc15.md;03-domain/contexts/BC02/aggregates/AGG-CORRELATION-RULE.md;05-contracts/openapi-information-slc15.md;08-security/label-derivation-rules.md;08-security/policies-slc15.md;13-verification/acceptance/SLC-15/correlation-rule-state-machine.md;13-verification/tooling/slice-sources.md;14-slices/SLC-15/readiness.md;15-traceability/trace-slc15.md"
"AGG-DECISION","10","yes","03-domain/contexts/BC04/commands-slc08.md;03-domain/contexts/BC04/events-slc08.md;03-domain/contexts/BC04/aggregates/AGG-DECISION.md;05-contracts/openapi-operations-slc08.md;08-security/label-derivation-rules.md;08-security/policies-slc08.md;13-verification/acceptance/SLC-08/decision-state-machine.md;13-verification/tooling/slice-sources.md;14-slices/SLC-08/readiness.md;15-traceability/trace-slc08.md"
"AGG-DECISION-REQUEST","10","yes","03-domain/contexts/BC04/commands-slc08.md;03-domain/contexts/BC04/events-slc08.md;03-domain/contexts/BC04/aggregates/AGG-DECISION-REQUEST.md;05-contracts/openapi-operations-slc08.md;08-security/label-derivation-rules.md;08-security/policies-slc08.md;13-verification/acceptance/SLC-08/decision-request-state-machine.md;13-verification/tooling/slice-sources.md;14-slices/SLC-08/readiness.md;15-traceability/trace-slc08.md"
"AGG-DEVICE","10","yes","03-domain/contexts/BC01/commands-slc11.md;03-domain/contexts/BC01/events-slc11.md;03-domain/contexts/BC01/aggregates/AGG-DEVICE.md;05-contracts/openapi-foundation-slc11.md;08-security/label-derivation-rules.md;08-security/policies-slc11.md;13-verification/acceptance/SLC-11/device-state-machine.md;13-verification/tooling/slice-sources.md;14-slices/SLC-11/readiness.md;15-traceability/trace-slc11.md"
"AGG-DISPOSITION-RUN","10","yes","03-domain/contexts/BC08/commands-slc12a.md;03-domain/contexts/BC08/events-slc12a.md;03-domain/contexts/BC08/aggregates/AGG-DISPOSITION-RUN.md;05-contracts/openapi-governance-slc12a.md;08-security/label-derivation-rules.md;08-security/policies-slc12a.md;13-verification/acceptance/SLC-12a/disposition-run-state-machine.md;13-verification/tooling/slice-sources.md;14-slices/SLC-12a/readiness.md;15-traceability/trace-slc12a.md"
"AGG-DISTRIBUTION","10","yes","03-domain/contexts/BC06/commands-slc12.md;03-domain/contexts/BC06/events-slc12.md;03-domain/contexts/BC06/aggregates/AGG-DISTRIBUTION.md;05-contracts/openapi-knowledge-slc12.md;08-security/label-derivation-rules.md;08-security/policies-slc12.md;13-verification/acceptance/SLC-12/distribution-state-machine.md;13-verification/tooling/slice-sources.md;14-slices/SLC-12/readiness.md;15-traceability/trace-slc12.md"
"AGG-ENTITY","10","yes","03-domain/contexts/BC02/commands-slc02.md;03-domain/contexts/BC02/events-slc02.md;03-domain/contexts/BC02/aggregates/AGG-ENTITY.md;05-contracts/openapi-information-slc02.md;08-security/label-derivation-rules.md;08-security/policies-slc02.md;13-verification/acceptance/SLC-02/entity-state-machine.md;13-verification/tooling/slice-sources.md;14-slices/SLC-02/readiness.md;15-traceability/trace-slc02.md"
"AGG-ERASURE-REQUEST","10","yes","03-domain/contexts/BC08/commands-slc12a.md;03-domain/contexts/BC08/events-slc12a.md;03-domain/contexts/BC08/aggregates/AGG-ERASURE-REQUEST.md;05-contracts/openapi-governance-slc12a.md;08-security/label-derivation-rules.md;08-security/policies-slc12a.md;13-verification/acceptance/SLC-12a/erasure-request-state-machine.md;13-verification/tooling/slice-sources.md;14-slices/SLC-12a/readiness.md;15-traceability/trace-slc12a.md"
"AGG-ER-CASE","10","yes","03-domain/contexts/BC02/commands-slc04.md;03-domain/contexts/BC02/events-slc04.md;03-domain/contexts/BC02/aggregates/AGG-ER-CASE.md;05-contracts/openapi-information-slc04.md;08-security/label-derivation-rules.md;08-security/policies-slc04.md;13-verification/acceptance/SLC-04/er-case-state-machine.md;13-verification/tooling/slice-sources.md;14-slices/SLC-04/readiness.md;15-traceability/trace-slc04.md"
"AGG-EVAL-SUITE","11","yes","03-domain/contexts/BC07/commands-slc10.md;03-domain/contexts/BC07/events-slc10.md;03-domain/contexts/BC07/aggregates/AGG-EVAL-SUITE.md;03-domain/contexts/BC07/aggregates/AGG-MODEL-VERSION.md;05-contracts/openapi-ai-slc10.md;08-security/label-derivation-rules.md;08-security/policies-slc10.md;13-verification/acceptance/SLC-10/eval-suite-state-machine.md;13-verification/tooling/slice-sources.md;14-slices/SLC-10/readiness.md;15-traceability/trace-slc10.md"
"AGG-EVIDENCE","10","yes","03-domain/contexts/BC02/commands-slc02.md;03-domain/contexts/BC02/events-slc02.md;03-domain/contexts/BC02/aggregates/AGG-EVIDENCE.md;05-contracts/openapi-information-slc02.md;08-security/label-derivation-rules.md;08-security/policies-slc02.md;13-verification/acceptance/SLC-02/evidence-state-machine.md;13-verification/tooling/slice-sources.md;14-slices/SLC-02/readiness.md;15-traceability/trace-slc02.md"
"AGG-EVIDENCE-LINK","10","yes","03-domain/contexts/BC02/commands-slc02.md;03-domain/contexts/BC02/events-slc02.md;03-domain/contexts/BC02/aggregates/AGG-EVIDENCE-LINK.md;05-contracts/openapi-information-slc02.md;08-security/label-derivation-rules.md;08-security/policies-slc02.md;13-verification/acceptance/SLC-02/evidence-link-state-machine.md;13-verification/tooling/slice-sources.md;14-slices/SLC-02/readiness.md;15-traceability/trace-slc02.md"
"AGG-EXERCISE","12","yes","03-domain/contexts/BC05/commands-slc19.md;03-domain/contexts/BC05/events-slc19.md;03-domain/contexts/BC05/training-exercise-spec.md;03-domain/contexts/BC05/aggregates/AGG-EXERCISE.md;05-contracts/openapi-readiness-slc19.md;08-security/policies-slc19.md;08-security/threat-model-slc19.md;13-verification/acceptance/SLC-19/exercise-state-machine.md;13-verification/tooling/slice-sources.md;14-slices/SLC-19/readiness.md;15-traceability/trace-slc19.md;16-reports/SESSION-W4-W7-SLC19.md"
"AGG-EXTERNAL-ID","11","yes","03-domain/contexts/BC02/commands-slc02.md;03-domain/contexts/BC02/events-slc02.md;03-domain/contexts/BC02/aggregates/AGG-EXTERNAL-ID.md;03-domain/contexts/BC02/aggregates/AGG-IMPORT-BATCH.md;05-contracts/openapi-information-slc02.md;08-security/label-derivation-rules.md;08-security/policies-slc02.md;13-verification/acceptance/SLC-02/external-id-state-machine.md;13-verification/tooling/slice-sources.md;14-slices/SLC-02/readiness.md;15-traceability/trace-slc02.md"
"AGG-FINDING","10","yes","03-domain/contexts/BC03/commands-slc07.md;03-domain/contexts/BC03/events-slc07.md;03-domain/contexts/BC03/aggregates/AGG-FINDING.md;05-contracts/openapi-intelligence-slc07.md;08-security/label-derivation-rules.md;08-security/policies-slc07.md;13-verification/acceptance/SLC-07/finding-state-machine.md;13-verification/tooling/slice-sources.md;14-slices/SLC-07/readiness.md;15-traceability/trace-slc07.md"
"AGG-HR-SYNC-PROPOSAL","11","yes","03-domain/contexts/BC01/commands-slc16.md;03-domain/contexts/BC01/events-slc16.md;03-domain/contexts/BC01/aggregates/AGG-HR-SYNC-PROPOSAL.md;03-domain/contexts/BC07/enterprise-integration-spec.md;05-contracts/openapi-foundation-slc16.md;08-security/label-derivation-rules.md;08-security/policies-slc16.md;13-verification/acceptance/SLC-16/hr-sync-proposal-state-machine.md;13-verification/tooling/slice-sources.md;14-slices/SLC-16/readiness.md;15-traceability/trace-slc16.md"
"AGG-IMPORT-BATCH","10","yes","03-domain/contexts/BC02/commands-slc02.md;03-domain/contexts/BC02/events-slc02.md;03-domain/contexts/BC02/aggregates/AGG-IMPORT-BATCH.md;05-contracts/openapi-information-slc02.md;08-security/label-derivation-rules.md;08-security/policies-slc02.md;13-verification/acceptance/SLC-02/import-batch-state-machine.md;13-verification/tooling/slice-sources.md;14-slices/SLC-02/readiness.md;15-traceability/trace-slc02.md"
"AGG-IMPORT-BATCH.","1","no","11-integration/README.md"
"AGG-INCIDENT","12","yes","03-domain/contexts/BC04/commands-slc17.md;03-domain/contexts/BC04/events-slc17.md;03-domain/contexts/BC04/risk-contingency-spec.md;03-domain/contexts/BC04/aggregates/AGG-INCIDENT.md;03-domain/contexts/BC05/logistics-spec.md;05-contracts/openapi-operations-slc17.md;08-security/label-derivation-rules.md;08-security/policies-slc17.md;13-verification/acceptance/SLC-17/incident-state-machine.md;13-verification/tooling/slice-sources.md;14-slices/SLC-17/readiness.md;15-traceability/trace-slc17.md"
"AGG-INGESTION-BATCH","1","no","16-reports/SESSION-W4-W7-SLC02.md"
"AGG-INTEGRATION-CONNECTION","10","yes","03-domain/contexts/BC07/commands-slc16.md;03-domain/contexts/BC07/events-slc16.md;03-domain/contexts/BC07/aggregates/AGG-INTEGRATION-CONNECTION.md;05-contracts/openapi-integration-slc16.md;08-security/label-derivation-rules.md;08-security/policies-slc16.md;13-verification/acceptance/SLC-16/integration-connection-state-machine.md;13-verification/tooling/slice-sources.md;14-slices/SLC-16/readiness.md;15-traceability/trace-slc16.md"
"AGG-KNOWLEDGE-OBJECT","16","yes","00-governance/registers/corrections.md;02-requirements/requirements.md;03-domain/contexts/BC05/training-exercise-spec.md;03-domain/contexts/BC06/commands-slc12.md;03-domain/contexts/BC06/events-slc12.md;03-domain/contexts/BC06/aggregates/AGG-KNOWLEDGE-OBJECT.md;05-contracts/openapi-knowledge-slc12.md;08-security/label-derivation-rules.md;08-security/policies-slc12.md;13-verification/acceptance/SLC-12/knowledge-object-state-machine.md;13-verification/tooling/slice-sources.md;14-slices/SLC-12/readiness.md;14-slices/SLC-19/readiness.md;15-traceability/trace-slc12.md;15-traceability/trace-slc19.md;16-reports/SESSION-W4-W7-SLC19.md"
"AGG-KNOWLEDGE-OBJECT.","2","no","00-governance/registers/corrections.md;14-slices/SLC-19/readiness.md"
"AGG-LEGAL-HOLD","10","yes","03-domain/contexts/BC08/commands-slc12a.md;03-domain/contexts/BC08/events-slc12a.md;03-domain/contexts/BC08/aggregates/AGG-LEGAL-HOLD.md;05-contracts/openapi-governance-slc12a.md;08-security/label-derivation-rules.md;08-security/policies-slc12a.md;13-verification/acceptance/SLC-12a/legal-hold-state-machine.md;13-verification/tooling/slice-sources.md;14-slices/SLC-12a/readiness.md;15-traceability/trace-slc12a.md"
"AGG-LOGISTICS-REQUEST","12","yes","03-domain/contexts/BC05/commands-slc18.md;03-domain/contexts/BC05/events-slc18.md;03-domain/contexts/BC05/logistics-spec.md;03-domain/contexts/BC05/training-exercise-spec.md;03-domain/contexts/BC05/aggregates/AGG-LOGISTICS-REQUEST.md;05-contracts/openapi-readiness-slc18.md;08-security/policies-slc18.md;13-verification/acceptance/SLC-18/logistics-request-state-machine.md;13-verification/tooling/slice-sources.md;14-slices/SLC-18/atam-lite.md;14-slices/SLC-18/readiness.md;15-traceability/trace-slc18.md"
"AGG-MAINTENANCE-ORDER","11","yes","03-domain/contexts/BC05/commands-slc09.md;03-domain/contexts/BC05/events-slc09.md;03-domain/contexts/BC05/aggregates/AGG-MAINTENANCE-ORDER.md;03-domain/contexts/BC07/enterprise-integration-spec.md;05-contracts/openapi-readiness-slc09.md;08-security/label-derivation-rules.md;08-security/policies-slc09.md;13-verification/acceptance/SLC-09/maintenance-order-state-machine.md;13-verification/tooling/slice-sources.md;14-slices/SLC-09/readiness.md;15-traceability/trace-slc09.md"
"AGG-MATCH-RULESET","10","yes","03-domain/contexts/BC02/commands-slc04.md;03-domain/contexts/BC02/events-slc04.md;03-domain/contexts/BC02/aggregates/AGG-MATCH-RULESET.md;05-contracts/openapi-information-slc04.md;08-security/label-derivation-rules.md;08-security/policies-slc04.md;13-verification/acceptance/SLC-04/match-ruleset-state-machine.md;13-verification/tooling/slice-sources.md;14-slices/SLC-04/readiness.md;15-traceability/trace-slc04.md"
"AGG-MODEL-VERSION","11","yes","03-domain/contexts/BC07/commands-slc10.md;03-domain/contexts/BC07/events-slc10.md;03-domain/contexts/BC07/aggregates/AGG-MODEL-VERSION.md;05-contracts/openapi-ai-slc10.md;08-security/label-derivation-rules.md;08-security/policies-slc10.md;12-solution/technology-decisions.md;13-verification/acceptance/SLC-10/model-version-state-machine.md;13-verification/tooling/slice-sources.md;14-slices/SLC-10/readiness.md;15-traceability/trace-slc10.md"
"AGG-NOTIFICATION","10","yes","03-domain/contexts/BC04/commands-slc06.md;03-domain/contexts/BC04/events-slc06.md;03-domain/contexts/BC04/aggregates/AGG-NOTIFICATION.md;05-contracts/openapi-operations-slc06.md;08-security/label-derivation-rules.md;08-security/policies-slc06.md;13-verification/acceptance/SLC-06/notification-state-machine.md;13-verification/tooling/slice-sources.md;14-slices/SLC-06/readiness.md;15-traceability/trace-slc06.md"
"AGG-OBSERVATION","10","yes","03-domain/contexts/BC02/commands-slc02.md;03-domain/contexts/BC02/events-slc02.md;03-domain/contexts/BC02/aggregates/AGG-OBSERVATION.md;05-contracts/openapi-information-slc02.md;08-security/label-derivation-rules.md;08-security/policies-slc02.md;13-verification/acceptance/SLC-02/observation-state-machine.md;13-verification/tooling/slice-sources.md;14-slices/SLC-02/readiness.md;15-traceability/trace-slc02.md"
"AGG-ORGANIZATION","11","yes","03-domain/contexts/BC01/commands-slc01.md;03-domain/contexts/BC01/events-slc01.md;03-domain/contexts/BC01/aggregates/AGG-ORGANIZATION.md;05-contracts/openapi-foundation-slc01.md;08-security/label-derivation-rules.md;08-security/policies-slc01.md;13-verification/acceptance/SLC-01/organization-state-machine.md;13-verification/tooling/slice-sources.md;13-verification/tooling/spec-tooling.md;14-slices/SLC-01/readiness.md;15-traceability/trace-slc01.md"
"AGG-OUTCOME-TRACKER","10","yes","03-domain/contexts/BC04/commands-slc08.md;03-domain/contexts/BC04/events-slc08.md;03-domain/contexts/BC04/aggregates/AGG-OUTCOME-TRACKER.md;05-contracts/openapi-operations-slc08.md;08-security/label-derivation-rules.md;08-security/policies-slc08.md;13-verification/acceptance/SLC-08/outcome-tracker-state-machine.md;13-verification/tooling/slice-sources.md;14-slices/SLC-08/readiness.md;15-traceability/trace-slc08.md"
"AGG-PERSON","10","yes","03-domain/contexts/BC01/commands-slc01.md;03-domain/contexts/BC01/events-slc01.md;03-domain/contexts/BC01/aggregates/AGG-PERSON.md;05-contracts/openapi-foundation-slc01.md;08-security/label-derivation-rules.md;08-security/policies-slc01.md;13-verification/acceptance/SLC-01/person-state-machine.md;13-verification/tooling/slice-sources.md;14-slices/SLC-01/readiness.md;15-traceability/trace-slc01.md"
"AGG-PLAN","16","yes","00-governance/registers/corrections.md;03-domain/contexts/BC04/commands-slc08.md;03-domain/contexts/BC04/events-slc08.md;03-domain/contexts/BC04/risk-contingency-spec.md;03-domain/contexts/BC04/aggregates/AGG-PLAN.md;03-domain/contexts/BC05/training-exercise-spec.md;05-contracts/openapi-operations-slc08.md;08-security/label-derivation-rules.md;08-security/policies-slc08.md;09-reliability/fmea-slc17.md;13-verification/acceptance/SLC-08/plan-state-machine.md;13-verification/tooling/slice-sources.md;14-slices/SLC-08/readiness.md;14-slices/SLC-17/readiness.md;15-traceability/trace-slc08.md;16-reports/SESSION-W4-W7-SLC17.md"
"AGG-PLAN-VERSION","10","yes","03-domain/contexts/BC04/commands-slc08.md;03-domain/contexts/BC04/events-slc08.md;03-domain/contexts/BC04/aggregates/AGG-PLAN-VERSION.md;05-contracts/openapi-operations-slc08.md;08-security/label-derivation-rules.md;08-security/policies-slc08.md;13-verification/acceptance/SLC-08/plan-version-state-machine.md;13-verification/tooling/slice-sources.md;14-slices/SLC-08/readiness.md;15-traceability/trace-slc08.md"
"AGG-POLICY-SET","11","yes","03-domain/contexts/BC08/commands-slc01.md;03-domain/contexts/BC08/events-slc01.md;03-domain/contexts/BC08/aggregates/AGG-POLICY-SET.md;05-contracts/openapi-governance-slc01.md;08-security/label-derivation-rules.md;08-security/policies-slc01.md;13-verification/acceptance/SLC-01/policy-set-state-machine.md;13-verification/tooling/slice-sources.md;13-verification/tooling/spec-tooling.md;14-slices/SLC-01/readiness.md;15-traceability/trace-slc01.md"
"AGG-PRELOAD-PACKAGE","11","yes","00-governance/glossary.md;03-domain/contexts/BC07/commands-slc11.md;03-domain/contexts/BC07/events-slc11.md;03-domain/contexts/BC07/aggregates/AGG-PRELOAD-PACKAGE.md;05-contracts/openapi-field-slc11.md;08-security/label-derivation-rules.md;08-security/policies-slc11.md;13-verification/acceptance/SLC-11/preload-package-state-machine.md;13-verification/tooling/slice-sources.md;14-slices/SLC-11/readiness.md;15-traceability/trace-slc11.md"
"AGG-PRODUCT","10","yes","03-domain/contexts/BC06/commands-slc12.md;03-domain/contexts/BC06/events-slc12.md;03-domain/contexts/BC06/aggregates/AGG-PRODUCT.md;05-contracts/openapi-knowledge-slc12.md;08-security/label-derivation-rules.md;08-security/policies-slc12.md;13-verification/acceptance/SLC-12/product-state-machine.md;13-verification/tooling/slice-sources.md;14-slices/SLC-12/readiness.md;15-traceability/trace-slc12.md"
"AGG-PRODUCT-TEMPLATE","10","yes","03-domain/contexts/BC06/commands-slc12.md;03-domain/contexts/BC06/events-slc12.md;03-domain/contexts/BC06/aggregates/AGG-PRODUCT-TEMPLATE.md;05-contracts/openapi-knowledge-slc12.md;08-security/label-derivation-rules.md;08-security/policies-slc12.md;13-verification/acceptance/SLC-12/product-template-state-machine.md;13-verification/tooling/slice-sources.md;14-slices/SLC-12/readiness.md;15-traceability/trace-slc12.md"
"AGG-PROJECTION-VERSION","15","yes","00-governance/registers/corrections.md;03-domain/contexts/BC07/commands-slc05.md;03-domain/contexts/BC07/discovery-architecture.md;03-domain/contexts/BC07/events-slc05.md;03-domain/contexts/BC07/grounded-ai-spec.md;03-domain/contexts/BC07/aggregates/AGG-PROJECTION-VERSION.md;05-contracts/openapi-discovery-slc05.md;06-data/logical-model/slc-05.md;08-security/label-derivation-rules.md;08-security/policies-slc05.md;12-solution/release-configuration-migration.md;13-verification/acceptance/SLC-05/projection-version-state-machine.md;13-verification/tooling/slice-sources.md;14-slices/SLC-05/readiness.md;15-traceability/trace-slc05.md"
"AGG-QUALIFICATION-RECORD","18","yes","01-business/release-3-scope.md;02-requirements/requirements.md;03-domain/contexts/BC05/commands-slc03.md;03-domain/contexts/BC05/events-slc03.md;03-domain/contexts/BC05/training-exercise-spec.md;03-domain/contexts/BC05/aggregates/AGG-QUALIFICATION-RECORD.md;05-contracts/openapi-readiness-slc03.md;08-security/label-derivation-rules.md;08-security/policies-slc03.md;09-reliability/fmea-slc19.md;13-verification/acceptance/SLC-03/qualification-record-state-machine.md;13-verification/acceptance/SLC-19/invariants-slc19.md;13-verification/tooling/slice-sources.md;14-slices/SLC-03/readiness.md;14-slices/SLC-19/readiness.md;15-traceability/trace-slc03.md;15-traceability/trace-slc19.md;16-reports/SESSION-W4-W7-SLC19.md"
"AGG-REALWORLD-EVENT","10","yes","03-domain/contexts/BC02/commands-slc02.md;03-domain/contexts/BC02/events-slc02.md;03-domain/contexts/BC02/aggregates/AGG-REALWORLD-EVENT.md;05-contracts/openapi-information-slc02.md;08-security/label-derivation-rules.md;08-security/policies-slc02.md;13-verification/acceptance/SLC-02/realworld-event-state-machine.md;13-verification/tooling/slice-sources.md;14-slices/SLC-02/readiness.md;15-traceability/trace-slc02.md"
"AGG-REAL-WORLD-EVENT","1","no","16-reports/SESSION-W4-W7-SLC02.md"
"AGG-RECONSTRUCTION","10","yes","03-domain/contexts/BC06/commands-slc12.md;03-domain/contexts/BC06/events-slc12.md;03-domain/contexts/BC06/aggregates/AGG-RECONSTRUCTION.md;05-contracts/openapi-knowledge-slc12.md;08-security/label-derivation-rules.md;08-security/policies-slc12.md;13-verification/acceptance/SLC-12/reconstruction-state-machine.md;13-verification/tooling/slice-sources.md;14-slices/SLC-12/readiness.md;15-traceability/trace-slc12.md"
"AGG-RELATIONSHIP","10","yes","03-domain/contexts/BC02/commands-slc02.md;03-domain/contexts/BC02/events-slc02.md;03-domain/contexts/BC02/aggregates/AGG-RELATIONSHIP.md;05-contracts/openapi-information-slc02.md;08-security/label-derivation-rules.md;08-security/policies-slc02.md;13-verification/acceptance/SLC-02/relationship-state-machine.md;13-verification/tooling/slice-sources.md;14-slices/SLC-02/readiness.md;15-traceability/trace-slc02.md"
"AGG-RESOURCE-POOL","20","yes","01-business/release-3-scope.md;03-domain/contexts/BC05/commands-slc09.md;03-domain/contexts/BC05/commands-slc18.md;03-domain/contexts/BC05/events-slc09.md;03-domain/contexts/BC05/logistics-spec.md;03-domain/contexts/BC05/aggregates/AGG-LOGISTICS-REQUEST.md;03-domain/contexts/BC05/aggregates/AGG-RESOURCE-POOL.md;05-contracts/openapi-readiness-slc09.md;07-quality/workloads-slc18.md;08-security/label-derivation-rules.md;08-security/policies-slc09.md;09-reliability/fmea-slc18.md;13-verification/acceptance/SLC-09/resource-pool-state-machine.md;13-verification/tooling/slice-sources.md;14-slices/SLC-09/readiness.md;14-slices/SLC-18/atam-lite.md;14-slices/SLC-18/readiness.md;15-traceability/trace-slc09.md;15-traceability/trace-slc18.md;16-reports/SESSION-W4-W7-SLC18.md"
"AGG-RETENTION-SCHEDULE","10","yes","03-domain/contexts/BC08/commands-slc12a.md;03-domain/contexts/BC08/events-slc12a.md;03-domain/contexts/BC08/aggregates/AGG-RETENTION-SCHEDULE.md;05-contracts/openapi-governance-slc12a.md;08-security/label-derivation-rules.md;08-security/policies-slc12a.md;13-verification/acceptance/SLC-12a/retention-schedule-state-machine.md;13-verification/tooling/slice-sources.md;14-slices/SLC-12a/readiness.md;15-traceability/trace-slc12a.md"
"AGG-RISK","10","yes","03-domain/contexts/BC04/commands-slc17.md;03-domain/contexts/BC04/events-slc17.md;03-domain/contexts/BC04/aggregates/AGG-RISK.md;05-contracts/openapi-operations-slc17.md;08-security/label-derivation-rules.md;08-security/policies-slc17.md;13-verification/acceptance/SLC-17/risk-state-machine.md;13-verification/tooling/slice-sources.md;14-slices/SLC-17/readiness.md;15-traceability/trace-slc17.md"
"AGG-ROLE","10","yes","03-domain/contexts/BC01/commands-slc01.md;03-domain/contexts/BC01/events-slc01.md;03-domain/contexts/BC01/aggregates/AGG-ROLE.md;05-contracts/openapi-foundation-slc01.md;08-security/label-derivation-rules.md;08-security/policies-slc01.md;13-verification/acceptance/SLC-01/role-state-machine.md;13-verification/tooling/slice-sources.md;14-slices/SLC-01/readiness.md;15-traceability/trace-slc01.md"
"AGG-ROLE-ASSIGNMENT","10","yes","03-domain/contexts/BC01/commands-slc01.md;03-domain/contexts/BC01/events-slc01.md;03-domain/contexts/BC01/aggregates/AGG-ROLE-ASSIGNMENT.md;05-contracts/openapi-foundation-slc01.md;08-security/label-derivation-rules.md;08-security/policies-slc01.md;13-verification/acceptance/SLC-01/role-assignment-state-machine.md;13-verification/tooling/slice-sources.md;14-slices/SLC-01/readiness.md;15-traceability/trace-slc01.md"
"AGG-ROLE-REQUIREMENT","14","yes","03-domain/contexts/BC05/commands-slc09.md;03-domain/contexts/BC05/events-slc09.md;03-domain/contexts/BC05/training-exercise-spec.md;03-domain/contexts/BC05/aggregates/AGG-EXERCISE.md;03-domain/contexts/BC05/aggregates/AGG-ROLE-REQUIREMENT.md;05-contracts/openapi-readiness-slc09.md;08-security/label-derivation-rules.md;08-security/policies-slc09.md;13-verification/acceptance/SLC-09/role-requirement-state-machine.md;13-verification/tooling/slice-sources.md;14-slices/SLC-09/readiness.md;14-slices/SLC-19/readiness.md;15-traceability/trace-slc09.md;16-reports/SESSION-W4-W7-SLC19.md"
"AGG-SCENARIO","9","yes","03-domain/contexts/BC05/commands-slc19.md;03-domain/contexts/BC05/events-slc19.md;03-domain/contexts/BC05/aggregates/AGG-SCENARIO.md;05-contracts/openapi-readiness-slc19.md;08-security/policies-slc19.md;13-verification/acceptance/SLC-19/scenario-state-machine.md;13-verification/tooling/slice-sources.md;14-slices/SLC-19/readiness.md;15-traceability/trace-slc19.md"
"AGG-SECURITY-EXCEPTION","10","yes","03-domain/contexts/BC08/commands-slc01.md;03-domain/contexts/BC08/events-slc01.md;03-domain/contexts/BC08/aggregates/AGG-SECURITY-EXCEPTION.md;05-contracts/openapi-governance-slc01.md;08-security/label-derivation-rules.md;08-security/policies-slc01.md;13-verification/acceptance/SLC-01/security-exception-state-machine.md;13-verification/tooling/slice-sources.md;14-slices/SLC-01/readiness.md;15-traceability/trace-slc01.md"
"AGG-SENSOR-STREAM","11","yes","03-domain/contexts/BC07/commands-slc16.md;03-domain/contexts/BC07/enterprise-integration-spec.md;03-domain/contexts/BC07/events-slc16.md;03-domain/contexts/BC07/aggregates/AGG-SENSOR-STREAM.md;05-contracts/openapi-integration-slc16.md;08-security/label-derivation-rules.md;08-security/policies-slc16.md;13-verification/acceptance/SLC-16/sensor-stream-state-machine.md;13-verification/tooling/slice-sources.md;14-slices/SLC-16/readiness.md;15-traceability/trace-slc16.md"
"AGG-SERVICE-ACCOUNT","10","yes","03-domain/contexts/BC01/commands-slc01.md;03-domain/contexts/BC01/events-slc01.md;03-domain/contexts/BC01/aggregates/AGG-SERVICE-ACCOUNT.md;05-contracts/openapi-foundation-slc01.md;08-security/label-derivation-rules.md;08-security/policies-slc01.md;13-verification/acceptance/SLC-01/service-account-state-machine.md;13-verification/tooling/slice-sources.md;14-slices/SLC-01/readiness.md;15-traceability/trace-slc01.md"
"AGG-SHIPMENT","13","yes","03-domain/contexts/BC05/commands-slc18.md;03-domain/contexts/BC05/events-slc18.md;03-domain/contexts/BC05/logistics-spec.md;03-domain/contexts/BC05/training-exercise-spec.md;03-domain/contexts/BC05/aggregates/AGG-LOGISTICS-REQUEST.md;03-domain/contexts/BC05/aggregates/AGG-SHIPMENT.md;05-contracts/openapi-readiness-slc18.md;08-security/policies-slc18.md;08-security/threat-model-slc19.md;13-verification/acceptance/SLC-18/shipment-state-machine.md;13-verification/tooling/slice-sources.md;14-slices/SLC-18/readiness.md;15-traceability/trace-slc18.md"
"AGG-SIMULATION","11","yes","03-domain/contexts/BC05/commands-slc19.md;03-domain/contexts/BC05/events-slc19.md;03-domain/contexts/BC05/training-exercise-spec.md;03-domain/contexts/BC05/aggregates/AGG-SIMULATION.md;05-contracts/openapi-readiness-slc19.md;08-security/policies-slc19.md;13-verification/acceptance/SLC-19/simulation-state-machine.md;13-verification/tooling/slice-sources.md;14-slices/SLC-19/readiness.md;15-traceability/trace-slc19.md;16-reports/SESSION-W4-W7-SLC19.md"
"AGG-SITUATION","10","yes","03-domain/contexts/BC03/commands-slc06.md;03-domain/contexts/BC03/events-slc06.md;03-domain/contexts/BC03/aggregates/AGG-SITUATION.md;05-contracts/openapi-intelligence-slc06.md;08-security/label-derivation-rules.md;08-security/policies-slc06.md;13-verification/acceptance/SLC-06/situation-state-machine.md;13-verification/tooling/slice-sources.md;14-slices/SLC-06/readiness.md;15-traceability/trace-slc06.md"
"AGG-SOURCE","10","yes","03-domain/contexts/BC02/commands-slc02.md;03-domain/contexts/BC02/events-slc02.md;03-domain/contexts/BC02/aggregates/AGG-SOURCE.md;05-contracts/openapi-information-slc02.md;08-security/label-derivation-rules.md;08-security/policies-slc02.md;13-verification/acceptance/SLC-02/source-state-machine.md;13-verification/tooling/slice-sources.md;14-slices/SLC-02/readiness.md;15-traceability/trace-slc02.md"
"AGG-SUBSCRIPTION","10","yes","03-domain/contexts/BC04/commands-slc06.md;03-domain/contexts/BC04/events-slc06.md;03-domain/contexts/BC04/aggregates/AGG-SUBSCRIPTION.md;05-contracts/openapi-operations-slc06.md;08-security/label-derivation-rules.md;08-security/policies-slc06.md;13-verification/acceptance/SLC-06/subscription-state-machine.md;13-verification/tooling/slice-sources.md;14-slices/SLC-06/readiness.md;15-traceability/trace-slc06.md"
"AGG-SYNC-CONFLICT","15","yes","00-governance/glossary.md;00-governance/registers/corrections.md;03-domain/contexts/BC07/commands-slc11.md;03-domain/contexts/BC07/events-slc11.md;03-domain/contexts/BC07/field-sync-protocol.md;03-domain/contexts/BC07/aggregates/AGG-SYNC-CONFLICT.md;03-domain/contexts/BC07/aggregates/AGG-SYNC-SESSION.md;04-information/conflict-model.md;05-contracts/openapi-field-slc11.md;08-security/label-derivation-rules.md;08-security/policies-slc11.md;13-verification/acceptance/SLC-11/sync-conflict-state-machine.md;13-verification/tooling/slice-sources.md;14-slices/SLC-11/readiness.md;15-traceability/trace-slc11.md"
"AGG-SYNC-SESSION","10","yes","03-domain/contexts/BC07/commands-slc11.md;03-domain/contexts/BC07/events-slc11.md;03-domain/contexts/BC07/aggregates/AGG-SYNC-SESSION.md;05-contracts/openapi-field-slc11.md;08-security/label-derivation-rules.md;08-security/policies-slc11.md;13-verification/acceptance/SLC-11/sync-session-state-machine.md;13-verification/tooling/slice-sources.md;14-slices/SLC-11/readiness.md;15-traceability/trace-slc11.md"
"AGG-TASK","15","yes","00-governance/registers/corrections.md;00-governance/registers/open-questions.md;03-domain/contexts/BC04/commands-slc03.md;03-domain/contexts/BC04/events-slc03.md;03-domain/contexts/BC04/risk-contingency-spec.md;03-domain/contexts/BC04/aggregates/AGG-TASK.md;05-contracts/openapi-operations-slc03.md;08-security/label-derivation-rules.md;08-security/policies-slc03.md;13-verification/acceptance/SLC-03/task-state-machine.md;13-verification/tooling/slice-sources.md;14-slices/SLC-03/readiness.md;15-traceability/trace-slc03.md;15-traceability/trace-slc17.md;16-reports/SESSION-W4-W7-SLC17.md"
"AGG-TASK-TYPE","10","yes","03-domain/contexts/BC04/commands-slc03.md;03-domain/contexts/BC04/events-slc03.md;03-domain/contexts/BC04/aggregates/AGG-TASK-TYPE.md;05-contracts/openapi-operations-slc03.md;08-security/label-derivation-rules.md;08-security/policies-slc03.md;13-verification/acceptance/SLC-03/task-type-state-machine.md;13-verification/tooling/slice-sources.md;14-slices/SLC-03/readiness.md;15-traceability/trace-slc03.md"
"AGG-TENANT","12","yes","03-domain/contexts/BC01/commands-slc01.md;03-domain/contexts/BC01/events-slc01.md;03-domain/contexts/BC01/aggregates/AGG-TENANT.md;05-contracts/openapi-foundation-internal-slc01.md;05-contracts/openapi-foundation-slc01.md;08-security/label-derivation-rules.md;08-security/policies-slc01.md;13-verification/acceptance/SLC-01/tenant-state-machine.md;13-verification/tooling/slice-sources.md;13-verification/tooling/spec-tooling.md;14-slices/SLC-01/readiness.md;15-traceability/trace-slc01.md"
"AGG-USER","11","yes","03-domain/contexts/BC01/commands-slc01.md;03-domain/contexts/BC01/events-slc01.md;03-domain/contexts/BC01/aggregates/AGG-USER.md;05-contracts/openapi-foundation-internal-slc01.md;05-contracts/openapi-foundation-slc01.md;08-security/label-derivation-rules.md;08-security/policies-slc01.md;13-verification/acceptance/SLC-01/user-state-machine.md;13-verification/tooling/slice-sources.md;14-slices/SLC-01/readiness.md;15-traceability/trace-slc01.md"
"AI-AUTONOMY-MATRIX","2","yes","03-domain/contexts/BC07/grounded-ai-spec.md;10-ai/autonomy-matrix.md"
"AI-OP","3","no","05-contracts/openapi-ai-slc10.md;13-verification/tooling/slice-sources.md;13-verification/tooling/spec-tooling.md"
"AI-OP-01","1","yes","10-ai/autonomy-matrix.md"
"AI-OP-02","2","yes","02-requirements/requirements.md;10-ai/autonomy-matrix.md"
"AI-OP-03","3","yes","03-domain/contexts/BC07/aggregates/AGG-AI-RESULT.md;10-ai/autonomy-matrix.md;13-verification/tooling/slice-sources.md"
"AI-OP-04","4","yes","02-requirements/requirements.md;03-domain/contexts/BC07/aggregates/AGG-AI-RESULT.md;10-ai/autonomy-matrix.md;13-verification/tooling/slice-sources.md"
"AI-OP-05","4","yes","02-requirements/requirements.md;03-domain/contexts/BC07/aggregates/AGG-AI-RESULT.md;10-ai/autonomy-matrix.md;13-verification/tooling/slice-sources.md"
"AI-OP-06","4","yes","03-domain/contexts/BC02/aggregates/AGG-ER-CASE.md;03-domain/contexts/BC07/aggregates/AGG-AI-RESULT.md;10-ai/autonomy-matrix.md;13-verification/tooling/slice-sources.md"
"AI-OP-07","1","yes","10-ai/autonomy-matrix.md"
"AI-OP-08","1","yes","10-ai/autonomy-matrix.md"
"AI-OP-F1","1","yes","10-ai/autonomy-matrix.md"
"AI-OP-F2","1","yes","10-ai/autonomy-matrix.md"
"AI-OP-F3","1","yes","10-ai/autonomy-matrix.md"
"AI-OP-F4","1","yes","10-ai/autonomy-matrix.md"
"AI-OP-F5","1","yes","10-ai/autonomy-matrix.md"
"AI-OP-F6","1","yes","10-ai/autonomy-matrix.md"
"ANTI-PATTERN-R1","1","yes","16-reports/ANTI-PATTERN-REPORT-R1.md"
"ANTI-PATTERN-R2","1","yes","16-reports/ANTI-PATTERN-REPORT-R2.md"
"ANTI-PATTERN-REPORT-R1","1","no","16-reports/IMPLEMENTATION-READINESS-R1.md"
"ANTI-PATTERN-REPORT-R1.","2","no","16-reports/ANTI-PATTERN-REPORT-R2.md;16-reports/SESSION-W9.md"
"ANTI-PATTERN-REPORT-R2.","1","no","16-reports/SESSION-R2-BASELINE.md"
"APPROVAL-REQUIRED","3","no","02-requirements/requirements.md;03-domain/contexts/BC05/logistics-spec.md;16-reports/SESSION-W4-W7-SLC18.md"
"ARCH-REVIEW-R1","1","yes","16-reports/ARCHITECTURE-REVIEW-R1.md"
"ARCH-REVIEW-R2","1","yes","16-reports/ARCHITECTURE-REVIEW-R2.md"
"ASM-001","1","yes","00-governance/registers/assumptions.md"
"ASM-002","1","yes","00-governance/registers/assumptions.md"
"ASM-003","2","yes","00-governance/registers/assumptions.md;00-governance/registers/unknowns.md"
"ASM-004","1","yes","00-governance/registers/assumptions.md"
"ASM-005","1","yes","00-governance/registers/assumptions.md"
"ASM-006","1","yes","00-governance/registers/assumptions.md"
"ASM-007","1","yes","00-governance/registers/assumptions.md"
"ASM-008","4","yes","00-governance/decisions/ADR-P02.md;00-governance/elicitation/W1-answers.md;00-governance/registers/assumptions.md;12-solution/technology-decisions.md"
"ASM-009","2","yes","00-governance/elicitation/W1-answers.md;00-governance/registers/assumptions.md"
"ASM-010","6","yes","00-governance/registers/assumptions.md;00-governance/registers/risks.md;07-quality/workloads-slc01.md;12-solution/cell-architecture.md;16-reports/EVOLUTION-ROADMAP.md;16-reports/SESSION-W1.md"
"ASYNCAPI-SLC01","1","yes","05-contracts/asyncapi-slc01.md"
"ASYNCAPI-SLC02","1","yes","05-contracts/asyncapi-slc02.md"
"ASYNCAPI-SLC03","1","yes","05-contracts/asyncapi-slc03.md"
"ASYNCAPI-SLC04","1","yes","05-contracts/asyncapi-slc04.md"
"ASYNCAPI-SLC05","1","yes","05-contracts/asyncapi-slc05.md"
"ASYNCAPI-SLC06","1","yes","05-contracts/asyncapi-slc06.md"
"ASYNCAPI-SLC07","1","yes","05-contracts/asyncapi-slc07.md"
"ASYNCAPI-SLC08","1","yes","05-contracts/asyncapi-slc08.md"
"ASYNCAPI-SLC09","1","yes","05-contracts/asyncapi-slc09.md"
"ASYNCAPI-SLC10","1","yes","05-contracts/asyncapi-slc10.md"
"ASYNCAPI-SLC11","1","yes","05-contracts/asyncapi-slc11.md"
"ASYNCAPI-SLC12","1","yes","05-contracts/asyncapi-slc12.md"
"ASYNCAPI-SLC12A","1","yes","05-contracts/asyncapi-slc12a.md"
"ASYNCAPI-SLC14","1","yes","05-contracts/asyncapi-slc14.md"
"ASYNCAPI-SLC15","1","yes","05-contracts/asyncapi-slc15.md"
"ASYNCAPI-SLC16","1","yes","05-contracts/asyncapi-slc16.md"
"ASYNCAPI-SLC17","1","yes","05-contracts/asyncapi-slc17.md"
"ASYNCAPI-SLC18","1","yes","05-contracts/asyncapi-slc18.md"
"ASYNCAPI-SLC19","1","yes","05-contracts/asyncapi-slc19.md"
"ATAM-SLC01","1","yes","14-slices/SLC-01/atam-lite.md"
"ATAM-SLC01..","1","no","16-reports/ARCHITECTURE-REVIEW-R1.md"
"ATAM-SLC02","1","yes","14-slices/SLC-02/atam-lite.md"
"ATAM-SLC03","1","yes","14-slices/SLC-03/atam-lite.md"
"ATAM-SLC04","1","yes","14-slices/SLC-04/atam-lite.md"
"ATAM-SLC05","1","yes","14-slices/SLC-05/atam-lite.md"
"ATAM-SLC06","1","yes","14-slices/SLC-06/atam-lite.md"
"ATAM-SLC07","1","yes","14-slices/SLC-07/atam-lite.md"
"ATAM-SLC08","1","yes","14-slices/SLC-08/atam-lite.md"
"ATAM-SLC09","1","yes","14-slices/SLC-09/atam-lite.md"
"ATAM-SLC10","1","yes","14-slices/SLC-10/atam-lite.md"
"ATAM-SLC11","1","yes","14-slices/SLC-11/atam-lite.md"
"ATAM-SLC12","1","yes","14-slices/SLC-12/atam-lite.md"
"ATAM-SLC12A","1","yes","14-slices/SLC-12a/atam-lite.md"
"ATAM-SLC14","1","yes","14-slices/SLC-14/atam-lite.md"
"ATAM-SLC15","1","yes","14-slices/SLC-15/atam-lite.md"
"ATAM-SLC16","1","yes","14-slices/SLC-16/atam-lite.md"
"ATAM-SLC17","1","yes","14-slices/SLC-17/atam-lite.md"
"ATAM-SLC18","1","yes","14-slices/SLC-18/atam-lite.md"
"ATAM-SLC19","1","yes","14-slices/SLC-19/atam-lite.md"
"ATTACH-EVIDENCE","1","no","03-domain/contexts/BC07/field-sync-protocol.md"
"AUDIT-ARCHITECTURE","1","yes","08-security/audit-architecture.md"
"AUTHZ-MODEL","1","yes","08-security/authorization-model.md"
"BASELINE-R1","1","no","16-reports/ENGINEERING-BASELINE-R1.md"
"BASELINE-R1.","3","no","README.md;16-reports/ENGINEERING-BASELINE-R2.md;16-reports/SESSION-W9.md"
"BASELINE-R2","1","no","16-reports/ENGINEERING-BASELINE-R2.md"
"BASELINE-R2.","2","no","README.md;16-reports/SESSION-R2-BASELINE.md"
"BC01","70","no","00-governance/glossary.md;00-governance/decisions/ADR-P06.md;00-governance/elicitation/W1-answers.md;00-governance/registers/corrections.md;01-business/business-rules.md;01-business/stakeholders.md;03-domain/bc-boundary-test.md;03-domain/context-map.md;03-domain/domains.md;03-domain/ownership.md;03-domain/contexts/BC01/commands-slc01.md;03-domain/contexts/BC01/commands-slc11.md;03-domain/contexts/BC01/commands-slc16.md;03-domain/contexts/BC01/events-slc01.md;03-domain/contexts/BC01/events-slc11.md;03-domain/contexts/BC01/events-slc16.md;03-domain/contexts/BC01/queries-slc01.md;03-domain/contexts/BC01/queries-slc11.md;03-domain/contexts/BC01/queries-slc16.md;03-domain/contexts/BC01/security-context.md;03-domain/contexts/BC01/aggregates/AGG-AUTHORITY-GRANT.md;03-domain/contexts/BC01/aggregates/AGG-CLEARANCE.md;03-domain/contexts/BC01/aggregates/AGG-DEVICE.md;03-domain/contexts/BC01/aggregates/AGG-HR-SYNC-PROPOSAL.md;03-domain/contexts/BC01/aggregates/AGG-ORGANIZATION.md;03-domain/contexts/BC01/aggregates/AGG-PERSON.md;03-domain/contexts/BC01/aggregates/AGG-ROLE-ASSIGNMENT.md;03-domain/contexts/BC01/aggregates/AGG-ROLE.md;03-domain/contexts/BC01/aggregates/AGG-SERVICE-ACCOUNT.md;03-domain/contexts/BC01/aggregates/AGG-TENANT.md;03-domain/contexts/BC01/aggregates/AGG-USER.md;03-domain/contexts/BC05/commands-slc09.md;03-domain/contexts/BC05/aggregates/AGG-ROLE-REQUIREMENT.md;03-domain/contexts/BC07/enterprise-integration-spec.md;03-domain/contexts/BC08/events-slc01.md;03-domain/contexts/BC08/events-slc12a.md;03-domain/contexts/BC08/aggregates/AGG-ERASURE-REQUEST.md;04-information/reference-data.md;05-contracts/asyncapi-slc01.md;05-contracts/asyncapi-slc12a.md;05-contracts/asyncapi-slc16.md;05-contracts/openapi-foundation-internal-slc01.md;05-contracts/openapi-foundation-slc01.md;05-contracts/openapi-foundation-slc11.md;05-contracts/openapi-foundation-slc16.md;06-data/logical-model/slc-01.md;06-data/logical-model/slc-11.md;08-security/authorization-model.md;08-security/key-hierarchy-and-disposition.md;08-security/label-derivation-rules.md;09-reliability/degradation-slc01.md;09-reliability/dr-and-continuity.md;09-reliability/fmea-slc01.md;09-reliability/fmea-slc08.md;12-solution/c4-containers.md;12-solution/deployment-units.md;12-solution/release-configuration-migration.md;12-solution/technology-decisions.md;13-verification/acceptance/SLC-12a/invariants-slc12a.md;13-verification/tooling/slice-sources.md;13-verification/tooling/spec-tooling.md;14-slices/SLC-01/atam-lite.md;14-slices/SLC-01/readiness.md;14-slices/SLC-11/readiness.md;16-reports/REQUIREMENTS-QUALITY-REPORT.md;16-reports/SESSION-W0.md;16-reports/SESSION-W4-W7-SLC01.md;16-reports/SESSION-W4-W7-SLC11.md;16-reports/SESSION-W4-W7-SLC16.md;16-reports/SLC-00-WALKTHROUGH.md"
"BC02","89","no","00-governance/decisions/ADR-P09.md;00-governance/registers/corrections.md;00-governance/registers/open-questions.md;00-governance/registers/risks.md;03-domain/bc-boundary-test.md;03-domain/context-map.md;03-domain/domains.md;03-domain/ownership.md;03-domain/contexts/BC01/aggregates/AGG-PERSON.md;03-domain/contexts/BC02/claims-temporal-kernel.md;03-domain/contexts/BC02/commands-slc02.md;03-domain/contexts/BC02/commands-slc04.md;03-domain/contexts/BC02/commands-slc14.md;03-domain/contexts/BC02/commands-slc15.md;03-domain/contexts/BC02/events-slc02.md;03-domain/contexts/BC02/events-slc04.md;03-domain/contexts/BC02/events-slc14.md;03-domain/contexts/BC02/events-slc15.md;03-domain/contexts/BC02/queries-slc02.md;03-domain/contexts/BC02/queries-slc04.md;03-domain/contexts/BC02/queries-slc14.md;03-domain/contexts/BC02/queries-slc15.md;03-domain/contexts/BC02/aggregates/AGG-ATTACHMENT.md;03-domain/contexts/BC02/aggregates/AGG-CLAIM.md;03-domain/contexts/BC02/aggregates/AGG-COLLECTION-PLAN.md;03-domain/contexts/BC02/aggregates/AGG-COLLECTION-REQUIREMENT.md;03-domain/contexts/BC02/aggregates/AGG-CONFLICT.md;03-domain/contexts/BC02/aggregates/AGG-CORRELATION-PROPOSAL.md;03-domain/contexts/BC02/aggregates/AGG-CORRELATION-RULE.md;03-domain/contexts/BC02/aggregates/AGG-ENTITY.md;03-domain/contexts/BC02/aggregates/AGG-ER-CASE.md;03-domain/contexts/BC02/aggregates/AGG-EVIDENCE-LINK.md;03-domain/contexts/BC02/aggregates/AGG-EVIDENCE.md;03-domain/contexts/BC02/aggregates/AGG-EXTERNAL-ID.md;03-domain/contexts/BC02/aggregates/AGG-IMPORT-BATCH.md;03-domain/contexts/BC02/aggregates/AGG-MATCH-RULESET.md;03-domain/contexts/BC02/aggregates/AGG-OBSERVATION.md;03-domain/contexts/BC02/aggregates/AGG-REALWORLD-EVENT.md;03-domain/contexts/BC02/aggregates/AGG-RELATIONSHIP.md;03-domain/contexts/BC02/aggregates/AGG-SOURCE.md;03-domain/contexts/BC03/events-slc07.md;03-domain/contexts/BC03/situation-alerting-spec.md;03-domain/contexts/BC05/commands-slc09.md;03-domain/contexts/BC05/aggregates/AGG-ASSET.md;03-domain/contexts/BC06/aggregates/AGG-KNOWLEDGE-OBJECT.md;03-domain/contexts/BC07/commands-slc16.md;03-domain/contexts/BC07/field-sync-protocol.md;03-domain/contexts/BC07/aggregates/AGG-ADAPTER.md;03-domain/contexts/BC07/aggregates/AGG-SENSOR-STREAM.md;03-domain/contexts/BC07/aggregates/AGG-SYNC-CONFLICT.md;03-domain/contexts/BC08/events-slc12a.md;03-domain/contexts/BC08/aggregates/AGG-ERASURE-REQUEST.md;04-information/business-objects-kernel.md;04-information/claim-evidence-model.md;04-information/entity-resolution.md;04-information/meta-model.md;04-information/reference-data.md;04-information/spatial-model.md;05-contracts/asyncapi-slc07.md;05-contracts/asyncapi-slc12a.md;05-contracts/asyncapi-slc15.md;05-contracts/openapi-information-slc02.md;05-contracts/openapi-information-slc04.md;05-contracts/openapi-information-slc14.md;05-contracts/openapi-information-slc15.md;06-data/logical-model/slc-02.md;06-data/logical-model/slc-14.md;08-security/key-hierarchy-and-disposition.md;08-security/label-derivation-rules.md;11-integration/README.md;12-solution/c4-containers.md;12-solution/deployment-units.md;12-solution/technology-decisions.md;13-verification/acceptance/SLC-11/invariants-slc11.md;13-verification/acceptance/SLC-12a/invariants-slc12a.md;13-verification/tooling/slice-sources.md;13-verification/tooling/spec-tooling.md;14-slices/SLC-02/atam-lite.md;14-slices/SLC-02/readiness.md;16-reports/ANTI-PATTERN-REPORT-R2.md;16-reports/CONSISTENCY-CHECK-W3.md;16-reports/CONSISTENCY-REPORT-R2.md;16-reports/ENGINEERING-BASELINE-R2.md;16-reports/EVOLUTION-ROADMAP.md;16-reports/SESSION-W4-W7-SLC02.md;16-reports/SESSION-W4-W7-SLC11.md;16-reports/SESSION-W4-W7-SLC14.md;16-reports/SESSION-W4-W7-SLC15.md;16-reports/SLC-00-WALKTHROUGH.md"
"BC03","42","no","00-governance/decisions/ADR-P07.md;00-governance/registers/open-questions.md;00-governance/registers/risks.md;03-domain/bc-boundary-test.md;03-domain/context-map.md;03-domain/domains.md;03-domain/ownership.md;03-domain/contexts/BC03/commands-slc06.md;03-domain/contexts/BC03/commands-slc07.md;03-domain/contexts/BC03/commands-slc16.md;03-domain/contexts/BC03/events-slc06.md;03-domain/contexts/BC03/events-slc07.md;03-domain/contexts/BC03/events-slc16.md;03-domain/contexts/BC03/queries-slc06.md;03-domain/contexts/BC03/queries-slc07.md;03-domain/contexts/BC03/queries-slc16.md;03-domain/contexts/BC03/situation-alerting-spec.md;03-domain/contexts/BC03/aggregates/AGG-ALERT-RULE.md;03-domain/contexts/BC03/aggregates/AGG-ALERT.md;03-domain/contexts/BC03/aggregates/AGG-ANALYSIS-CASE.md;03-domain/contexts/BC03/aggregates/AGG-ANALYSIS-METHOD.md;03-domain/contexts/BC03/aggregates/AGG-ANALYSIS-RUN.md;03-domain/contexts/BC03/aggregates/AGG-ASSESSMENT.md;03-domain/contexts/BC03/aggregates/AGG-CAP-MESSAGE.md;03-domain/contexts/BC03/aggregates/AGG-FINDING.md;03-domain/contexts/BC03/aggregates/AGG-SITUATION.md;04-information/entity-resolution.md;04-information/reference-data.md;05-contracts/openapi-intelligence-slc06.md;05-contracts/openapi-intelligence-slc07.md;05-contracts/openapi-intelligence-slc16.md;06-data/logical-model/slc-06.md;06-data/logical-model/slc-07.md;08-security/label-derivation-rules.md;12-solution/c4-containers.md;12-solution/deployment-units.md;13-verification/tooling/slice-sources.md;13-verification/tooling/spec-tooling.md;14-slices/SLC-06/readiness.md;16-reports/SESSION-W4-W7-SLC06.md;16-reports/SESSION-W4-W7-SLC16.md;16-reports/SLC-00-WALKTHROUGH.md"
"BC04","74","no","00-governance/elicitation/W1-answers.md;00-governance/registers/corrections.md;00-governance/registers/open-questions.md;00-governance/registers/risks.md;01-business/release-3-scope.md;03-domain/bc-boundary-test.md;03-domain/context-map.md;03-domain/domains.md;03-domain/ownership.md;03-domain/contexts/BC03/situation-alerting-spec.md;03-domain/contexts/BC04/commands-slc03.md;03-domain/contexts/BC04/commands-slc06.md;03-domain/contexts/BC04/commands-slc08.md;03-domain/contexts/BC04/commands-slc15.md;03-domain/contexts/BC04/commands-slc17.md;03-domain/contexts/BC04/events-slc03.md;03-domain/contexts/BC04/events-slc06.md;03-domain/contexts/BC04/events-slc08.md;03-domain/contexts/BC04/events-slc15.md;03-domain/contexts/BC04/events-slc17.md;03-domain/contexts/BC04/queries-slc03.md;03-domain/contexts/BC04/queries-slc06.md;03-domain/contexts/BC04/queries-slc08.md;03-domain/contexts/BC04/queries-slc15.md;03-domain/contexts/BC04/queries-slc17.md;03-domain/contexts/BC04/aggregates/AGG-COORDINATION-CASE.md;03-domain/contexts/BC04/aggregates/AGG-DECISION-REQUEST.md;03-domain/contexts/BC04/aggregates/AGG-DECISION.md;03-domain/contexts/BC04/aggregates/AGG-INCIDENT.md;03-domain/contexts/BC04/aggregates/AGG-NOTIFICATION.md;03-domain/contexts/BC04/aggregates/AGG-OUTCOME-TRACKER.md;03-domain/contexts/BC04/aggregates/AGG-PLAN-VERSION.md;03-domain/contexts/BC04/aggregates/AGG-PLAN.md;03-domain/contexts/BC04/aggregates/AGG-RISK.md;03-domain/contexts/BC04/aggregates/AGG-SUBSCRIPTION.md;03-domain/contexts/BC04/aggregates/AGG-TASK-TYPE.md;03-domain/contexts/BC04/aggregates/AGG-TASK.md;03-domain/contexts/BC05/allocation-readiness-spec.md;03-domain/contexts/BC05/commands-slc09.md;03-domain/contexts/BC05/queries-slc03.md;03-domain/contexts/BC05/aggregates/AGG-ALLOCATION.md;04-information/meta-model.md;04-information/reference-data.md;05-contracts/openapi-operations-slc03.md;05-contracts/openapi-operations-slc06.md;05-contracts/openapi-operations-slc08.md;05-contracts/openapi-operations-slc15.md;05-contracts/openapi-operations-slc17.md;05-contracts/openapi-readiness-slc03.md;06-data/logical-model/slc-03.md;06-data/logical-model/slc-06.md;06-data/logical-model/slc-08.md;08-security/audit-architecture.md;08-security/label-derivation-rules.md;08-security/policies-slc03.md;12-solution/c4-containers.md;12-solution/deployment-units.md;12-solution/release-configuration-migration.md;13-verification/acceptance/SLC-05/invariants-slc05.md;13-verification/acceptance/SLC-11/invariants-slc11.md;13-verification/tooling/slice-sources.md;13-verification/tooling/spec-tooling.md;14-slices/SLC-03/readiness.md;14-slices/SLC-06/readiness.md;16-reports/ANTI-PATTERN-REPORT-R2.md;16-reports/CONSISTENCY-REPORT-R2.md;16-reports/ENGINEERING-BASELINE-R2.md;16-reports/SESSION-R2-BASELINE.md;16-reports/SESSION-W0.md;16-reports/SESSION-W4-W7-SLC03.md;16-reports/SESSION-W4-W7-SLC06.md;16-reports/SESSION-W4-W7-SLC15.md;16-reports/SESSION-W4-W7-SLC17.md;16-reports/SLC-00-WALKTHROUGH.md"
"BC05","74","no","00-governance/registers/open-questions.md;00-governance/registers/risks.md;00-governance/registers/technical-debt.md;01-business/release-3-scope.md;02-requirements/quality-scenarios.md;03-domain/bc-boundary-test.md;03-domain/context-map.md;03-domain/domains.md;03-domain/ownership.md;03-domain/contexts/BC05/commands-slc03.md;03-domain/contexts/BC05/commands-slc09.md;03-domain/contexts/BC05/commands-slc18.md;03-domain/contexts/BC05/commands-slc19.md;03-domain/contexts/BC05/eligibility-rules.md;03-domain/contexts/BC05/events-slc03.md;03-domain/contexts/BC05/events-slc09.md;03-domain/contexts/BC05/events-slc18.md;03-domain/contexts/BC05/events-slc19.md;03-domain/contexts/BC05/queries-slc03.md;03-domain/contexts/BC05/queries-slc09.md;03-domain/contexts/BC05/queries-slc18.md;03-domain/contexts/BC05/queries-slc19.md;03-domain/contexts/BC05/aggregates/AGG-ALLOCATION.md;03-domain/contexts/BC05/aggregates/AGG-ASSET-ASSIGNMENT.md;03-domain/contexts/BC05/aggregates/AGG-ASSET-RESERVATION.md;03-domain/contexts/BC05/aggregates/AGG-ASSET.md;03-domain/contexts/BC05/aggregates/AGG-EXERCISE.md;03-domain/contexts/BC05/aggregates/AGG-LOGISTICS-REQUEST.md;03-domain/contexts/BC05/aggregates/AGG-MAINTENANCE-ORDER.md;03-domain/contexts/BC05/aggregates/AGG-QUALIFICATION-RECORD.md;03-domain/contexts/BC05/aggregates/AGG-RESOURCE-POOL.md;03-domain/contexts/BC05/aggregates/AGG-ROLE-REQUIREMENT.md;03-domain/contexts/BC05/aggregates/AGG-SCENARIO.md;03-domain/contexts/BC05/aggregates/AGG-SHIPMENT.md;03-domain/contexts/BC05/aggregates/AGG-SIMULATION.md;04-information/reference-data.md;05-contracts/openapi-readiness-slc03.md;05-contracts/openapi-readiness-slc09.md;05-contracts/openapi-readiness-slc18.md;05-contracts/openapi-readiness-slc19.md;06-data/logical-model/slc-03.md;06-data/logical-model/slc-09.md;07-quality/workloads-slc03.md;07-quality/workloads-slc18.md;07-quality/workloads-slc19.md;08-security/label-derivation-rules.md;08-security/threat-model-slc03.md;09-reliability/fmea-slc03.md;09-reliability/fmea-slc19.md;12-solution/c4-containers.md;12-solution/deployment-units.md;13-verification/acceptance/SLC-03/invariants-slc03.md;13-verification/tooling/slice-sources.md;13-verification/tooling/spec-tooling.md;14-slices/slices.md;14-slices/SLC-03/atam-lite.md;14-slices/SLC-03/readiness.md;14-slices/SLC-17/readiness.md;14-slices/SLC-18/atam-lite.md;14-slices/SLC-19/atam-lite.md;14-slices/SLC-19/readiness.md;15-traceability/quality-verification-matrix.md;16-reports/ANTI-PATTERN-REPORT-R1.md;16-reports/ANTI-PATTERN-REPORT-R2.md;16-reports/ARCHITECTURE-REVIEW-R2.md;16-reports/CONSISTENCY-REPORT-R2.md;16-reports/ENGINEERING-BASELINE-R2.md;16-reports/SESSION-R2-BASELINE.md;16-reports/SESSION-W4-W7-SLC03.md;16-reports/SESSION-W4-W7-SLC09.md;16-reports/SESSION-W4-W7-SLC17.md;16-reports/SESSION-W4-W7-SLC18.md;16-reports/SESSION-W4-W7-SLC19.md;16-reports/SLC-00-WALKTHROUGH.md"
"BC06","30","no","01-business/release-3-scope.md;02-requirements/requirements.md;03-domain/bc-boundary-test.md;03-domain/context-map.md;03-domain/domains.md;03-domain/ownership.md;03-domain/contexts/BC05/training-exercise-spec.md;03-domain/contexts/BC06/commands-slc12.md;03-domain/contexts/BC06/events-slc12.md;03-domain/contexts/BC06/queries-slc12.md;03-domain/contexts/BC06/aggregates/AGG-ARCHIVE-PACKAGE.md;03-domain/contexts/BC06/aggregates/AGG-DISTRIBUTION.md;03-domain/contexts/BC06/aggregates/AGG-KNOWLEDGE-OBJECT.md;03-domain/contexts/BC06/aggregates/AGG-PRODUCT-TEMPLATE.md;03-domain/contexts/BC06/aggregates/AGG-PRODUCT.md;03-domain/contexts/BC06/aggregates/AGG-RECONSTRUCTION.md;05-contracts/openapi-knowledge-slc12.md;06-data/logical-model/slc-12.md;08-security/label-derivation-rules.md;12-solution/deployment-units.md;13-verification/tooling/slice-sources.md;13-verification/tooling/spec-tooling.md;14-slices/SLC-19/readiness.md;16-reports/ANTI-PATTERN-REPORT-R2.md;16-reports/ARCHITECTURE-REVIEW-R2.md;16-reports/CONSISTENCY-REPORT-R2.md;16-reports/ENGINEERING-BASELINE-R2.md;16-reports/SESSION-R2-BASELINE.md;16-reports/SESSION-W4-W7-SLC12.md;16-reports/SLC-00-WALKTHROUGH.md"
"BC07","65","no","00-governance/RATIFICATION-PACKAGE.md;00-governance/registers/corrections.md;03-domain/bc-boundary-test.md;03-domain/context-map.md;03-domain/domains.md;03-domain/ownership.md;03-domain/contexts/BC07/commands-slc02.md;03-domain/contexts/BC07/commands-slc05.md;03-domain/contexts/BC07/commands-slc10.md;03-domain/contexts/BC07/commands-slc11.md;03-domain/contexts/BC07/commands-slc16.md;03-domain/contexts/BC07/discovery-architecture.md;03-domain/contexts/BC07/events-slc02.md;03-domain/contexts/BC07/events-slc05.md;03-domain/contexts/BC07/events-slc10.md;03-domain/contexts/BC07/events-slc11.md;03-domain/contexts/BC07/events-slc16.md;03-domain/contexts/BC07/queries-slc02.md;03-domain/contexts/BC07/queries-slc05.md;03-domain/contexts/BC07/queries-slc10.md;03-domain/contexts/BC07/queries-slc11.md;03-domain/contexts/BC07/queries-slc16.md;03-domain/contexts/BC07/aggregates/AGG-ADAPTER.md;03-domain/contexts/BC07/aggregates/AGG-AI-REQUEST.md;03-domain/contexts/BC07/aggregates/AGG-AI-RESULT.md;03-domain/contexts/BC07/aggregates/AGG-AI-ROUTING.md;03-domain/contexts/BC07/aggregates/AGG-AI-TOOL.md;03-domain/contexts/BC07/aggregates/AGG-EVAL-SUITE.md;03-domain/contexts/BC07/aggregates/AGG-INTEGRATION-CONNECTION.md;03-domain/contexts/BC07/aggregates/AGG-MODEL-VERSION.md;03-domain/contexts/BC07/aggregates/AGG-PRELOAD-PACKAGE.md;03-domain/contexts/BC07/aggregates/AGG-PROJECTION-VERSION.md;03-domain/contexts/BC07/aggregates/AGG-SENSOR-STREAM.md;03-domain/contexts/BC07/aggregates/AGG-SYNC-CONFLICT.md;03-domain/contexts/BC07/aggregates/AGG-SYNC-SESSION.md;04-information/conflict-model.md;05-contracts/openapi-ai-slc10.md;05-contracts/openapi-discovery-slc05.md;05-contracts/openapi-field-slc11.md;05-contracts/openapi-integration-slc02.md;05-contracts/openapi-integration-slc16.md;06-data/logical-model/slc-02.md;06-data/logical-model/slc-05.md;06-data/logical-model/slc-10.md;06-data/logical-model/slc-11.md;08-security/label-derivation-rules.md;11-integration/README.md;12-solution/c4-containers.md;12-solution/deployment-units.md;13-verification/invariant-properties-slc10.md;13-verification/tooling/slice-sources.md;13-verification/tooling/spec-tooling.md;14-slices/SLC-02/atam-lite.md;14-slices/SLC-02/readiness.md;14-slices/SLC-11/readiness.md;16-reports/ANTI-PATTERN-REPORT-R2.md;16-reports/ARCHITECTURE-REVIEW-R2.md;16-reports/CONSISTENCY-CHECK-W3.md;16-reports/CONSISTENCY-REPORT-R2.md;16-reports/ENGINEERING-BASELINE-R2.md;16-reports/SESSION-R2-BASELINE.md;16-reports/SESSION-W4-W7-SLC02.md;16-reports/SESSION-W4-W7-SLC10.md;16-reports/SESSION-W4-W7-SLC11.md;16-reports/SESSION-W4-W7-SLC16.md"
"BC08","45","no","00-governance/registers/corrections.md;00-governance/registers/risks.md;02-requirements/quality-scenarios.md;03-domain/bc-boundary-test.md;03-domain/context-map.md;03-domain/domains.md;03-domain/ownership.md;03-domain/contexts/BC01/commands-slc01.md;03-domain/contexts/BC01/aggregates/AGG-TENANT.md;03-domain/contexts/BC08/commands-slc01.md;03-domain/contexts/BC08/commands-slc12a.md;03-domain/contexts/BC08/events-slc01.md;03-domain/contexts/BC08/events-slc12a.md;03-domain/contexts/BC08/queries-slc01.md;03-domain/contexts/BC08/queries-slc12a.md;03-domain/contexts/BC08/aggregates/AGG-CLASSIFICATION-SCHEME.md;03-domain/contexts/BC08/aggregates/AGG-DISPOSITION-RUN.md;03-domain/contexts/BC08/aggregates/AGG-ERASURE-REQUEST.md;03-domain/contexts/BC08/aggregates/AGG-LEGAL-HOLD.md;03-domain/contexts/BC08/aggregates/AGG-POLICY-SET.md;03-domain/contexts/BC08/aggregates/AGG-RETENTION-SCHEDULE.md;03-domain/contexts/BC08/aggregates/AGG-SECURITY-EXCEPTION.md;04-information/reference-data.md;05-contracts/openapi-governance-slc01.md;05-contracts/openapi-governance-slc12a.md;06-data/logical-model/slc-01.md;06-data/logical-model/slc-12a.md;07-quality/workloads-slc01.md;08-security/audit-architecture.md;08-security/authorization-model.md;08-security/key-hierarchy-and-disposition.md;08-security/label-derivation-rules.md;09-reliability/fmea-slc01.md;09-reliability/fmea-slc12a.md;12-solution/c4-containers.md;12-solution/deployment-units.md;12-solution/release-configuration-migration.md;13-verification/tooling/slice-sources.md;13-verification/tooling/spec-tooling.md;14-slices/SLC-01/atam-lite.md;14-slices/SLC-01/readiness.md;15-traceability/quality-verification-matrix.md;16-reports/SESSION-W4-W7-SLC01.md;16-reports/SESSION-W4-W7-SLC12a.md;16-reports/SLC-00-WALKTHROUGH.md"
"BC-BOUNDARY-TEST","2","yes","03-domain/bc-boundary-test.md;12-solution/deployment-units.md"
"BO-AI-REQUEST","1","yes","03-domain/ownership.md"
"BO-ALERT","1","yes","03-domain/ownership.md"
"BO-ANALYSIS-CASE","1","yes","03-domain/ownership.md"
"BO-ARCHIVE-RECORD","1","yes","03-domain/ownership.md"
"BO-ASSESSMENT","1","yes","03-domain/ownership.md"
"BO-ASSET","1","yes","03-domain/ownership.md"
"BO-AUDIT-RECORD","1","yes","03-domain/ownership.md"
"BO-AUTHORITY","1","yes","03-domain/ownership.md"
"BO-CATALOG-KERNEL","1","yes","04-information/business-objects-kernel.md"
"BO-CLAIM","2","yes","03-domain/ownership.md;04-information/business-objects-kernel.md"
"BO-CLASSIFICATION","1","yes","03-domain/ownership.md"
"BO-COLLECTION-REQUIREMENT","2","yes","03-domain/ownership.md;04-information/business-objects-kernel.md"
"BO-COMMUNICATION","1","yes","03-domain/ownership.md"
"BO-COMPETENCY","1","yes","03-domain/ownership.md"
"BO-CONFLICT","2","yes","03-domain/ownership.md;04-information/business-objects-kernel.md"
"BO-DECISION","1","yes","03-domain/ownership.md"
"BO-DECISION-REQUEST","1","yes","03-domain/ownership.md"
"BO-DELEGATION","1","yes","03-domain/ownership.md"
"BO-DEVICE","2","yes","03-domain/ownership.md;14-slices/SLC-01/readiness.md"
"BO-ELIGIBILITY","2","yes","00-governance/registers/open-questions.md;03-domain/ownership.md"
"BO-ENTITY","2","yes","03-domain/ownership.md;04-information/business-objects-kernel.md"
"BO-ER-CASE","2","yes","03-domain/ownership.md;04-information/business-objects-kernel.md"
"BO-EVENT","3","yes","03-domain/ownership.md;04-information/business-objects-kernel.md;04-information/meta-model.md"
"BO-EVIDENCE","2","yes","03-domain/ownership.md;04-information/business-objects-kernel.md"
"BO-EXERCISE","1","yes","03-domain/ownership.md"
"BO-GEOMETRY","1","yes","03-domain/ownership.md"
"BO-IDENTITY","1","yes","03-domain/ownership.md"
"BO-INCIDENT","1","yes","03-domain/ownership.md"
"BO-KNOWLEDGE-OBJECT","1","yes","03-domain/ownership.md"
"BO-LINEAGE","2","yes","03-domain/ownership.md;04-information/business-objects-kernel.md"
"BO-LOGISTICS","1","yes","03-domain/ownership.md"
"BO-OBSERVATION","2","yes","03-domain/ownership.md;04-information/business-objects-kernel.md"
"BO-ORGANIZATION","1","yes","03-domain/ownership.md"
"BO-PLAN","1","yes","03-domain/ownership.md"
"BO-PLAN-OUTCOME","2","yes","00-governance/registers/corrections.md;03-domain/ownership.md"
"BO-POLICY","1","yes","03-domain/ownership.md"
"BO-PRODUCT","1","yes","03-domain/ownership.md"
"BO-QUOTA","1","yes","03-domain/ownership.md"
"BO-RELATIONSHIP","2","yes","03-domain/ownership.md;04-information/business-objects-kernel.md"
"BO-RESOURCE","1","yes","03-domain/ownership.md"
"BO-RETENTION-SCHEDULE","1","yes","03-domain/ownership.md"
"BO-RISK","1","yes","03-domain/ownership.md"
"BO-SAMEAS","2","yes","03-domain/ownership.md;04-information/business-objects-kernel.md"
"BO-SECURITY-EXCEPTION","1","yes","03-domain/ownership.md"
"BO-SITUATION","1","yes","03-domain/ownership.md"
"BO-SITUATION-ALERT-RULE","1","yes","03-domain/ownership.md"
"BO-SOURCE","2","yes","03-domain/ownership.md;04-information/business-objects-kernel.md"
"BO-TASK","1","yes","03-domain/ownership.md"
"BO-TENANT","2","yes","00-governance/registers/unknowns.md;03-domain/ownership.md"
"BRL-001","4","yes","00-governance/decisions/ADR-P03.md;01-business/business-rules.md;02-requirements/requirements.md;16-reports/REQUIREMENTS-QUALITY-REPORT.md"
"BRL-002","4","yes","01-business/business-rules.md;02-requirements/requirements.md;04-information/conflict-model.md;13-verification/acceptance/SLC-04/invariants-slc04.md"
"BRL-003","13","yes","00-governance/registers/corrections.md;00-governance/registers/unknowns.md;01-business/business-rules.md;02-requirements/requirements.md;03-domain/contexts/BC04/commands-slc08.md;03-domain/contexts/BC04/decision-plan-spec.md;03-domain/contexts/BC04/aggregates/AGG-COORDINATION-CASE.md;03-domain/contexts/BC04/aggregates/AGG-DECISION.md;08-security/policies-slc08.md;13-verification/acceptance/SLC-08/invariants-slc08.md;13-verification/tooling/slice-sources.md;16-reports/REQUIREMENTS-QUALITY-REPORT.md;16-reports/SESSION-W0.md"
"BRL-004","7","yes","00-governance/glossary.md;01-business/business-rules.md;02-requirements/requirements.md;03-domain/contexts/BC04/decision-plan-spec.md;03-domain/contexts/BC04/aggregates/AGG-PLAN-VERSION.md;13-verification/acceptance/SLC-08/invariants-slc08.md;13-verification/tooling/slice-sources.md"
"BRL-005","10","yes","00-governance/registers/open-questions.md;01-business/business-rules.md;02-requirements/requirements.md;03-domain/contexts/BC04/commands-slc08.md;03-domain/contexts/BC04/decision-plan-spec.md;03-domain/contexts/BC04/aggregates/AGG-PLAN-VERSION.md;13-verification/acceptance/SLC-08/invariants-slc08.md;13-verification/tooling/slice-sources.md;16-reports/REQUIREMENTS-QUALITY-REPORT.md;16-reports/SESSION-W4-W7-SLC08.md"
"BRL-006","7","yes","01-business/business-rules.md;02-requirements/requirements.md;03-domain/contexts/BC04/commands-slc03.md;03-domain/contexts/BC04/task-lifecycle-rules.md;03-domain/contexts/BC04/aggregates/AGG-TASK.md;13-verification/acceptance/SLC-03/invariants-slc03.md;13-verification/tooling/slice-sources.md"
"BRL-007","7","yes","00-governance/registers/open-questions.md;01-business/business-rules.md;02-requirements/requirements.md;03-domain/contexts/BC05/eligibility-rules.md;03-domain/contexts/BC05/aggregates/AGG-ASSET-ASSIGNMENT.md;13-verification/tooling/slice-sources.md;16-reports/REQUIREMENTS-QUALITY-REPORT.md"
"BRL-008","4","yes","01-business/business-rules.md;02-requirements/requirements.md;10-ai/autonomy-matrix.md;16-reports/CONSISTENCY-CHECK-W3.md"
"BRL-009","6","yes","01-business/business-rules.md;02-requirements/requirements.md;03-domain/contexts/BC07/aggregates/AGG-AI-REQUEST.md;04-information/provenance-lineage.md;10-ai/autonomy-matrix.md;13-verification/tooling/slice-sources.md"
"BRL-010","3","yes","01-business/business-rules.md;02-requirements/quality-scenarios.md;02-requirements/requirements.md"
"BRL-011","4","yes","00-governance/glossary.md;01-business/business-rules.md;03-domain/contexts/BC06/aggregates/AGG-ARCHIVE-PACKAGE.md;13-verification/tooling/slice-sources.md"
"BRL-012","1","yes","01-business/business-rules.md"
"BRL-013","9","yes","01-business/business-rules.md;02-requirements/requirements.md;03-domain/contexts/BC02/aggregates/AGG-IMPORT-BATCH.md;03-domain/contexts/BC07/enterprise-integration-spec.md;03-domain/contexts/BC07/aggregates/AGG-INTEGRATION-CONNECTION.md;08-security/threat-model-slc02.md;08-security/trust-boundaries.md;13-verification/acceptance/SLC-02/invariants-slc02.md;13-verification/tooling/slice-sources.md"
"BRL-014","3","yes","01-business/business-rules.md;03-domain/context-map.md;13-verification/fitness-functions.md"
"BRL-015","3","yes","01-business/business-rules.md;02-requirements/quality-scenarios.md;02-requirements/requirements.md"
"BRQ-001","7","yes","02-requirements/quality-scenarios.md;02-requirements/requirements.md;07-quality/workloads-slc02.md;07-quality/workloads-slc04.md;07-quality/workloads-slc11.md;15-traceability/rtm-r1.md;15-traceability/rtm-r2.md"
"BRQ-002","7","yes","02-requirements/quality-scenarios.md;02-requirements/requirements.md;07-quality/workloads-slc02.md;07-quality/workloads-slc04.md;07-quality/workloads-slc05.md;07-quality/workloads-slc06.md;15-traceability/rtm-r1.md"
"BRQ-003","6","yes","02-requirements/quality-scenarios.md;02-requirements/requirements.md;07-quality/workloads-slc07.md;07-quality/workloads-slc08.md;15-traceability/rtm-r1.md;15-traceability/rtm-r2.md"
"BRQ-004","7","yes","02-requirements/quality-scenarios.md;02-requirements/requirements.md;07-quality/workloads-slc03.md;07-quality/workloads-slc06.md;07-quality/workloads-slc08.md;15-traceability/rtm-r1.md;15-traceability/rtm-r2.md"
"BRQ-005","4","yes","02-requirements/quality-scenarios.md;02-requirements/requirements.md;15-traceability/rtm-r1.md;15-traceability/rtm-r2.md"
"BRQ-006","7","yes","02-requirements/quality-scenarios.md;02-requirements/requirements.md;07-quality/workloads-slc02.md;07-quality/workloads-slc04.md;07-quality/workloads-slc05.md;15-traceability/rtm-r1.md;15-traceability/rtm-r2.md"
"BRQ-007","11","yes","02-requirements/quality-scenarios.md;02-requirements/requirements.md;07-quality/workloads-slc01.md;07-quality/workloads-slc02.md;07-quality/workloads-slc05.md;07-quality/workloads-slc06.md;07-quality/workloads-slc07.md;07-quality/workloads-slc11.md;07-quality/workloads-slc12a.md;15-traceability/rtm-r1.md;15-traceability/rtm-r2.md"
"BRQ-008","4","yes","02-requirements/quality-scenarios.md;02-requirements/requirements.md;15-traceability/rtm-r1.md;15-traceability/rtm-r2.md"
"CAP-01","3","yes","01-business/capabilities.md;16-reports/REQUIREMENTS-QUALITY-REPORT-R2.md;16-reports/REQUIREMENTS-QUALITY-REPORT.md"
"CAP-01.01","4","yes","01-business/capabilities.md;02-requirements/requirements.md;02-requirements/use-cases.md;15-traceability/rtm-r1.md"
"CAP-01.02","5","yes","01-business/capabilities.md;02-requirements/requirements.md;02-requirements/use-cases.md;15-traceability/rtm-r1.md;15-traceability/rtm-r2.md"
"CAP-01.03","4","yes","01-business/capabilities.md;02-requirements/requirements.md;02-requirements/use-cases.md;15-traceability/rtm-r1.md"
"CAP-01.04","4","yes","01-business/capabilities.md;02-requirements/requirements.md;02-requirements/use-cases.md;15-traceability/rtm-r1.md"
"CAP-02","3","yes","01-business/capabilities.md;16-reports/REQUIREMENTS-QUALITY-REPORT-R2.md;16-reports/REQUIREMENTS-QUALITY-REPORT.md"
"CAP-02.01","10","yes","01-business/capabilities.md;01-business/release-2-scope.md;02-requirements/requirements.md;02-requirements/use-cases.md;13-verification/tooling/slice-sources.md;14-slices/slices.md;15-traceability/rtm-r2.md;16-reports/CONSISTENCY-REPORT-R2.md;16-reports/ENGINEERING-BASELINE-R2.md;16-reports/EVOLUTION-ROADMAP.md"
"CAP-02.02","4","yes","01-business/capabilities.md;02-requirements/requirements.md;02-requirements/use-cases.md;15-traceability/rtm-r1.md"
"CAP-02.03","4","yes","01-business/capabilities.md;02-requirements/requirements.md;02-requirements/use-cases.md;15-traceability/rtm-r1.md"
"CAP-02.04","5","yes","01-business/capabilities.md;02-requirements/requirements.md;02-requirements/use-cases.md;15-traceability/rtm-r1.md;15-traceability/rtm-r2.md"
"CAP-03","2","yes","01-business/capabilities.md;16-reports/REQUIREMENTS-QUALITY-REPORT.md"
"CAP-03.01","4","yes","01-business/capabilities.md;02-requirements/requirements.md;02-requirements/use-cases.md;15-traceability/rtm-r1.md"
"CAP-03.02","3","yes","01-business/capabilities.md;02-requirements/requirements.md;15-traceability/rtm-r1.md"
"CAP-03.03","3","yes","01-business/capabilities.md;02-requirements/requirements.md;15-traceability/rtm-r1.md"
"CAP-03.04","4","yes","01-business/capabilities.md;02-requirements/requirements.md;02-requirements/use-cases.md;15-traceability/rtm-r1.md"
"CAP-03.05","4","yes","01-business/capabilities.md;02-requirements/requirements.md;02-requirements/use-cases.md;15-traceability/rtm-r1.md"
"CAP-03.06","4","yes","01-business/capabilities.md;02-requirements/requirements.md;02-requirements/use-cases.md;15-traceability/rtm-r1.md"
"CAP-03.07","3","yes","01-business/capabilities.md;02-requirements/requirements.md;15-traceability/rtm-r1.md"
"CAP-04","3","yes","01-business/capabilities.md;16-reports/REQUIREMENTS-QUALITY-REPORT-R2.md;16-reports/REQUIREMENTS-QUALITY-REPORT.md"
"CAP-04.01","3","yes","01-business/capabilities.md;02-requirements/requirements.md;15-traceability/rtm-r1.md"
"CAP-04.02","3","yes","01-business/capabilities.md;02-requirements/requirements.md;15-traceability/rtm-r1.md"
"CAP-04.03","3","yes","01-business/capabilities.md;02-requirements/requirements.md;15-traceability/rtm-r1.md"
"CAP-04.04","9","yes","01-business/capabilities.md;01-business/release-2-scope.md;02-requirements/requirements.md;02-requirements/use-cases.md;13-verification/tooling/slice-sources.md;14-slices/slices.md;15-traceability/rtm-r2.md;16-reports/CONSISTENCY-REPORT-R2.md;16-reports/ENGINEERING-BASELINE-R2.md"
"CAP-05","2","yes","01-business/capabilities.md;16-reports/REQUIREMENTS-QUALITY-REPORT.md"
"CAP-05.01","3","yes","01-business/capabilities.md;02-requirements/requirements.md;15-traceability/rtm-r1.md"
"CAP-05.02","3","yes","01-business/capabilities.md;02-requirements/requirements.md;15-traceability/rtm-r1.md"
"CAP-05.03","4","yes","01-business/capabilities.md;02-requirements/requirements.md;02-requirements/use-cases.md;15-traceability/rtm-r1.md"
"CAP-06","3","yes","01-business/capabilities.md;16-reports/REQUIREMENTS-QUALITY-REPORT-R2.md;16-reports/REQUIREMENTS-QUALITY-REPORT.md"
"CAP-06.01","3","yes","01-business/capabilities.md;02-requirements/requirements.md;15-traceability/rtm-r1.md"
"CAP-06.02","3","yes","01-business/capabilities.md;02-requirements/requirements.md;15-traceability/rtm-r1.md"
"CAP-06.03","9","yes","01-business/capabilities.md;01-business/release-2-scope.md;02-requirements/requirements.md;02-requirements/use-cases.md;13-verification/tooling/slice-sources.md;14-slices/slices.md;15-traceability/rtm-r2.md;16-reports/CONSISTENCY-REPORT-R2.md;16-reports/ENGINEERING-BASELINE-R2.md"
"CAP-07","2","yes","01-business/capabilities.md;16-reports/REQUIREMENTS-QUALITY-REPORT.md"
"CAP-07.01","3","yes","01-business/capabilities.md;02-requirements/requirements.md;15-traceability/rtm-r1.md"
"CAP-07.02","3","yes","01-business/capabilities.md;02-requirements/requirements.md;15-traceability/rtm-r1.md"
"CAP-07.03","3","yes","01-business/capabilities.md;02-requirements/requirements.md;15-traceability/rtm-r1.md"
"CAP-07.04","3","yes","01-business/capabilities.md;02-requirements/requirements.md;15-traceability/rtm-r1.md"
"CAP-07.05","4","yes","01-business/capabilities.md;02-requirements/requirements.md;02-requirements/use-cases.md;15-traceability/rtm-r1.md"
"CAP-08","3","yes","01-business/capabilities.md;16-reports/REQUIREMENTS-QUALITY-REPORT-R2.md;16-reports/REQUIREMENTS-QUALITY-REPORT.md"
"CAP-08.01","6","yes","01-business/capabilities.md;01-business/release-2-scope.md;02-requirements/requirements.md;15-traceability/rtm-r2.md;16-reports/CONSISTENCY-REPORT-R2.md;16-reports/ENGINEERING-BASELINE-R2.md"
"CAP-08.02","4","yes","01-business/capabilities.md;01-business/release-2-scope.md;02-requirements/requirements.md;15-traceability/rtm-r2.md"
"CAP-08.03","7","yes","01-business/capabilities.md;01-business/release-3-scope.md;02-requirements/requirements.md;03-domain/contexts/BC05/logistics-spec.md;13-verification/tooling/slice-sources.md;14-slices/slices.md;16-reports/SESSION-W4-W7-SLC17.md"
"CAP-08.04","6","yes","01-business/capabilities.md;01-business/release-2-scope.md;02-requirements/requirements.md;02-requirements/use-cases.md;15-traceability/rtm-r1.md;15-traceability/rtm-r2.md"
"CAP-08.05","6","yes","01-business/capabilities.md;01-business/release-3-scope.md;02-requirements/requirements.md;13-verification/tooling/slice-sources.md;14-slices/slices.md;16-reports/SESSION-W4-W7-SLC18.md"
"CAP-09","2","yes","01-business/capabilities.md;01-business/release-3-scope.md"
"CAP-09.01","4","yes","01-business/capabilities.md;01-business/release-3-scope.md;02-requirements/requirements.md;13-verification/tooling/slice-sources.md"
"CAP-09.02","3","yes","01-business/capabilities.md;01-business/release-3-scope.md;02-requirements/requirements.md"
"CAP-09.03","3","yes","01-business/capabilities.md;01-business/release-3-scope.md;02-requirements/requirements.md"
"CAP-10","3","yes","01-business/capabilities.md;16-reports/REQUIREMENTS-QUALITY-REPORT-R2.md;16-reports/REQUIREMENTS-QUALITY-REPORT.md"
"CAP-10.01","5","yes","01-business/capabilities.md;02-requirements/requirements.md;02-requirements/use-cases.md;15-traceability/rtm-r1.md;15-traceability/rtm-r2.md"
"CAP-10.02","7","yes","01-business/capabilities.md;01-business/release-2-scope.md;02-requirements/requirements.md;02-requirements/use-cases.md;15-traceability/rtm-r2.md;16-reports/CONSISTENCY-REPORT-R2.md;16-reports/ENGINEERING-BASELINE-R2.md"
"CAP-11","3","yes","01-business/capabilities.md;16-reports/REQUIREMENTS-QUALITY-REPORT-R2.md;16-reports/REQUIREMENTS-QUALITY-REPORT.md"
"CAP-11.01","6","yes","01-business/capabilities.md;01-business/release-2-scope.md;02-requirements/requirements.md;15-traceability/rtm-r2.md;16-reports/CONSISTENCY-REPORT-R2.md;16-reports/ENGINEERING-BASELINE-R2.md"
"CAP-11.02","4","yes","01-business/capabilities.md;02-requirements/requirements.md;02-requirements/use-cases.md;15-traceability/rtm-r1.md"
"CAP-11.03","4","yes","01-business/capabilities.md;01-business/release-2-scope.md;02-requirements/requirements.md;15-traceability/rtm-r2.md"
"CAP-12","2","yes","01-business/capabilities.md;16-reports/REQUIREMENTS-QUALITY-REPORT-R2.md"
"CAP-12.01","3","yes","01-business/capabilities.md;02-requirements/requirements.md;15-traceability/rtm-r2.md"
"CAP-12.01..04","3","no","01-business/release-2-scope.md;16-reports/CONSISTENCY-REPORT-R2.md;16-reports/ENGINEERING-BASELINE-R2.md"
"CAP-12.02","3","yes","01-business/capabilities.md;02-requirements/requirements.md;15-traceability/rtm-r2.md"
"CAP-12.03","3","yes","01-business/capabilities.md;02-requirements/requirements.md;15-traceability/rtm-r2.md"
"CAP-12.04","3","yes","01-business/capabilities.md;02-requirements/requirements.md;15-traceability/rtm-r2.md"
"CAP-13","2","yes","01-business/capabilities.md;16-reports/REQUIREMENTS-QUALITY-REPORT.md"
"CAP-13.01","5","yes","00-governance/registers/corrections.md;01-business/capabilities.md;02-requirements/requirements.md;02-requirements/use-cases.md;15-traceability/rtm-r1.md"
"CAP-13.02","4","yes","01-business/capabilities.md;02-requirements/requirements.md;02-requirements/use-cases.md;15-traceability/rtm-r1.md"
"CAP-13.03","3","yes","01-business/capabilities.md;02-requirements/requirements.md;15-traceability/rtm-r1.md"
"CAP-13.04","3","yes","01-business/capabilities.md;02-requirements/requirements.md;15-traceability/rtm-r1.md"
"CAP-14","2","yes","01-business/capabilities.md;16-reports/REQUIREMENTS-QUALITY-REPORT.md"
"CAP-14.01","3","yes","01-business/capabilities.md;02-requirements/requirements.md;15-traceability/rtm-r1.md"
"CAP-14.02","3","yes","01-business/capabilities.md;02-requirements/requirements.md;15-traceability/rtm-r1.md"
"CAP-14.03","4","yes","01-business/capabilities.md;02-requirements/requirements.md;02-requirements/use-cases.md;15-traceability/rtm-r1.md"
"CAP-MAP","1","yes","01-business/capabilities.md"
"CELL-ARCHITECTURE","6","yes","00-governance/glossary.md;03-domain/contexts/BC07/enterprise-integration-spec.md;07-quality/performance-test-strategy.md;12-solution/cell-architecture.md;15-traceability/trace-platform.md;16-reports/ARCHITECTURE-REVIEW-R1.md"
"CF-01","4","yes","03-domain/contexts/BC02/conflict-detection-engine.md;04-information/conflict-model.md;13-verification/acceptance/SLC-11/invariants-slc11.md;16-reports/SLC-00-WALKTHROUGH.md"
"CF-01..04","4","no","00-governance/registers/corrections.md;03-domain/contexts/BC07/field-sync-protocol.md;03-domain/contexts/BC07/aggregates/AGG-SYNC-CONFLICT.md;13-verification/tooling/slice-sources.md"
"CF-01..05","1","no","04-information/reference-data.md"
"CF-01..CF-04","3","no","03-domain/contexts/BC02/conflict-detection-engine.md;03-domain/contexts/BC02/aggregates/AGG-CONFLICT.md;13-verification/tooling/slice-sources.md"
"CF-02","2","yes","03-domain/contexts/BC02/conflict-detection-engine.md;04-information/conflict-model.md"
"CF-03","2","yes","03-domain/contexts/BC02/conflict-detection-engine.md;04-information/conflict-model.md"
"CF-04","2","yes","03-domain/contexts/BC02/conflict-detection-engine.md;04-information/conflict-model.md"
"CF-05","10","yes","00-governance/registers/corrections.md;03-domain/contexts/BC02/conflict-detection-engine.md;03-domain/contexts/BC04/task-lifecycle-rules.md;03-domain/contexts/BC07/field-sync-protocol.md;03-domain/contexts/BC07/aggregates/AGG-SYNC-CONFLICT.md;04-information/conflict-model.md;13-verification/acceptance/SLC-03/invariants-slc03.md;13-verification/tooling/slice-sources.md;14-slices/SLC-03/atam-lite.md;16-reports/SESSION-W4-W7-SLC03.md"
"CHECK-W3","1","no","16-reports/gate-reports/GATE-STATUS-W3.md"
"CLAIM-EVIDENCE-MODEL","1","yes","04-information/claim-evidence-model.md"
"CMD-ACS-ADD-ASSUMPTION","8","yes","03-domain/contexts/BC03/commands-slc07.md;03-domain/contexts/BC03/events-slc07.md;03-domain/contexts/BC03/aggregates/AGG-ANALYSIS-CASE.md;05-contracts/errors-slc07.md;05-contracts/openapi-intelligence-slc07.md;08-security/policies-slc07.md;13-verification/acceptance/SLC-07/analysis-case-state-machine.md;13-verification/tooling/slice-sources.md"
"CMD-ACS-ADD-HYPOTHESIS","8","yes","03-domain/contexts/BC03/commands-slc07.md;03-domain/contexts/BC03/events-slc07.md;03-domain/contexts/BC03/aggregates/AGG-ANALYSIS-CASE.md;05-contracts/errors-slc07.md;05-contracts/openapi-intelligence-slc07.md;08-security/policies-slc07.md;13-verification/acceptance/SLC-07/analysis-case-state-machine.md;13-verification/tooling/slice-sources.md"
"CMD-ACS-CANCEL","8","yes","03-domain/contexts/BC03/commands-slc07.md;03-domain/contexts/BC03/events-slc07.md;03-domain/contexts/BC03/aggregates/AGG-ANALYSIS-CASE.md;05-contracts/errors-slc07.md;05-contracts/openapi-intelligence-slc07.md;08-security/policies-slc07.md;13-verification/acceptance/SLC-07/analysis-case-state-machine.md;13-verification/tooling/slice-sources.md"
"CMD-ACS-CLOSE","8","yes","03-domain/contexts/BC03/commands-slc07.md;03-domain/contexts/BC03/events-slc07.md;03-domain/contexts/BC03/aggregates/AGG-ANALYSIS-CASE.md;05-contracts/errors-slc07.md;05-contracts/openapi-intelligence-slc07.md;08-security/policies-slc07.md;13-verification/acceptance/SLC-07/analysis-case-state-machine.md;13-verification/tooling/slice-sources.md"
"CMD-ACS-CREATE","8","yes","03-domain/contexts/BC03/commands-slc07.md;03-domain/contexts/BC03/events-slc07.md;03-domain/contexts/BC03/aggregates/AGG-ANALYSIS-CASE.md;05-contracts/errors-slc07.md;05-contracts/openapi-intelligence-slc07.md;08-security/policies-slc07.md;13-verification/acceptance/SLC-07/analysis-case-state-machine.md;13-verification/tooling/slice-sources.md"
"CMD-ACS-DEFINE","8","yes","03-domain/contexts/BC03/commands-slc07.md;03-domain/contexts/BC03/events-slc07.md;03-domain/contexts/BC03/aggregates/AGG-ANALYSIS-CASE.md;05-contracts/errors-slc07.md;05-contracts/openapi-intelligence-slc07.md;08-security/policies-slc07.md;13-verification/acceptance/SLC-07/analysis-case-state-machine.md;13-verification/tooling/slice-sources.md"
"CMD-ACS-DEFINE-SCENARIO","8","yes","03-domain/contexts/BC03/commands-slc07.md;03-domain/contexts/BC03/events-slc07.md;03-domain/contexts/BC03/aggregates/AGG-ANALYSIS-CASE.md;05-contracts/errors-slc07.md;05-contracts/openapi-intelligence-slc07.md;08-security/policies-slc07.md;13-verification/acceptance/SLC-07/analysis-case-state-machine.md;13-verification/tooling/slice-sources.md"
"CMD-ACS-DESELECT-EVIDENC","1","no","05-contracts/errors-slc07.md"
"CMD-ACS-DESELECT-EVIDENCE","8","yes","03-domain/contexts/BC03/commands-slc07.md;03-domain/contexts/BC03/events-slc07.md;03-domain/contexts/BC03/aggregates/AGG-ANALYSIS-CASE.md;05-contracts/errors-slc07.md;05-contracts/openapi-intelligence-slc07.md;08-security/policies-slc07.md;13-verification/acceptance/SLC-07/analysis-case-state-machine.md;13-verification/tooling/slice-sources.md"
"CMD-ACS-OPEN","8","yes","03-domain/contexts/BC03/commands-slc07.md;03-domain/contexts/BC03/events-slc07.md;03-domain/contexts/BC03/aggregates/AGG-ANALYSIS-CASE.md;05-contracts/errors-slc07.md;05-contracts/openapi-intelligence-slc07.md;08-security/policies-slc07.md;13-verification/acceptance/SLC-07/analysis-case-state-machine.md;13-verification/tooling/slice-sources.md"
"CMD-ACS-RECLASSIFY","8","yes","03-domain/contexts/BC03/commands-slc07.md;03-domain/contexts/BC03/events-slc07.md;03-domain/contexts/BC03/aggregates/AGG-ANALYSIS-CASE.md;05-contracts/errors-slc07.md;05-contracts/openapi-intelligence-slc07.md;08-security/policies-slc07.md;13-verification/acceptance/SLC-07/analysis-case-state-machine.md;13-verification/tooling/slice-sources.md"
"CMD-ACS-REOPEN","8","yes","03-domain/contexts/BC03/commands-slc07.md;03-domain/contexts/BC03/events-slc07.md;03-domain/contexts/BC03/aggregates/AGG-ANALYSIS-CASE.md;05-contracts/errors-slc07.md;05-contracts/openapi-intelligence-slc07.md;08-security/policies-slc07.md;13-verification/acceptance/SLC-07/analysis-case-state-machine.md;13-verification/tooling/slice-sources.md"
"CMD-ACS-RETIRE-ASSUMPTION","8","yes","03-domain/contexts/BC03/commands-slc07.md;03-domain/contexts/BC03/events-slc07.md;03-domain/contexts/BC03/aggregates/AGG-ANALYSIS-CASE.md;05-contracts/errors-slc07.md;05-contracts/openapi-intelligence-slc07.md;08-security/policies-slc07.md;13-verification/acceptance/SLC-07/analysis-case-state-machine.md;13-verification/tooling/slice-sources.md"
"CMD-ACS-SELECT-EVIDENCE","8","yes","03-domain/contexts/BC03/commands-slc07.md;03-domain/contexts/BC03/events-slc07.md;03-domain/contexts/BC03/aggregates/AGG-ANALYSIS-CASE.md;05-contracts/errors-slc07.md;05-contracts/openapi-intelligence-slc07.md;08-security/policies-slc07.md;13-verification/acceptance/SLC-07/analysis-case-state-machine.md;13-verification/tooling/slice-sources.md"
"CMD-ACS-UPDATE-HYPOTHESIS","8","yes","03-domain/contexts/BC03/commands-slc07.md;03-domain/contexts/BC03/events-slc07.md;03-domain/contexts/BC03/aggregates/AGG-ANALYSIS-CASE.md;05-contracts/errors-slc07.md;05-contracts/openapi-intelligence-slc07.md;08-security/policies-slc07.md;13-verification/acceptance/SLC-07/analysis-case-state-machine.md;13-verification/tooling/slice-sources.md"
"CMD-ADP-ACTIVATE","8","yes","03-domain/contexts/BC07/commands-slc02.md;03-domain/contexts/BC07/events-slc02.md;03-domain/contexts/BC07/aggregates/AGG-ADAPTER.md;05-contracts/errors-slc02.md;05-contracts/openapi-integration-slc02.md;08-security/policies-slc02.md;13-verification/acceptance/SLC-02/adapter-state-machine.md;13-verification/tooling/slice-sources.md"
"CMD-ADP-REGISTER","8","yes","03-domain/contexts/BC07/commands-slc02.md;03-domain/contexts/BC07/events-slc02.md;03-domain/contexts/BC07/aggregates/AGG-ADAPTER.md;05-contracts/errors-slc02.md;05-contracts/openapi-integration-slc02.md;08-security/policies-slc02.md;13-verification/acceptance/SLC-02/adapter-state-machine.md;13-verification/tooling/slice-sources.md"
"CMD-ADP-RESUME","8","yes","03-domain/contexts/BC07/commands-slc02.md;03-domain/contexts/BC07/events-slc02.md;03-domain/contexts/BC07/aggregates/AGG-ADAPTER.md;05-contracts/errors-slc02.md;05-contracts/openapi-integration-slc02.md;08-security/policies-slc02.md;13-verification/acceptance/SLC-02/adapter-state-machine.md;13-verification/tooling/slice-sources.md"
"CMD-ADP-RETIRE","8","yes","03-domain/contexts/BC07/commands-slc02.md;03-domain/contexts/BC07/events-slc02.md;03-domain/contexts/BC07/aggregates/AGG-ADAPTER.md;05-contracts/errors-slc02.md;05-contracts/openapi-integration-slc02.md;08-security/policies-slc02.md;13-verification/acceptance/SLC-02/adapter-state-machine.md;13-verification/tooling/slice-sources.md"
"CMD-ADP-SUSPEND","8","yes","03-domain/contexts/BC07/commands-slc02.md;03-domain/contexts/BC07/events-slc02.md;03-domain/contexts/BC07/aggregates/AGG-ADAPTER.md;05-contracts/errors-slc02.md;05-contracts/openapi-integration-slc02.md;08-security/policies-slc02.md;13-verification/acceptance/SLC-02/adapter-state-machine.md;13-verification/tooling/slice-sources.md"
"CMD-ADP-UPDATE-MAPPING","8","yes","03-domain/contexts/BC07/commands-slc02.md;03-domain/contexts/BC07/events-slc02.md;03-domain/contexts/BC07/aggregates/AGG-ADAPTER.md;05-contracts/errors-slc02.md;05-contracts/openapi-integration-slc02.md;08-security/policies-slc02.md;13-verification/acceptance/SLC-02/adapter-state-machine.md;13-verification/tooling/slice-sources.md"
"CMD-AIR-CANCEL","8","yes","03-domain/contexts/BC07/commands-slc10.md;03-domain/contexts/BC07/events-slc10.md;03-domain/contexts/BC07/aggregates/AGG-AI-REQUEST.md;05-contracts/errors-slc10.md;05-contracts/openapi-ai-slc10.md;08-security/policies-slc10.md;13-verification/acceptance/SLC-10/ai-request-state-machine.md;13-verification/tooling/slice-sources.md"
"CMD-AIRS-ACCEPT","8","yes","03-domain/contexts/BC07/commands-slc10.md;03-domain/contexts/BC07/events-slc10.md;03-domain/contexts/BC07/aggregates/AGG-AI-RESULT.md;05-contracts/errors-slc10.md;05-contracts/openapi-ai-slc10.md;08-security/policies-slc10.md;13-verification/acceptance/SLC-10/ai-result-state-machine.md;13-verification/tooling/slice-sources.md"
"CMD-AIRS-ACCEPT-PARTIALLY","8","yes","03-domain/contexts/BC07/commands-slc10.md;03-domain/contexts/BC07/events-slc10.md;03-domain/contexts/BC07/aggregates/AGG-AI-RESULT.md;05-contracts/errors-slc10.md;05-contracts/openapi-ai-slc10.md;08-security/policies-slc10.md;13-verification/acceptance/SLC-10/ai-result-state-machine.md;13-verification/tooling/slice-sources.md"
"CMD-AIRS-REJECT","8","yes","03-domain/contexts/BC07/commands-slc10.md;03-domain/contexts/BC07/events-slc10.md;03-domain/contexts/BC07/aggregates/AGG-AI-RESULT.md;05-contracts/errors-slc10.md;05-contracts/openapi-ai-slc10.md;08-security/policies-slc10.md;13-verification/acceptance/SLC-10/ai-result-state-machine.md;13-verification/tooling/slice-sources.md"
"CMD-AIRS-START-REVIEW","8","yes","03-domain/contexts/BC07/commands-slc10.md;03-domain/contexts/BC07/events-slc10.md;03-domain/contexts/BC07/aggregates/AGG-AI-RESULT.md;05-contracts/errors-slc10.md;05-contracts/openapi-ai-slc10.md;08-security/policies-slc10.md;13-verification/acceptance/SLC-10/ai-result-state-machine.md;13-verification/tooling/slice-sources.md"
"CMD-AIR-SUBMIT","8","yes","03-domain/contexts/BC07/commands-slc10.md;03-domain/contexts/BC07/events-slc10.md;03-domain/contexts/BC07/aggregates/AGG-AI-REQUEST.md;05-contracts/errors-slc10.md;05-contracts/openapi-ai-slc10.md;08-security/policies-slc10.md;13-verification/acceptance/SLC-10/ai-request-state-machine.md;13-verification/tooling/slice-sources.md"
"CMD-ALC-APPROVE","8","yes","03-domain/contexts/BC05/commands-slc09.md;03-domain/contexts/BC05/events-slc09.md;03-domain/contexts/BC05/aggregates/AGG-ALLOCATION.md;05-contracts/errors-slc09.md;05-contracts/openapi-readiness-slc09.md;08-security/policies-slc09.md;13-verification/acceptance/SLC-09/allocation-state-machine.md;13-verification/tooling/slice-sources.md"
"CMD-ALC-PREEMPT","10","yes","03-domain/contexts/BC05/allocation-readiness-spec.md;03-domain/contexts/BC05/commands-slc09.md;03-domain/contexts/BC05/events-slc09.md;03-domain/contexts/BC05/aggregates/AGG-ALLOCATION.md;05-contracts/errors-slc09.md;05-contracts/openapi-readiness-slc09.md;08-security/policies-slc09.md;09-reliability/fmea-slc18.md;13-verification/acceptance/SLC-09/allocation-state-machine.md;13-verification/tooling/slice-sources.md"
"CMD-ALC-RECORD-CONSUMPTION","12","yes","02-requirements/requirements.md;03-domain/contexts/BC05/commands-slc09.md;03-domain/contexts/BC05/events-slc09.md;03-domain/contexts/BC05/aggregates/AGG-ALLOCATION.md;03-domain/contexts/BC05/aggregates/AGG-LOGISTICS-REQUEST.md;05-contracts/errors-slc09.md;05-contracts/openapi-readiness-slc09.md;08-security/policies-slc09.md;13-verification/invariant-properties-slc18.md;13-verification/acceptance/SLC-09/allocation-state-machine.md;13-verification/acceptance/SLC-18/invariants-slc18.md;13-verification/tooling/slice-sources.md"
"CMD-ALC-REJECT","8","yes","03-domain/contexts/BC05/commands-slc09.md;03-domain/contexts/BC05/events-slc09.md;03-domain/contexts/BC05/aggregates/AGG-ALLOCATION.md;05-contracts/errors-slc09.md;05-contracts/openapi-readiness-slc09.md;08-security/policies-slc09.md;13-verification/acceptance/SLC-09/allocation-state-machine.md;13-verification/tooling/slice-sources.md"
"CMD-ALC-RELEASE","11","yes","03-domain/contexts/BC05/commands-slc09.md;03-domain/contexts/BC05/commands-slc18.md;03-domain/contexts/BC05/events-slc09.md;03-domain/contexts/BC05/aggregates/AGG-ALLOCATION.md;03-domain/contexts/BC05/aggregates/AGG-LOGISTICS-REQUEST.md;05-contracts/errors-slc09.md;05-contracts/openapi-readiness-slc09.md;08-security/policies-slc09.md;13-verification/acceptance/SLC-09/allocation-state-machine.md;13-verification/acceptance/SLC-18/invariants-slc18.md;13-verification/tooling/slice-sources.md"
"CMD-ALC-REQUEST","15","yes","00-governance/registers/corrections.md;03-domain/contexts/BC05/commands-slc09.md;03-domain/contexts/BC05/commands-slc18.md;03-domain/contexts/BC05/events-slc09.md;03-domain/contexts/BC05/logistics-spec.md;03-domain/contexts/BC05/training-exercise-spec.md;03-domain/contexts/BC05/aggregates/AGG-ALLOCATION.md;03-domain/contexts/BC05/aggregates/AGG-LOGISTICS-REQUEST.md;05-contracts/errors-slc09.md;05-contracts/openapi-readiness-slc09.md;08-security/policies-slc09.md;13-verification/acceptance/SLC-09/allocation-state-machine.md;13-verification/tooling/slice-sources.md;14-slices/SLC-18/readiness.md;16-reports/SESSION-W4-W7-SLC18.md"
"CMD-ALR-ACKNOWLEDGE","8","yes","03-domain/contexts/BC03/commands-slc06.md;03-domain/contexts/BC03/events-slc06.md;03-domain/contexts/BC03/aggregates/AGG-ALERT.md;05-contracts/errors-slc06.md;05-contracts/openapi-intelligence-slc06.md;08-security/policies-slc06.md;13-verification/acceptance/SLC-06/alert-state-machine.md;13-verification/tooling/slice-sources.md"
"CMD-ALR-DISMISS","8","yes","03-domain/contexts/BC03/commands-slc06.md;03-domain/contexts/BC03/events-slc06.md;03-domain/contexts/BC03/aggregates/AGG-ALERT.md;05-contracts/errors-slc06.md;05-contracts/openapi-intelligence-slc06.md;08-security/policies-slc06.md;13-verification/acceptance/SLC-06/alert-state-machine.md;13-verification/tooling/slice-sources.md"
"CMD-ALR-RESOLVE","8","yes","03-domain/contexts/BC03/commands-slc06.md;03-domain/contexts/BC03/events-slc06.md;03-domain/contexts/BC03/aggregates/AGG-ALERT.md;05-contracts/errors-slc06.md;05-contracts/openapi-intelligence-slc06.md;08-security/policies-slc06.md;13-verification/acceptance/SLC-06/alert-state-machine.md;13-verification/tooling/slice-sources.md"
"CMD-AMT-ACTIVATE","8","yes","03-domain/contexts/BC03/commands-slc07.md;03-domain/contexts/BC03/events-slc07.md;03-domain/contexts/BC03/aggregates/AGG-ANALYSIS-METHOD.md;05-contracts/errors-slc07.md;05-contracts/openapi-intelligence-slc07.md;08-security/policies-slc07.md;13-verification/acceptance/SLC-07/analysis-method-state-machine.md;13-verification/tooling/slice-sources.md"
"CMD-AMT-DEPRECATE","8","yes","03-domain/contexts/BC03/commands-slc07.md;03-domain/contexts/BC03/events-slc07.md;03-domain/contexts/BC03/aggregates/AGG-ANALYSIS-METHOD.md;05-contracts/errors-slc07.md;05-contracts/openapi-intelligence-slc07.md;08-security/policies-slc07.md;13-verification/acceptance/SLC-07/analysis-method-state-machine.md;13-verification/tooling/slice-sources.md"
"CMD-AMT-REGISTER","8","yes","03-domain/contexts/BC03/commands-slc07.md;03-domain/contexts/BC03/events-slc07.md;03-domain/contexts/BC03/aggregates/AGG-ANALYSIS-METHOD.md;05-contracts/errors-slc07.md;05-contracts/openapi-intelligence-slc07.md;08-security/policies-slc07.md;13-verification/acceptance/SLC-07/analysis-method-state-machine.md;13-verification/tooling/slice-sources.md"
"CMD-AMT-RETIRE","8","yes","03-domain/contexts/BC03/commands-slc07.md;03-domain/contexts/BC03/events-slc07.md;03-domain/contexts/BC03/aggregates/AGG-ANALYSIS-METHOD.md;05-contracts/errors-slc07.md;05-contracts/openapi-intelligence-slc07.md;08-security/policies-slc07.md;13-verification/acceptance/SLC-07/analysis-method-state-machine.md;13-verification/tooling/slice-sources.md"
"CMD-ARC-MIGRATE-FORMAT","8","yes","03-domain/contexts/BC06/commands-slc12.md;03-domain/contexts/BC06/events-slc12.md;03-domain/contexts/BC06/aggregates/AGG-ARCHIVE-PACKAGE.md;05-contracts/errors-slc12.md;05-contracts/openapi-knowledge-slc12.md;08-security/policies-slc12.md;13-verification/acceptance/SLC-12/archive-package-state-machine.md;13-verification/tooling/slice-sources.md"
"CMD-ARC-REPAIR","8","yes","03-domain/contexts/BC06/commands-slc12.md;03-domain/contexts/BC06/events-slc12.md;03-domain/contexts/BC06/aggregates/AGG-ARCHIVE-PACKAGE.md;05-contracts/errors-slc12.md;05-contracts/openapi-knowledge-slc12.md;08-security/policies-slc12.md;13-verification/acceptance/SLC-12/archive-package-state-machine.md;13-verification/tooling/slice-sources.md"
"CMD-ARC-RETRY-INGEST","8","yes","03-domain/contexts/BC06/commands-slc12.md;03-domain/contexts/BC06/events-slc12.md;03-domain/contexts/BC06/aggregates/AGG-ARCHIVE-PACKAGE.md;05-contracts/errors-slc12.md;05-contracts/openapi-knowledge-slc12.md;08-security/policies-slc12.md;13-verification/acceptance/SLC-12/archive-package-state-machine.md;13-verification/tooling/slice-sources.md"
"CMD-ARC-TRANSFER","8","yes","03-domain/contexts/BC06/commands-slc12.md;03-domain/contexts/BC06/events-slc12.md;03-domain/contexts/BC06/aggregates/AGG-ARCHIVE-PACKAGE.md;05-contracts/errors-slc12.md;05-contracts/openapi-knowledge-slc12.md;08-security/policies-slc12.md;13-verification/acceptance/SLC-12/archive-package-state-machine.md;13-verification/tooling/slice-sources.md"
"CMD-ARL-ACTIVATE","8","yes","03-domain/contexts/BC03/commands-slc06.md;03-domain/contexts/BC03/events-slc06.md;03-domain/contexts/BC03/aggregates/AGG-ALERT-RULE.md;05-contracts/errors-slc06.md;05-contracts/openapi-intelligence-slc06.md;08-security/policies-slc06.md;13-verification/acceptance/SLC-06/alert-rule-state-machine.md;13-verification/tooling/slice-sources.md"
"CMD-ARL-DEFINE","8","yes","03-domain/contexts/BC03/commands-slc06.md;03-domain/contexts/BC03/events-slc06.md;03-domain/contexts/BC03/aggregates/AGG-ALERT-RULE.md;05-contracts/errors-slc06.md;05-contracts/openapi-intelligence-slc06.md;08-security/policies-slc06.md;13-verification/acceptance/SLC-06/alert-rule-state-machine.md;13-verification/tooling/slice-sources.md"
"CMD-ARL-DISABLE","8","yes","03-domain/contexts/BC03/commands-slc06.md;03-domain/contexts/BC03/events-slc06.md;03-domain/contexts/BC03/aggregates/AGG-ALERT-RULE.md;05-contracts/errors-slc06.md;05-contracts/openapi-intelligence-slc06.md;08-security/policies-slc06.md;13-verification/acceptance/SLC-06/alert-rule-state-machine.md;13-verification/tooling/slice-sources.md"
"CMD-ARL-EDIT","9","yes","03-domain/contexts/BC03/commands-slc06.md;03-domain/contexts/BC03/events-slc06.md;03-domain/contexts/BC03/aggregates/AGG-ALERT-RULE.md;05-contracts/errors-slc06.md;05-contracts/openapi-intelligence-slc06.md;08-security/policies-slc06.md;13-verification/acceptance/SLC-06/alert-rule-state-machine.md;13-verification/acceptance/SLC-06/invariants-slc06.md;13-verification/tooling/slice-sources.md"
"CMD-ARL-ENABLE","8","yes","03-domain/contexts/BC03/commands-slc06.md;03-domain/contexts/BC03/events-slc06.md;03-domain/contexts/BC03/aggregates/AGG-ALERT-RULE.md;05-contracts/errors-slc06.md;05-contracts/openapi-intelligence-slc06.md;08-security/policies-slc06.md;13-verification/acceptance/SLC-06/alert-rule-state-machine.md;13-verification/tooling/slice-sources.md"
"CMD-ARL-RETIRE","8","yes","03-domain/contexts/BC03/commands-slc06.md;03-domain/contexts/BC03/events-slc06.md;03-domain/contexts/BC03/aggregates/AGG-ALERT-RULE.md;05-contracts/errors-slc06.md;05-contracts/openapi-intelligence-slc06.md;08-security/policies-slc06.md;13-verification/acceptance/SLC-06/alert-rule-state-machine.md;13-verification/tooling/slice-sources.md"
"CMD-ASG-ASSIGN","8","yes","03-domain/contexts/BC05/commands-slc09.md;03-domain/contexts/BC05/events-slc09.md;03-domain/contexts/BC05/aggregates/AGG-ASSET-ASSIGNMENT.md;05-contracts/errors-slc09.md;05-contracts/openapi-readiness-slc09.md;08-security/policies-slc09.md;13-verification/acceptance/SLC-09/asset-assignment-state-machine.md;13-verification/tooling/slice-sources.md"
"CMD-ASG-CANCEL","8","yes","03-domain/contexts/BC05/commands-slc09.md;03-domain/contexts/BC05/events-slc09.md;03-domain/contexts/BC05/aggregates/AGG-ASSET-ASSIGNMENT.md;05-contracts/errors-slc09.md;05-contracts/openapi-readiness-slc09.md;08-security/policies-slc09.md;13-verification/acceptance/SLC-09/asset-assignment-state-machine.md;13-verification/tooling/slice-sources.md"
"CMD-ASG-RETURN","8","yes","03-domain/contexts/BC05/commands-slc09.md;03-domain/contexts/BC05/events-slc09.md;03-domain/contexts/BC05/aggregates/AGG-ASSET-ASSIGNMENT.md;05-contracts/errors-slc09.md;05-contracts/openapi-readiness-slc09.md;08-security/policies-slc09.md;13-verification/acceptance/SLC-09/asset-assignment-state-machine.md;13-verification/tooling/slice-sources.md"
"CMD-ASM-DISCARD","8","yes","03-domain/contexts/BC03/commands-slc07.md;03-domain/contexts/BC03/events-slc07.md;03-domain/contexts/BC03/aggregates/AGG-ASSESSMENT.md;05-contracts/errors-slc07.md;05-contracts/openapi-intelligence-slc07.md;08-security/policies-slc07.md;13-verification/acceptance/SLC-07/assessment-state-machine.md;13-verification/tooling/slice-sources.md"
"CMD-ASM-DRAFT","8","yes","03-domain/contexts/BC03/commands-slc07.md;03-domain/contexts/BC03/events-slc07.md;03-domain/contexts/BC03/aggregates/AGG-ASSESSMENT.md;05-contracts/errors-slc07.md;05-contracts/openapi-intelligence-slc07.md;08-security/policies-slc07.md;13-verification/acceptance/SLC-07/assessment-state-machine.md;13-verification/tooling/slice-sources.md"
"CMD-ASM-EDIT","8","yes","03-domain/contexts/BC03/commands-slc07.md;03-domain/contexts/BC03/events-slc07.md;03-domain/contexts/BC03/aggregates/AGG-ASSESSMENT.md;05-contracts/errors-slc07.md;05-contracts/openapi-intelligence-slc07.md;08-security/policies-slc07.md;13-verification/acceptance/SLC-07/assessment-state-machine.md;13-verification/tooling/slice-sources.md"
"CMD-ASM-PUBLISH","8","yes","03-domain/contexts/BC03/commands-slc07.md;03-domain/contexts/BC03/events-slc07.md;03-domain/contexts/BC03/aggregates/AGG-ASSESSMENT.md;05-contracts/errors-slc07.md;05-contracts/openapi-intelligence-slc07.md;08-security/policies-slc07.md;13-verification/acceptance/SLC-07/assessment-state-machine.md;13-verification/tooling/slice-sources.md"
"CMD-ASM-RETURN","8","yes","03-domain/contexts/BC03/commands-slc07.md;03-domain/contexts/BC03/events-slc07.md;03-domain/contexts/BC03/aggregates/AGG-ASSESSMENT.md;05-contracts/errors-slc07.md;05-contracts/openapi-intelligence-slc07.md;08-security/policies-slc07.md;13-verification/acceptance/SLC-07/assessment-state-machine.md;13-verification/tooling/slice-sources.md"
"CMD-ASM-SUBMIT","8","yes","03-domain/contexts/BC03/commands-slc07.md;03-domain/contexts/BC03/events-slc07.md;03-domain/contexts/BC03/aggregates/AGG-ASSESSMENT.md;05-contracts/errors-slc07.md;05-contracts/openapi-intelligence-slc07.md;08-security/policies-slc07.md;13-verification/acceptance/SLC-07/assessment-state-machine.md;13-verification/tooling/slice-sources.md"
"CMD-ASM-WIT","1","no","05-contracts/errors-slc07.md"
"CMD-ASM-WITHDRAW","8","yes","03-domain/contexts/BC03/commands-slc07.md;03-domain/contexts/BC03/events-slc07.md;03-domain/contexts/BC03/aggregates/AGG-ASSESSMENT.md;05-contracts/errors-slc07.md;05-contracts/openapi-intelligence-slc07.md;08-security/policies-slc07.md;13-verification/acceptance/SLC-07/assessment-state-machine.md;13-verification/tooling/slice-sources.md"
"CMD-AST-DISPOSE","8","yes","03-domain/contexts/BC05/commands-slc09.md;03-domain/contexts/BC05/events-slc09.md;03-domain/contexts/BC05/aggregates/AGG-ASSET.md;05-contracts/errors-slc09.md;05-contracts/openapi-readiness-slc09.md;08-security/policies-slc09.md;13-verification/acceptance/SLC-09/asset-state-machine.md;13-verification/tooling/slice-sources.md"
"CMD-AST-FAIL-MAINTENANCE","8","yes","03-domain/contexts/BC05/commands-slc09.md;03-domain/contexts/BC05/events-slc09.md;03-domain/contexts/BC05/aggregates/AGG-ASSET.md;05-contracts/errors-slc09.md;05-contracts/openapi-readiness-slc09.md;08-security/policies-slc09.md;13-verification/acceptance/SLC-09/asset-state-machine.md;13-verification/tooling/slice-sources.md"
"CMD-AST-MARK-UNSERVICEABLE","8","yes","03-domain/contexts/BC05/commands-slc09.md;03-domain/contexts/BC05/events-slc09.md;03-domain/contexts/BC05/aggregates/AGG-ASSET.md;05-contracts/errors-slc09.md;05-contracts/openapi-readiness-slc09.md;08-security/policies-slc09.md;13-verification/acceptance/SLC-09/asset-state-machine.md;13-verification/tooling/slice-sources.md"
"CMD-AST-RECLASSIFY","8","yes","03-domain/contexts/BC05/commands-slc09.md;03-domain/contexts/BC05/events-slc09.md;03-domain/contexts/BC05/aggregates/AGG-ASSET.md;05-contracts/errors-slc09.md;05-contracts/openapi-readiness-slc09.md;08-security/policies-slc09.md;13-verification/acceptance/SLC-09/asset-state-machine.md;13-verification/tooling/slice-sources.md"
"CMD-AST-RECOVER","8","yes","03-domain/contexts/BC05/commands-slc09.md;03-domain/contexts/BC05/events-slc09.md;03-domain/contexts/BC05/aggregates/AGG-ASSET.md;05-contracts/errors-slc09.md;05-contracts/openapi-readiness-slc09.md;08-security/policies-slc09.md;13-verification/acceptance/SLC-09/asset-state-machine.md;13-verification/tooling/slice-sources.md"
"CMD-AST-REGISTER","8","yes","03-domain/contexts/BC05/commands-slc09.md;03-domain/contexts/BC05/events-slc09.md;03-domain/contexts/BC05/aggregates/AGG-ASSET.md;05-contracts/errors-slc09.md;05-contracts/openapi-readiness-slc09.md;08-security/policies-slc09.md;13-verification/acceptance/SLC-09/asset-state-machine.md;13-verification/tooling/slice-sources.md"
"CMD-AST-REPORT-LOST","8","yes","03-domain/contexts/BC05/commands-slc09.md;03-domain/contexts/BC05/events-slc09.md;03-domain/contexts/BC05/aggregates/AGG-ASSET.md;05-contracts/errors-slc09.md;05-contracts/openapi-readiness-slc09.md;08-security/policies-slc09.md;13-verification/acceptance/SLC-09/asset-state-machine.md;13-verification/tooling/slice-sources.md"
"CMD-AST-RETURN-TO-SERVICE","8","yes","03-domain/contexts/BC05/commands-slc09.md;03-domain/contexts/BC05/events-slc09.md;03-domain/contexts/BC05/aggregates/AGG-ASSET.md;05-contracts/errors-slc09.md;05-contracts/openapi-readiness-slc09.md;08-security/policies-slc09.md;13-verification/acceptance/SLC-09/asset-state-machine.md;13-verification/tooling/slice-sources.md"
"CMD-AST-SET-CERTIFICATION","8","yes","03-domain/contexts/BC05/commands-slc09.md;03-domain/contexts/BC05/events-slc09.md;03-domain/contexts/BC05/aggregates/AGG-ASSET.md;05-contracts/errors-slc09.md;05-contracts/openapi-readiness-slc09.md;08-security/policies-slc09.md;13-verification/acceptance/SLC-09/asset-state-machine.md;13-verification/tooling/slice-sources.md"
"CMD-AST-START-MAINTENANCE","8","yes","03-domain/contexts/BC05/commands-slc09.md;03-domain/contexts/BC05/events-slc09.md;03-domain/contexts/BC05/aggregates/AGG-ASSET.md;05-contracts/errors-slc09.md;05-contracts/openapi-readiness-slc09.md;08-security/policies-slc09.md;13-verification/acceptance/SLC-09/asset-state-machine.md;13-verification/tooling/slice-sources.md"
"CMD-AST-TRANSFER-CUSTODY","8","yes","03-domain/contexts/BC05/commands-slc09.md;03-domain/contexts/BC05/events-slc09.md;03-domain/contexts/BC05/aggregates/AGG-ASSET.md;05-contracts/errors-slc09.md;05-contracts/openapi-readiness-slc09.md;08-security/policies-slc09.md;13-verification/acceptance/SLC-09/asset-state-machine.md;13-verification/tooling/slice-sources.md"
"CMD-AST-UPDATE-CONDITION","8","yes","03-domain/contexts/BC05/commands-slc09.md;03-domain/contexts/BC05/events-slc09.md;03-domain/contexts/BC05/aggregates/AGG-ASSET.md;05-contracts/errors-slc09.md;05-contracts/openapi-readiness-slc09.md;08-security/policies-slc09.md;13-verification/acceptance/SLC-09/asset-state-machine.md;13-verification/tooling/slice-sources.md"
"CMD-ATT-COMPLETE-UPLOAD","10","yes","03-domain/contexts/BC02/commands-slc02.md;03-domain/contexts/BC02/events-slc02.md;03-domain/contexts/BC02/aggregates/AGG-ATTACHMENT.md;05-contracts/errors-slc02.md;05-contracts/openapi-field-slc11.md;05-contracts/openapi-information-slc02.md;08-security/policies-slc02.md;13-verification/acceptance/SLC-02/attachment-state-machine.md;13-verification/acceptance/SLC-02/invariants-slc02.md;13-verification/tooling/slice-sources.md"
"CMD-ATT-ERASE","9","yes","03-domain/contexts/BC02/commands-slc02.md;03-domain/contexts/BC02/events-slc02.md;03-domain/contexts/BC02/aggregates/AGG-ATTACHMENT.md;05-contracts/errors-slc02.md;05-contracts/openapi-information-slc02.md;08-security/policies-slc02.md;13-verification/acceptance/SLC-02/attachment-state-machine.md;13-verification/acceptance/SLC-12a/invariants-slc12a.md;13-verification/tooling/slice-sources.md"
"CMD-ATT-INI","1","no","05-contracts/errors-slc02.md"
"CMD-ATT-INITIATE-UPLOAD","9","yes","03-domain/contexts/BC02/commands-slc02.md;03-domain/contexts/BC02/events-slc02.md;03-domain/contexts/BC02/aggregates/AGG-ATTACHMENT.md;05-contracts/errors-slc02.md;05-contracts/openapi-field-slc11.md;05-contracts/openapi-information-slc02.md;08-security/policies-slc02.md;13-verification/acceptance/SLC-02/attachment-state-machine.md;13-verification/tooling/slice-sources.md"
"CMD-AUT-APPROVE-GRANT","8","yes","03-domain/contexts/BC01/commands-slc01.md;03-domain/contexts/BC01/events-slc01.md;03-domain/contexts/BC01/aggregates/AGG-AUTHORITY-GRANT.md;05-contracts/errors-slc01.md;05-contracts/openapi-foundation-slc01.md;08-security/policies-slc01.md;13-verification/acceptance/SLC-01/authority-grant-state-machine.md;13-verification/tooling/slice-sources.md"
"CMD-AUT-DELEGATE","9","yes","03-domain/contexts/BC01/commands-slc01.md;03-domain/contexts/BC01/events-slc01.md;03-domain/contexts/BC01/aggregates/AGG-AUTHORITY-GRANT.md;05-contracts/errors-slc01.md;05-contracts/openapi-foundation-slc01.md;08-security/policies-slc01.md;13-verification/acceptance/SLC-01/authority-grant-state-machine.md;13-verification/tooling/slice-sources.md;13-verification/tooling/spec-tooling.md"
"CMD-AUT-GRANT","8","yes","03-domain/contexts/BC01/commands-slc01.md;03-domain/contexts/BC01/events-slc01.md;03-domain/contexts/BC01/aggregates/AGG-AUTHORITY-GRANT.md;05-contracts/errors-slc01.md;05-contracts/openapi-foundation-slc01.md;08-security/policies-slc01.md;13-verification/acceptance/SLC-01/authority-grant-state-machine.md;13-verification/tooling/slice-sources.md"
"CMD-AUT-REJECT-GRANT","8","yes","03-domain/contexts/BC01/commands-slc01.md;03-domain/contexts/BC01/events-slc01.md;03-domain/contexts/BC01/aggregates/AGG-AUTHORITY-GRANT.md;05-contracts/errors-slc01.md;05-contracts/openapi-foundation-slc01.md;08-security/policies-slc01.md;13-verification/acceptance/SLC-01/authority-grant-state-machine.md;13-verification/tooling/slice-sources.md"
"CMD-AUT-RESUME","8","yes","03-domain/contexts/BC01/commands-slc01.md;03-domain/contexts/BC01/events-slc01.md;03-domain/contexts/BC01/aggregates/AGG-AUTHORITY-GRANT.md;05-contracts/errors-slc01.md;05-contracts/openapi-foundation-slc01.md;08-security/policies-slc01.md;13-verification/acceptance/SLC-01/authority-grant-state-machine.md;13-verification/tooling/slice-sources.md"
"CMD-AUT-REVOKE","8","yes","03-domain/contexts/BC01/commands-slc01.md;03-domain/contexts/BC01/events-slc01.md;03-domain/contexts/BC01/aggregates/AGG-AUTHORITY-GRANT.md;05-contracts/errors-slc01.md;05-contracts/openapi-foundation-slc01.md;08-security/policies-slc01.md;13-verification/acceptance/SLC-01/authority-grant-state-machine.md;13-verification/tooling/slice-sources.md"
"CMD-AUT-SUSPEND","8","yes","03-domain/contexts/BC01/commands-slc01.md;03-domain/contexts/BC01/events-slc01.md;03-domain/contexts/BC01/aggregates/AGG-AUTHORITY-GRANT.md;05-contracts/errors-slc01.md;05-contracts/openapi-foundation-slc01.md;08-security/policies-slc01.md;13-verification/acceptance/SLC-01/authority-grant-state-machine.md;13-verification/tooling/slice-sources.md"
"CMD-CAP-CANCEL","8","yes","03-domain/contexts/BC03/commands-slc16.md;03-domain/contexts/BC03/events-slc16.md;03-domain/contexts/BC03/aggregates/AGG-CAP-MESSAGE.md;05-contracts/errors-slc16.md;05-contracts/openapi-intelligence-slc16.md;08-security/policies-slc16.md;13-verification/acceptance/SLC-16/cap-message-state-machine.md;13-verification/tooling/slice-sources.md"
"CMD-CAP-PREPARE","8","yes","03-domain/contexts/BC03/commands-slc16.md;03-domain/contexts/BC03/events-slc16.md;03-domain/contexts/BC03/aggregates/AGG-CAP-MESSAGE.md;05-contracts/errors-slc16.md;05-contracts/openapi-intelligence-slc16.md;08-security/policies-slc16.md;13-verification/acceptance/SLC-16/cap-message-state-machine.md;13-verification/tooling/slice-sources.md"
"CMD-CAP-RELEASE","8","yes","03-domain/contexts/BC03/commands-slc16.md;03-domain/contexts/BC03/events-slc16.md;03-domain/contexts/BC03/aggregates/AGG-CAP-MESSAGE.md;05-contracts/errors-slc16.md;05-contracts/openapi-intelligence-slc16.md;08-security/policies-slc16.md;13-verification/acceptance/SLC-16/cap-message-state-machine.md;13-verification/tooling/slice-sources.md"
"CMD-CAP-RETRY","8","yes","03-domain/contexts/BC03/commands-slc16.md;03-domain/contexts/BC03/events-slc16.md;03-domain/contexts/BC03/aggregates/AGG-CAP-MESSAGE.md;05-contracts/errors-slc16.md;05-contracts/openapi-intelligence-slc16.md;08-security/policies-slc16.md;13-verification/acceptance/SLC-16/cap-message-state-machine.md;13-verification/tooling/slice-sources.md"
"CMD-CAT","1","no","13-verification/tooling/spec-tooling.md"
"CMD-CAT-BC01-SLC01","1","yes","03-domain/contexts/BC01/commands-slc01.md"
"CMD-CAT-BC01-SLC11","1","yes","03-domain/contexts/BC01/commands-slc11.md"
"CMD-CAT-BC01-SLC16","1","yes","03-domain/contexts/BC01/commands-slc16.md"
"CMD-CAT-BC02-SLC02","1","yes","03-domain/contexts/BC02/commands-slc02.md"
"CMD-CAT-BC02-SLC04","1","yes","03-domain/contexts/BC02/commands-slc04.md"
"CMD-CAT-BC02-SLC14","1","yes","03-domain/contexts/BC02/commands-slc14.md"
"CMD-CAT-BC02-SLC15","1","yes","03-domain/contexts/BC02/commands-slc15.md"
"CMD-CAT-BC03-SLC06","1","yes","03-domain/contexts/BC03/commands-slc06.md"
"CMD-CAT-BC03-SLC07","1","yes","03-domain/contexts/BC03/commands-slc07.md"
"CMD-CAT-BC03-SLC16","1","yes","03-domain/contexts/BC03/commands-slc16.md"
"CMD-CAT-BC04-SLC03","1","yes","03-domain/contexts/BC04/commands-slc03.md"
"CMD-CAT-BC04-SLC06","1","yes","03-domain/contexts/BC04/commands-slc06.md"
"CMD-CAT-BC04-SLC08","1","yes","03-domain/contexts/BC04/commands-slc08.md"
"CMD-CAT-BC04-SLC15","1","yes","03-domain/contexts/BC04/commands-slc15.md"
"CMD-CAT-BC04-SLC17","1","yes","03-domain/contexts/BC04/commands-slc17.md"
"CMD-CAT-BC05-SLC03","1","yes","03-domain/contexts/BC05/commands-slc03.md"
"CMD-CAT-BC05-SLC09","1","yes","03-domain/contexts/BC05/commands-slc09.md"
"CMD-CAT-BC05-SLC18","1","yes","03-domain/contexts/BC05/commands-slc18.md"
"CMD-CAT-BC05-SLC19","1","yes","03-domain/contexts/BC05/commands-slc19.md"
"CMD-CAT-BC06-SLC12","1","yes","03-domain/contexts/BC06/commands-slc12.md"
"CMD-CAT-BC07-SLC02","1","yes","03-domain/contexts/BC07/commands-slc02.md"
"CMD-CAT-BC07-SLC05","1","yes","03-domain/contexts/BC07/commands-slc05.md"
"CMD-CAT-BC07-SLC10","1","yes","03-domain/contexts/BC07/commands-slc10.md"
"CMD-CAT-BC07-SLC11","1","yes","03-domain/contexts/BC07/commands-slc11.md"
"CMD-CAT-BC07-SLC16","1","yes","03-domain/contexts/BC07/commands-slc16.md"
"CMD-CAT-BC08-SLC01","1","yes","03-domain/contexts/BC08/commands-slc01.md"
"CMD-CAT-BC08-SLC12A","1","yes","03-domain/contexts/BC08/commands-slc12a.md"
"CMD-CLM-ASSERT","12","yes","03-domain/contexts/BC02/commands-slc02.md;03-domain/contexts/BC02/events-slc02.md;03-domain/contexts/BC02/aggregates/AGG-CLAIM.md;03-domain/contexts/BC02/aggregates/AGG-ENTITY.md;03-domain/contexts/BC07/commands-slc10.md;03-domain/contexts/BC07/aggregates/AGG-AI-RESULT.md;05-contracts/errors-slc02.md;05-contracts/openapi-information-slc02.md;08-security/policies-slc02.md;13-verification/acceptance/SLC-02/claim-state-machine.md;13-verification/acceptance/SLC-02/invariants-slc02.md;13-verification/tooling/slice-sources.md"
"CMD-CLM-ASSESS","9","yes","03-domain/contexts/BC02/commands-slc02.md;03-domain/contexts/BC02/events-slc02.md;03-domain/contexts/BC02/aggregates/AGG-CLAIM.md;05-contracts/asyncapi-slc02.md;05-contracts/errors-slc02.md;05-contracts/openapi-information-slc02.md;08-security/policies-slc02.md;13-verification/acceptance/SLC-02/claim-state-machine.md;13-verification/tooling/slice-sources.md"
"CMD-CLM-CORRECT","8","yes","03-domain/contexts/BC02/commands-slc02.md;03-domain/contexts/BC02/events-slc02.md;03-domain/contexts/BC02/aggregates/AGG-CLAIM.md;05-contracts/errors-slc02.md;05-contracts/openapi-information-slc02.md;08-security/policies-slc02.md;13-verification/acceptance/SLC-02/claim-state-machine.md;13-verification/tooling/slice-sources.md"
"CMD-CLM-RECLASSIFY","8","yes","03-domain/contexts/BC02/commands-slc02.md;03-domain/contexts/BC02/events-slc02.md;03-domain/contexts/BC02/aggregates/AGG-CLAIM.md;05-contracts/errors-slc02.md;05-contracts/openapi-information-slc02.md;08-security/policies-slc02.md;13-verification/acceptance/SLC-02/claim-state-machine.md;13-verification/tooling/slice-sources.md"
"CMD-CLM-RECORD-CHANGE","9","yes","03-domain/contexts/BC02/commands-slc02.md;03-domain/contexts/BC02/events-slc02.md;03-domain/contexts/BC02/aggregates/AGG-CLAIM.md;03-domain/contexts/BC02/aggregates/AGG-RELATIONSHIP.md;05-contracts/errors-slc02.md;05-contracts/openapi-information-slc02.md;08-security/policies-slc02.md;13-verification/acceptance/SLC-02/claim-state-machine.md;13-verification/tooling/slice-sources.md"
"CMD-CLM-RETRACT","8","yes","03-domain/contexts/BC02/commands-slc02.md;03-domain/contexts/BC02/events-slc02.md;03-domain/contexts/BC02/aggregates/AGG-CLAIM.md;05-contracts/errors-slc02.md;05-contracts/openapi-information-slc02.md;08-security/policies-slc02.md;13-verification/acceptance/SLC-02/claim-state-machine.md;13-verification/tooling/slice-sources.md"
"CMD-CLR-APPROVE","8","yes","03-domain/contexts/BC01/commands-slc01.md;03-domain/contexts/BC01/events-slc01.md;03-domain/contexts/BC01/aggregates/AGG-CLEARANCE.md;05-contracts/errors-slc01.md;05-contracts/openapi-foundation-slc01.md;08-security/policies-slc01.md;13-verification/acceptance/SLC-01/clearance-state-machine.md;13-verification/tooling/slice-sources.md"
"CMD-CLR-GRANT","9","yes","00-governance/registers/corrections.md;03-domain/contexts/BC01/commands-slc01.md;03-domain/contexts/BC01/events-slc01.md;03-domain/contexts/BC01/aggregates/AGG-CLEARANCE.md;05-contracts/errors-slc01.md;05-contracts/openapi-foundation-slc01.md;08-security/policies-slc01.md;13-verification/acceptance/SLC-01/clearance-state-machine.md;13-verification/tooling/slice-sources.md"
"CMD-CLR-MODIFY","8","yes","03-domain/contexts/BC01/commands-slc01.md;03-domain/contexts/BC01/events-slc01.md;03-domain/contexts/BC01/aggregates/AGG-CLEARANCE.md;05-contracts/errors-slc01.md;05-contracts/openapi-foundation-slc01.md;08-security/policies-slc01.md;13-verification/acceptance/SLC-01/clearance-state-machine.md;13-verification/tooling/slice-sources.md"
"CMD-CLR-REINSTATE","8","yes","03-domain/contexts/BC01/commands-slc01.md;03-domain/contexts/BC01/events-slc01.md;03-domain/contexts/BC01/aggregates/AGG-CLEARANCE.md;05-contracts/errors-slc01.md;05-contracts/openapi-foundation-slc01.md;08-security/policies-slc01.md;13-verification/acceptance/SLC-01/clearance-state-machine.md;13-verification/tooling/slice-sources.md"
"CMD-CLR-REVOKE","8","yes","03-domain/contexts/BC01/commands-slc01.md;03-domain/contexts/BC01/events-slc01.md;03-domain/contexts/BC01/aggregates/AGG-CLEARANCE.md;05-contracts/errors-slc01.md;05-contracts/openapi-foundation-slc01.md;08-security/policies-slc01.md;13-verification/acceptance/SLC-01/clearance-state-machine.md;13-verification/tooling/slice-sources.md"
"CMD-CLR-SUSPEND","8","yes","03-domain/contexts/BC01/commands-slc01.md;03-domain/contexts/BC01/events-slc01.md;03-domain/contexts/BC01/aggregates/AGG-CLEARANCE.md;05-contracts/errors-slc01.md;05-contracts/openapi-foundation-slc01.md;08-security/policies-slc01.md;13-verification/acceptance/SLC-01/clearance-state-machine.md;13-verification/tooling/slice-sources.md"
"CMD-CLS-ACTIVATE","8","yes","03-domain/contexts/BC08/commands-slc01.md;03-domain/contexts/BC08/events-slc01.md;03-domain/contexts/BC08/aggregates/AGG-CLASSIFICATION-SCHEME.md;05-contracts/errors-slc01.md;05-contracts/openapi-governance-slc01.md;08-security/policies-slc01.md;13-verification/acceptance/SLC-01/classification-scheme-state-machine.md;13-verification/tooling/slice-sources.md"
"CMD-CLS-DISCARD","8","yes","03-domain/contexts/BC08/commands-slc01.md;03-domain/contexts/BC08/events-slc01.md;03-domain/contexts/BC08/aggregates/AGG-CLASSIFICATION-SCHEME.md;05-contracts/errors-slc01.md;05-contracts/openapi-governance-slc01.md;08-security/policies-slc01.md;13-verification/acceptance/SLC-01/classification-scheme-state-machine.md;13-verification/tooling/slice-sources.md"
"CMD-CLS-DRAFT","8","yes","03-domain/contexts/BC08/commands-slc01.md;03-domain/contexts/BC08/events-slc01.md;03-domain/contexts/BC08/aggregates/AGG-CLASSIFICATION-SCHEME.md;05-contracts/errors-slc01.md;05-contracts/openapi-governance-slc01.md;08-security/policies-slc01.md;13-verification/acceptance/SLC-01/classification-scheme-state-machine.md;13-verification/tooling/slice-sources.md"
"CMD-CLS-EDIT","8","yes","03-domain/contexts/BC08/commands-slc01.md;03-domain/contexts/BC08/events-slc01.md;03-domain/contexts/BC08/aggregates/AGG-CLASSIFICATION-SCHEME.md;05-contracts/errors-slc01.md;05-contracts/openapi-governance-slc01.md;08-security/policies-slc01.md;13-verification/acceptance/SLC-01/classification-scheme-state-machine.md;13-verification/tooling/slice-sources.md"
"CMD-CNF-ACCEPT","8","yes","03-domain/contexts/BC02/commands-slc04.md;03-domain/contexts/BC02/events-slc04.md;03-domain/contexts/BC02/aggregates/AGG-CONFLICT.md;05-contracts/errors-slc04.md;05-contracts/openapi-information-slc04.md;08-security/policies-slc04.md;13-verification/acceptance/SLC-04/conflict-state-machine.md;13-verification/tooling/slice-sources.md"
"CMD-CNF-ASSIGN","8","yes","03-domain/contexts/BC02/commands-slc04.md;03-domain/contexts/BC02/events-slc04.md;03-domain/contexts/BC02/aggregates/AGG-CONFLICT.md;05-contracts/errors-slc04.md;05-contracts/openapi-information-slc04.md;08-security/policies-slc04.md;13-verification/acceptance/SLC-04/conflict-state-machine.md;13-verification/tooling/slice-sources.md"
"CMD-CNF-RAISE","8","yes","03-domain/contexts/BC02/commands-slc04.md;03-domain/contexts/BC02/events-slc04.md;03-domain/contexts/BC02/aggregates/AGG-CONFLICT.md;05-contracts/errors-slc04.md;05-contracts/openapi-information-slc04.md;08-security/policies-slc04.md;13-verification/acceptance/SLC-04/conflict-state-machine.md;13-verification/tooling/slice-sources.md"
"CMD-CNF-REOPEN","8","yes","03-domain/contexts/BC02/commands-slc04.md;03-domain/contexts/BC02/events-slc04.md;03-domain/contexts/BC02/aggregates/AGG-CONFLICT.md;05-contracts/errors-slc04.md;05-contracts/openapi-information-slc04.md;08-security/policies-slc04.md;13-verification/acceptance/SLC-04/conflict-state-machine.md;13-verification/tooling/slice-sources.md"
"CMD-CNF-RESOLVE","8","yes","03-domain/contexts/BC02/commands-slc04.md;03-domain/contexts/BC02/events-slc04.md;03-domain/contexts/BC02/aggregates/AGG-CONFLICT.md;05-contracts/errors-slc04.md;05-contracts/openapi-information-slc04.md;08-security/policies-slc04.md;13-verification/acceptance/SLC-04/conflict-state-machine.md;13-verification/tooling/slice-sources.md"
"CMD-CNF-START-REVIEW","8","yes","03-domain/contexts/BC02/commands-slc04.md;03-domain/contexts/BC02/events-slc04.md;03-domain/contexts/BC02/aggregates/AGG-CONFLICT.md;05-contracts/errors-slc04.md;05-contracts/openapi-information-slc04.md;08-security/policies-slc04.md;13-verification/acceptance/SLC-04/conflict-state-machine.md;13-verification/tooling/slice-sources.md"
"CMD-CON","1","no","05-contracts/errors-slc16.md"
"CMD-CON-ACTIVATE","8","yes","03-domain/contexts/BC07/commands-slc16.md;03-domain/contexts/BC07/events-slc16.md;03-domain/contexts/BC07/aggregates/AGG-INTEGRATION-CONNECTION.md;05-contracts/errors-slc16.md;05-contracts/openapi-integration-slc16.md;08-security/policies-slc16.md;13-verification/acceptance/SLC-16/integration-connection-state-machine.md;13-verification/tooling/slice-sources.md"
"CMD-CON-FAIL-TEST","8","yes","03-domain/contexts/BC07/commands-slc16.md;03-domain/contexts/BC07/events-slc16.md;03-domain/contexts/BC07/aggregates/AGG-INTEGRATION-CONNECTION.md;05-contracts/errors-slc16.md;05-contracts/openapi-integration-slc16.md;08-security/policies-slc16.md;13-verification/acceptance/SLC-16/integration-connection-state-machine.md;13-verification/tooling/slice-sources.md"
"CMD-CON-REGISTER","8","yes","03-domain/contexts/BC07/commands-slc16.md;03-domain/contexts/BC07/events-slc16.md;03-domain/contexts/BC07/aggregates/AGG-INTEGRATION-CONNECTION.md;05-contracts/errors-slc16.md;05-contracts/openapi-integration-slc16.md;08-security/policies-slc16.md;13-verification/acceptance/SLC-16/integration-connection-state-machine.md;13-verification/tooling/slice-sources.md"
"CMD-CON-RESUME","8","yes","03-domain/contexts/BC07/commands-slc16.md;03-domain/contexts/BC07/events-slc16.md;03-domain/contexts/BC07/aggregates/AGG-INTEGRATION-CONNECTION.md;05-contracts/errors-slc16.md;05-contracts/openapi-integration-slc16.md;08-security/policies-slc16.md;13-verification/acceptance/SLC-16/integration-connection-state-machine.md;13-verification/tooling/slice-sources.md"
"CMD-CON-RETIRE","8","yes","03-domain/contexts/BC07/commands-slc16.md;03-domain/contexts/BC07/events-slc16.md;03-domain/contexts/BC07/aggregates/AGG-INTEGRATION-CONNECTION.md;05-contracts/errors-slc16.md;05-contracts/openapi-integration-slc16.md;08-security/policies-slc16.md;13-verification/acceptance/SLC-16/integration-connection-state-machine.md;13-verification/tooling/slice-sources.md"
"CMD-CON-SUSPEND","8","yes","03-domain/contexts/BC07/commands-slc16.md;03-domain/contexts/BC07/events-slc16.md;03-domain/contexts/BC07/aggregates/AGG-INTEGRATION-CONNECTION.md;05-contracts/errors-slc16.md;05-contracts/openapi-integration-slc16.md;08-security/policies-slc16.md;13-verification/acceptance/SLC-16/integration-connection-state-machine.md;13-verification/tooling/slice-sources.md"
"CMD-CON-TEST","8","yes","03-domain/contexts/BC07/commands-slc16.md;03-domain/contexts/BC07/events-slc16.md;03-domain/contexts/BC07/aggregates/AGG-INTEGRATION-CONNECTION.md;05-contracts/errors-slc16.md;05-contracts/openapi-integration-slc16.md;08-security/policies-slc16.md;13-verification/acceptance/SLC-16/integration-connection-state-machine.md;13-verification/tooling/slice-sources.md"
"CMD-CPL-ACTIVATE","8","yes","03-domain/contexts/BC02/commands-slc14.md;03-domain/contexts/BC02/events-slc14.md;03-domain/contexts/BC02/aggregates/AGG-COLLECTION-PLAN.md;05-contracts/errors-slc14.md;05-contracts/openapi-information-slc14.md;08-security/policies-slc14.md;13-verification/acceptance/SLC-14/collection-plan-state-machine.md;13-verification/tooling/slice-sources.md"
"CMD-CPL-ADD-ACTIVITY","8","yes","03-domain/contexts/BC02/commands-slc14.md;03-domain/contexts/BC02/events-slc14.md;03-domain/contexts/BC02/aggregates/AGG-COLLECTION-PLAN.md;05-contracts/errors-slc14.md;05-contracts/openapi-information-slc14.md;08-security/policies-slc14.md;13-verification/acceptance/SLC-14/collection-plan-state-machine.md;13-verification/tooling/slice-sources.md"
"CMD-CPL-CANCEL","8","yes","03-domain/contexts/BC02/commands-slc14.md;03-domain/contexts/BC02/events-slc14.md;03-domain/contexts/BC02/aggregates/AGG-COLLECTION-PLAN.md;05-contracts/errors-slc14.md;05-contracts/openapi-information-slc14.md;08-security/policies-slc14.md;13-verification/acceptance/SLC-14/collection-plan-state-machine.md;13-verification/tooling/slice-sources.md"
"CMD-CPL-COMPLETE","8","yes","03-domain/contexts/BC02/commands-slc14.md;03-domain/contexts/BC02/events-slc14.md;03-domain/contexts/BC02/aggregates/AGG-COLLECTION-PLAN.md;05-contracts/errors-slc14.md;05-contracts/openapi-information-slc14.md;08-security/policies-slc14.md;13-verification/acceptance/SLC-14/collection-plan-state-machine.md;13-verification/tooling/slice-sources.md"
"CMD-CPL-CREATE","8","yes","03-domain/contexts/BC02/commands-slc14.md;03-domain/contexts/BC02/events-slc14.md;03-domain/contexts/BC02/aggregates/AGG-COLLECTION-PLAN.md;05-contracts/errors-slc14.md;05-contracts/openapi-information-slc14.md;08-security/policies-slc14.md;13-verification/acceptance/SLC-14/collection-plan-state-machine.md;13-verification/tooling/slice-sources.md"
"CMD-CPL-REMOVE-ACTIVITY","8","yes","03-domain/contexts/BC02/commands-slc14.md;03-domain/contexts/BC02/events-slc14.md;03-domain/contexts/BC02/aggregates/AGG-COLLECTION-PLAN.md;05-contracts/errors-slc14.md;05-contracts/openapi-information-slc14.md;08-security/policies-slc14.md;13-verification/acceptance/SLC-14/collection-plan-state-machine.md;13-verification/tooling/slice-sources.md"
"CMD-CRD-ACTIVATE","8","yes","03-domain/contexts/BC04/commands-slc15.md;03-domain/contexts/BC04/events-slc15.md;03-domain/contexts/BC04/aggregates/AGG-COORDINATION-CASE.md;05-contracts/errors-slc15.md;05-contracts/openapi-operations-slc15.md;08-security/policies-slc15.md;13-verification/acceptance/SLC-15/coordination-case-state-machine.md;13-verification/tooling/slice-sources.md"
"CMD-CRD-ADD-PARTICIPANT","8","yes","03-domain/contexts/BC04/commands-slc15.md;03-domain/contexts/BC04/events-slc15.md;03-domain/contexts/BC04/aggregates/AGG-COORDINATION-CASE.md;05-contracts/errors-slc15.md;05-contracts/openapi-operations-slc15.md;08-security/policies-slc15.md;13-verification/acceptance/SLC-15/coordination-case-state-machine.md;13-verification/tooling/slice-sources.md"
"CMD-CRD-ASSIGN-RESPONSIBILITY","8","yes","03-domain/contexts/BC04/commands-slc15.md;03-domain/contexts/BC04/events-slc15.md;03-domain/contexts/BC04/aggregates/AGG-COORDINATION-CASE.md;05-contracts/errors-slc15.md;05-contracts/openapi-operations-slc15.md;08-security/policies-slc15.md;13-verification/acceptance/SLC-15/coordination-case-state-machine.md;13-verification/tooling/slice-sources.md"
"CMD-CRD-CANCEL","8","yes","03-domain/contexts/BC04/commands-slc15.md;03-domain/contexts/BC04/events-slc15.md;03-domain/contexts/BC04/aggregates/AGG-COORDINATION-CASE.md;05-contracts/errors-slc15.md;05-contracts/openapi-operations-slc15.md;08-security/policies-slc15.md;13-verification/acceptance/SLC-15/coordination-case-state-machine.md;13-verification/tooling/slice-sources.md"
"CMD-CRD-CLOSE","8","yes","03-domain/contexts/BC04/commands-slc15.md;03-domain/contexts/BC04/events-slc15.md;03-domain/contexts/BC04/aggregates/AGG-COORDINATION-CASE.md;05-contracts/errors-slc15.md;05-contracts/openapi-operations-slc15.md;08-security/policies-slc15.md;13-verification/acceptance/SLC-15/coordination-case-state-machine.md;13-verification/tooling/slice-sources.md"
"CMD-CRD-OPEN","8","yes","03-domain/contexts/BC04/commands-slc15.md;03-domain/contexts/BC04/events-slc15.md;03-domain/contexts/BC04/aggregates/AGG-COORDINATION-CASE.md;05-contracts/errors-slc15.md;05-contracts/openapi-operations-slc15.md;08-security/policies-slc15.md;13-verification/acceptance/SLC-15/coordination-case-state-machine.md;13-verification/tooling/slice-sources.md"
"CMD-CRD-REMOVE-PARTICIPANT","8","yes","03-domain/contexts/BC04/commands-slc15.md;03-domain/contexts/BC04/events-slc15.md;03-domain/contexts/BC04/aggregates/AGG-COORDINATION-CASE.md;05-contracts/errors-slc15.md;05-contracts/openapi-operations-slc15.md;08-security/policies-slc15.md;13-verification/acceptance/SLC-15/coordination-case-state-machine.md;13-verification/tooling/slice-sources.md"
"CMD-CRD-REQUE","1","no","05-contracts/errors-slc15.md"
"CMD-CRD-REQUEST-DECISION","8","yes","03-domain/contexts/BC04/commands-slc15.md;03-domain/contexts/BC04/events-slc15.md;03-domain/contexts/BC04/aggregates/AGG-COORDINATION-CASE.md;05-contracts/errors-slc15.md;05-contracts/openapi-operations-slc15.md;08-security/policies-slc15.md;13-verification/acceptance/SLC-15/coordination-case-state-machine.md;13-verification/tooling/slice-sources.md"
"CMD-CRD-UPDATE-RESPONSIBILITY","8","yes","03-domain/contexts/BC04/commands-slc15.md;03-domain/contexts/BC04/events-slc15.md;03-domain/contexts/BC04/aggregates/AGG-COORDINATION-CASE.md;05-contracts/errors-slc15.md;05-contracts/openapi-operations-slc15.md;08-security/policies-slc15.md;13-verification/acceptance/SLC-15/coordination-case-state-machine.md;13-verification/tooling/slice-sources.md"
"CMD-CRP-ACCEPT","8","yes","03-domain/contexts/BC02/commands-slc15.md;03-domain/contexts/BC02/events-slc15.md;03-domain/contexts/BC02/aggregates/AGG-CORRELATION-PROPOSAL.md;05-contracts/errors-slc15.md;05-contracts/openapi-information-slc15.md;08-security/policies-slc15.md;13-verification/acceptance/SLC-15/correlation-proposal-state-machine.md;13-verification/tooling/slice-sources.md"
"CMD-CRP-PROPOSE","8","yes","03-domain/contexts/BC02/commands-slc15.md;03-domain/contexts/BC02/events-slc15.md;03-domain/contexts/BC02/aggregates/AGG-CORRELATION-PROPOSAL.md;05-contracts/errors-slc15.md;05-contracts/openapi-information-slc15.md;08-security/policies-slc15.md;13-verification/acceptance/SLC-15/correlation-proposal-state-machine.md;13-verification/tooling/slice-sources.md"
"CMD-CRP-REJECT","8","yes","03-domain/contexts/BC02/commands-slc15.md;03-domain/contexts/BC02/events-slc15.md;03-domain/contexts/BC02/aggregates/AGG-CORRELATION-PROPOSAL.md;05-contracts/errors-slc15.md;05-contracts/openapi-information-slc15.md;08-security/policies-slc15.md;13-verification/acceptance/SLC-15/correlation-proposal-state-machine.md;13-verification/tooling/slice-sources.md"
"CMD-CRP-START-REVIEW","8","yes","03-domain/contexts/BC02/commands-slc15.md;03-domain/contexts/BC02/events-slc15.md;03-domain/contexts/BC02/aggregates/AGG-CORRELATION-PROPOSAL.md;05-contracts/errors-slc15.md;05-contracts/openapi-information-slc15.md;08-security/policies-slc15.md;13-verification/acceptance/SLC-15/correlation-proposal-state-machine.md;13-verification/tooling/slice-sources.md"
"CMD-CRQ-AMEND","8","yes","03-domain/contexts/BC02/commands-slc14.md;03-domain/contexts/BC02/events-slc14.md;03-domain/contexts/BC02/aggregates/AGG-COLLECTION-REQUIREMENT.md;05-contracts/errors-slc14.md;05-contracts/openapi-information-slc14.md;08-security/policies-slc14.md;13-verification/acceptance/SLC-14/collection-requirement-state-machine.md;13-verification/tooling/slice-sources.md"
"CMD-CRQ-APPROVE","8","yes","03-domain/contexts/BC02/commands-slc14.md;03-domain/contexts/BC02/events-slc14.md;03-domain/contexts/BC02/aggregates/AGG-COLLECTION-REQUIREMENT.md;05-contracts/errors-slc14.md;05-contracts/openapi-information-slc14.md;08-security/policies-slc14.md;13-verification/acceptance/SLC-14/collection-requirement-state-machine.md;13-verification/tooling/slice-sources.md"
"CMD-CRQ-CANCE","1","no","05-contracts/errors-slc14.md"
"CMD-CRQ-CANCEL","8","yes","03-domain/contexts/BC02/commands-slc14.md;03-domain/contexts/BC02/events-slc14.md;03-domain/contexts/BC02/aggregates/AGG-COLLECTION-REQUIREMENT.md;05-contracts/errors-slc14.md;05-contracts/openapi-information-slc14.md;08-security/policies-slc14.md;13-verification/acceptance/SLC-14/collection-requirement-state-machine.md;13-verification/tooling/slice-sources.md"
"CMD-CRQ-DRAFT","8","yes","03-domain/contexts/BC02/commands-slc14.md;03-domain/contexts/BC02/events-slc14.md;03-domain/contexts/BC02/aggregates/AGG-COLLECTION-REQUIREMENT.md;05-contracts/errors-slc14.md;05-contracts/openapi-information-slc14.md;08-security/policies-slc14.md;13-verification/acceptance/SLC-14/collection-requirement-state-machine.md;13-verification/tooling/slice-sources.md"
"CMD-CRQ-EDIT","8","yes","03-domain/contexts/BC02/commands-slc14.md;03-domain/contexts/BC02/events-slc14.md;03-domain/contexts/BC02/aggregates/AGG-COLLECTION-REQUIREMENT.md;05-contracts/errors-slc14.md;05-contracts/openapi-information-slc14.md;08-security/policies-slc14.md;13-verification/acceptance/SLC-14/collection-requirement-state-machine.md;13-verification/tooling/slice-sources.md"
"CMD-CRQ-MARK-SATISFIED","9","yes","03-domain/contexts/BC02/commands-slc14.md;03-domain/contexts/BC02/events-slc14.md;03-domain/contexts/BC02/aggregates/AGG-COLLECTION-REQUIREMENT.md;05-contracts/errors-slc14.md;05-contracts/openapi-information-slc14.md;08-security/policies-slc14.md;13-verification/acceptance/SLC-14/collection-requirement-state-machine.md;13-verification/acceptance/SLC-14/invariants-slc14.md;13-verification/tooling/slice-sources.md"
"CMD-CRQ-REJECT","8","yes","03-domain/contexts/BC02/commands-slc14.md;03-domain/contexts/BC02/events-slc14.md;03-domain/contexts/BC02/aggregates/AGG-COLLECTION-REQUIREMENT.md;05-contracts/errors-slc14.md;05-contracts/openapi-information-slc14.md;08-security/policies-slc14.md;13-verification/acceptance/SLC-14/collection-requirement-state-machine.md;13-verification/tooling/slice-sources.md"
"CMD-CRQ-SUBMIT","8","yes","03-domain/contexts/BC02/commands-slc14.md;03-domain/contexts/BC02/events-slc14.md;03-domain/contexts/BC02/aggregates/AGG-COLLECTION-REQUIREMENT.md;05-contracts/errors-slc14.md;05-contracts/openapi-information-slc14.md;08-security/policies-slc14.md;13-verification/acceptance/SLC-14/collection-requirement-state-machine.md;13-verification/tooling/slice-sources.md"
"CMD-CRR-ACTIVATE","8","yes","03-domain/contexts/BC02/commands-slc15.md;03-domain/contexts/BC02/events-slc15.md;03-domain/contexts/BC02/aggregates/AGG-CORRELATION-RULE.md;05-contracts/errors-slc15.md;05-contracts/openapi-information-slc15.md;08-security/policies-slc15.md;13-verification/acceptance/SLC-15/correlation-rule-state-machine.md;13-verification/tooling/slice-sources.md"
"CMD-CRR-DEFINE","8","yes","03-domain/contexts/BC02/commands-slc15.md;03-domain/contexts/BC02/events-slc15.md;03-domain/contexts/BC02/aggregates/AGG-CORRELATION-RULE.md;05-contracts/errors-slc15.md;05-contracts/openapi-information-slc15.md;08-security/policies-slc15.md;13-verification/acceptance/SLC-15/correlation-rule-state-machine.md;13-verification/tooling/slice-sources.md"
"CMD-CRR-EDIT","8","yes","03-domain/contexts/BC02/commands-slc15.md;03-domain/contexts/BC02/events-slc15.md;03-domain/contexts/BC02/aggregates/AGG-CORRELATION-RULE.md;05-contracts/errors-slc15.md;05-contracts/openapi-information-slc15.md;08-security/policies-slc15.md;13-verification/acceptance/SLC-15/correlation-rule-state-machine.md;13-verification/tooling/slice-sources.md"
"CMD-CRR-RETIRE","8","yes","03-domain/contexts/BC02/commands-slc15.md;03-domain/contexts/BC02/events-slc15.md;03-domain/contexts/BC02/aggregates/AGG-CORRELATION-RULE.md;05-contracts/errors-slc15.md;05-contracts/openapi-information-slc15.md;08-security/policies-slc15.md;13-verification/acceptance/SLC-15/correlation-rule-state-machine.md;13-verification/tooling/slice-sources.md"
"CMD-DEC-ANNUL","8","yes","03-domain/contexts/BC04/commands-slc08.md;03-domain/contexts/BC04/events-slc08.md;03-domain/contexts/BC04/aggregates/AGG-DECISION.md;05-contracts/errors-slc08.md;05-contracts/openapi-operations-slc08.md;08-security/policies-slc08.md;13-verification/acceptance/SLC-08/decision-state-machine.md;13-verification/tooling/slice-sources.md"
"CMD-DEC-RECORD","8","yes","03-domain/contexts/BC04/commands-slc08.md;03-domain/contexts/BC04/events-slc08.md;03-domain/contexts/BC04/aggregates/AGG-DECISION.md;05-contracts/errors-slc08.md;05-contracts/openapi-operations-slc08.md;08-security/policies-slc08.md;13-verification/acceptance/SLC-08/decision-state-machine.md;13-verification/tooling/slice-sources.md"
"CMD-DEV-CONFIRM","8","yes","03-domain/contexts/BC01/commands-slc11.md;03-domain/contexts/BC01/events-slc11.md;03-domain/contexts/BC01/aggregates/AGG-DEVICE.md;05-contracts/errors-slc11.md;05-contracts/openapi-foundation-slc11.md;08-security/policies-slc11.md;13-verification/acceptance/SLC-11/device-state-machine.md;13-verification/tooling/slice-sources.md"
"CMD-DEV-ENROLL","8","yes","03-domain/contexts/BC01/commands-slc11.md;03-domain/contexts/BC01/events-slc11.md;03-domain/contexts/BC01/aggregates/AGG-DEVICE.md;05-contracts/errors-slc11.md;05-contracts/openapi-foundation-slc11.md;08-security/policies-slc11.md;13-verification/acceptance/SLC-11/device-state-machine.md;13-verification/tooling/slice-sources.md"
"CMD-DEV-REINSTATE","8","yes","03-domain/contexts/BC01/commands-slc11.md;03-domain/contexts/BC01/events-slc11.md;03-domain/contexts/BC01/aggregates/AGG-DEVICE.md;05-contracts/errors-slc11.md;05-contracts/openapi-foundation-slc11.md;08-security/policies-slc11.md;13-verification/acceptance/SLC-11/device-state-machine.md;13-verification/tooling/slice-sources.md"
"CMD-DEV-REPORT-LOST","8","yes","03-domain/contexts/BC01/commands-slc11.md;03-domain/contexts/BC01/events-slc11.md;03-domain/contexts/BC01/aggregates/AGG-DEVICE.md;05-contracts/errors-slc11.md;05-contracts/openapi-foundation-slc11.md;08-security/policies-slc11.md;13-verification/acceptance/SLC-11/device-state-machine.md;13-verification/tooling/slice-sources.md"
"CMD-DEV-RETIRE","8","yes","03-domain/contexts/BC01/commands-slc11.md;03-domain/contexts/BC01/events-slc11.md;03-domain/contexts/BC01/aggregates/AGG-DEVICE.md;05-contracts/errors-slc11.md;05-contracts/openapi-foundation-slc11.md;08-security/policies-slc11.md;13-verification/acceptance/SLC-11/device-state-machine.md;13-verification/tooling/slice-sources.md"
"CMD-DEV-ROTATE-KEY","8","yes","03-domain/contexts/BC01/commands-slc11.md;03-domain/contexts/BC01/events-slc11.md;03-domain/contexts/BC01/aggregates/AGG-DEVICE.md;05-contracts/errors-slc11.md;05-contracts/openapi-foundation-slc11.md;08-security/policies-slc11.md;13-verification/acceptance/SLC-11/device-state-machine.md;13-verification/tooling/slice-sources.md"
"CMD-DEV-SUSPEND","8","yes","03-domain/contexts/BC01/commands-slc11.md;03-domain/contexts/BC01/events-slc11.md;03-domain/contexts/BC01/aggregates/AGG-DEVICE.md;05-contracts/errors-slc11.md;05-contracts/openapi-foundation-slc11.md;08-security/policies-slc11.md;13-verification/acceptance/SLC-11/device-state-machine.md;13-verification/tooling/slice-sources.md"
"CMD-DRQ-ADD-OPTION","8","yes","03-domain/contexts/BC04/commands-slc08.md;03-domain/contexts/BC04/events-slc08.md;03-domain/contexts/BC04/aggregates/AGG-DECISION-REQUEST.md;05-contracts/errors-slc08.md;05-contracts/openapi-operations-slc08.md;08-security/policies-slc08.md;13-verification/acceptance/SLC-08/decision-request-state-machine.md;13-verification/tooling/slice-sources.md"
"CMD-DRQ-CITE","8","yes","03-domain/contexts/BC04/commands-slc08.md;03-domain/contexts/BC04/events-slc08.md;03-domain/contexts/BC04/aggregates/AGG-DECISION-REQUEST.md;05-contracts/errors-slc08.md;05-contracts/openapi-operations-slc08.md;08-security/policies-slc08.md;13-verification/acceptance/SLC-08/decision-request-state-machine.md;13-verification/tooling/slice-sources.md"
"CMD-DRQ-CREATE","8","yes","03-domain/contexts/BC04/commands-slc08.md;03-domain/contexts/BC04/events-slc08.md;03-domain/contexts/BC04/aggregates/AGG-DECISION-REQUEST.md;05-contracts/errors-slc08.md;05-contracts/openapi-operations-slc08.md;08-security/policies-slc08.md;13-verification/acceptance/SLC-08/decision-request-state-machine.md;13-verification/tooling/slice-sources.md"
"CMD-DRQ-OPEN","8","yes","03-domain/contexts/BC04/commands-slc08.md;03-domain/contexts/BC04/events-slc08.md;03-domain/contexts/BC04/aggregates/AGG-DECISION-REQUEST.md;05-contracts/errors-slc08.md;05-contracts/openapi-operations-slc08.md;08-security/policies-slc08.md;13-verification/acceptance/SLC-08/decision-request-state-machine.md;13-verification/tooling/slice-sources.md"
"CMD-DRQ-WITHDRAW","8","yes","03-domain/contexts/BC04/commands-slc08.md;03-domain/contexts/BC04/events-slc08.md;03-domain/contexts/BC04/aggregates/AGG-DECISION-REQUEST.md;05-contracts/errors-slc08.md;05-contracts/openapi-operations-slc08.md;08-security/policies-slc08.md;13-verification/acceptance/SLC-08/decision-request-state-machine.md;13-verification/tooling/slice-sources.md"
"CMD-DSP-APPROVE","8","yes","03-domain/contexts/BC08/commands-slc12a.md;03-domain/contexts/BC08/events-slc12a.md;03-domain/contexts/BC08/aggregates/AGG-DISPOSITION-RUN.md;05-contracts/errors-slc12a.md;05-contracts/openapi-governance-slc12a.md;08-security/policies-slc12a.md;13-verification/acceptance/SLC-12a/disposition-run-state-machine.md;13-verification/tooling/slice-sources.md"
"CMD-DSP-CANCEL","8","yes","03-domain/contexts/BC08/commands-slc12a.md;03-domain/contexts/BC08/events-slc12a.md;03-domain/contexts/BC08/aggregates/AGG-DISPOSITION-RUN.md;05-contracts/errors-slc12a.md;05-contracts/openapi-governance-slc12a.md;08-security/policies-slc12a.md;13-verification/acceptance/SLC-12a/disposition-run-state-machine.md;13-verification/tooling/slice-sources.md"
"CMD-DSP-SUBMIT","8","yes","03-domain/contexts/BC08/commands-slc12a.md;03-domain/contexts/BC08/events-slc12a.md;03-domain/contexts/BC08/aggregates/AGG-DISPOSITION-RUN.md;05-contracts/errors-slc12a.md;05-contracts/openapi-governance-slc12a.md;08-security/policies-slc12a.md;13-verification/acceptance/SLC-12a/disposition-run-state-machine.md;13-verification/tooling/slice-sources.md"
"CMD-DST-CANCEL","8","yes","03-domain/contexts/BC06/commands-slc12.md;03-domain/contexts/BC06/events-slc12.md;03-domain/contexts/BC06/aggregates/AGG-DISTRIBUTION.md;05-contracts/errors-slc12.md;05-contracts/openapi-knowledge-slc12.md;08-security/policies-slc12.md;13-verification/acceptance/SLC-12/distribution-state-machine.md;13-verification/tooling/slice-sources.md"
"CMD-DST-DISTRIBUTE","8","yes","03-domain/contexts/BC06/commands-slc12.md;03-domain/contexts/BC06/events-slc12.md;03-domain/contexts/BC06/aggregates/AGG-DISTRIBUTION.md;05-contracts/errors-slc12.md;05-contracts/openapi-knowledge-slc12.md;08-security/policies-slc12.md;13-verification/acceptance/SLC-12/distribution-state-machine.md;13-verification/tooling/slice-sources.md"
"CMD-ENT-CHANGE-TYPE","8","yes","03-domain/contexts/BC02/commands-slc02.md;03-domain/contexts/BC02/events-slc02.md;03-domain/contexts/BC02/aggregates/AGG-ENTITY.md;05-contracts/errors-slc02.md;05-contracts/openapi-information-slc02.md;08-security/policies-slc02.md;13-verification/acceptance/SLC-02/entity-state-machine.md;13-verification/tooling/slice-sources.md"
"CMD-ENT-RECLASSIFY","8","yes","03-domain/contexts/BC02/commands-slc02.md;03-domain/contexts/BC02/events-slc02.md;03-domain/contexts/BC02/aggregates/AGG-ENTITY.md;05-contracts/errors-slc02.md;05-contracts/openapi-information-slc02.md;08-security/policies-slc02.md;13-verification/acceptance/SLC-02/entity-state-machine.md;13-verification/tooling/slice-sources.md"
"CMD-ENT-REGISTER","8","yes","03-domain/contexts/BC02/commands-slc02.md;03-domain/contexts/BC02/events-slc02.md;03-domain/contexts/BC02/aggregates/AGG-ENTITY.md;05-contracts/errors-slc02.md;05-contracts/openapi-information-slc02.md;08-security/policies-slc02.md;13-verification/acceptance/SLC-02/entity-state-machine.md;13-verification/tooling/slice-sources.md"
"CMD-ENT-REINSTATE","8","yes","03-domain/contexts/BC02/commands-slc02.md;03-domain/contexts/BC02/events-slc02.md;03-domain/contexts/BC02/aggregates/AGG-ENTITY.md;05-contracts/errors-slc02.md;05-contracts/openapi-information-slc02.md;08-security/policies-slc02.md;13-verification/acceptance/SLC-02/entity-state-machine.md;13-verification/tooling/slice-sources.md"
"CMD-ENT-RETIRE","8","yes","03-domain/contexts/BC02/commands-slc02.md;03-domain/contexts/BC02/events-slc02.md;03-domain/contexts/BC02/aggregates/AGG-ENTITY.md;05-contracts/errors-slc02.md;05-contracts/openapi-information-slc02.md;08-security/policies-slc02.md;13-verification/acceptance/SLC-02/entity-state-machine.md;13-verification/tooling/slice-sources.md"
"CMD-ER","1","no","05-contracts/errors-slc04.md"
"CMD-ER-CONFIRM-MATCH","8","yes","03-domain/contexts/BC02/commands-slc04.md;03-domain/contexts/BC02/events-slc04.md;03-domain/contexts/BC02/aggregates/AGG-ER-CASE.md;05-contracts/errors-slc04.md;05-contracts/openapi-information-slc04.md;08-security/policies-slc04.md;13-verification/acceptance/SLC-04/er-case-state-machine.md;13-verification/tooling/slice-sources.md"
"CMD-ER-DECIDE-MATCH","8","yes","03-domain/contexts/BC02/commands-slc04.md;03-domain/contexts/BC02/events-slc04.md;03-domain/contexts/BC02/aggregates/AGG-ER-CASE.md;05-contracts/errors-slc04.md;05-contracts/openapi-information-slc04.md;08-security/policies-slc04.md;13-verification/acceptance/SLC-04/er-case-state-machine.md;13-verification/tooling/slice-sources.md"
"CMD-ER-DECIDE-N","1","no","05-contracts/errors-slc04.md"
"CMD-ER-DECIDE-NOT-MATCH","8","yes","03-domain/contexts/BC02/commands-slc04.md;03-domain/contexts/BC02/events-slc04.md;03-domain/contexts/BC02/aggregates/AGG-ER-CASE.md;05-contracts/errors-slc04.md;05-contracts/openapi-information-slc04.md;08-security/policies-slc04.md;13-verification/acceptance/SLC-04/er-case-state-machine.md;13-verification/tooling/slice-sources.md"
"CMD-ER-PARK","8","yes","03-domain/contexts/BC02/commands-slc04.md;03-domain/contexts/BC02/events-slc04.md;03-domain/contexts/BC02/aggregates/AGG-ER-CASE.md;05-contracts/errors-slc04.md;05-contracts/openapi-information-slc04.md;08-security/policies-slc04.md;13-verification/acceptance/SLC-04/er-case-state-machine.md;13-verification/tooling/slice-sources.md"
"CMD-ER-PROPOSE","10","yes","03-domain/contexts/BC02/commands-slc04.md;03-domain/contexts/BC02/events-slc04.md;03-domain/contexts/BC02/aggregates/AGG-ER-CASE.md;03-domain/contexts/BC07/commands-slc10.md;03-domain/contexts/BC07/aggregates/AGG-AI-RESULT.md;05-contracts/errors-slc04.md;05-contracts/openapi-information-slc04.md;08-security/policies-slc04.md;13-verification/acceptance/SLC-04/er-case-state-machine.md;13-verification/tooling/slice-sources.md"
"CMD-ER-REQUEST-SPLIT","8","yes","03-domain/contexts/BC02/commands-slc04.md;03-domain/contexts/BC02/events-slc04.md;03-domain/contexts/BC02/aggregates/AGG-ER-CASE.md;05-contracts/errors-slc04.md;05-contracts/openapi-information-slc04.md;08-security/policies-slc04.md;13-verification/acceptance/SLC-04/er-case-state-machine.md;13-verification/tooling/slice-sources.md"
"CMD-ER-RESUME","8","yes","03-domain/contexts/BC02/commands-slc04.md;03-domain/contexts/BC02/events-slc04.md;03-domain/contexts/BC02/aggregates/AGG-ER-CASE.md;05-contracts/errors-slc04.md;05-contracts/openapi-information-slc04.md;08-security/policies-slc04.md;13-verification/acceptance/SLC-04/er-case-state-machine.md;13-verification/tooling/slice-sources.md"
"CMD-ERS-APPROVE","8","yes","03-domain/contexts/BC08/commands-slc12a.md;03-domain/contexts/BC08/events-slc12a.md;03-domain/contexts/BC08/aggregates/AGG-ERASURE-REQUEST.md;05-contracts/errors-slc12a.md;05-contracts/openapi-governance-slc12a.md;08-security/policies-slc12a.md;13-verification/acceptance/SLC-12a/erasure-request-state-machine.md;13-verification/tooling/slice-sources.md"
"CMD-ER-SPLIT","9","yes","03-domain/contexts/BC02/commands-slc04.md;03-domain/contexts/BC02/events-slc04.md;03-domain/contexts/BC02/aggregates/AGG-ER-CASE.md;05-contracts/errors-slc04.md;05-contracts/openapi-information-slc04.md;08-security/policies-slc04.md;13-verification/acceptance/SLC-04/er-case-state-machine.md;13-verification/acceptance/SLC-04/invariants-slc04.md;13-verification/tooling/slice-sources.md"
"CMD-ERS-REGISTER","8","yes","03-domain/contexts/BC08/commands-slc12a.md;03-domain/contexts/BC08/events-slc12a.md;03-domain/contexts/BC08/aggregates/AGG-ERASURE-REQUEST.md;05-contracts/errors-slc12a.md;05-contracts/openapi-governance-slc12a.md;08-security/policies-slc12a.md;13-verification/acceptance/SLC-12a/erasure-request-state-machine.md;13-verification/tooling/slice-sources.md"
"CMD-ERS-REJECT","8","yes","03-domain/contexts/BC08/commands-slc12a.md;03-domain/contexts/BC08/events-slc12a.md;03-domain/contexts/BC08/aggregates/AGG-ERASURE-REQUEST.md;05-contracts/errors-slc12a.md;05-contracts/openapi-governance-slc12a.md;08-security/policies-slc12a.md;13-verification/acceptance/SLC-12a/erasure-request-state-machine.md;13-verification/tooling/slice-sources.md"
"CMD-ER-START-REVIEW","8","yes","03-domain/contexts/BC02/commands-slc04.md;03-domain/contexts/BC02/events-slc04.md;03-domain/contexts/BC02/aggregates/AGG-ER-CASE.md;05-contracts/errors-slc04.md;05-contracts/openapi-information-slc04.md;08-security/policies-slc04.md;13-verification/acceptance/SLC-04/er-case-state-machine.md;13-verification/tooling/slice-sources.md"
"CMD-ER-WITHDRAW","8","yes","03-domain/contexts/BC02/commands-slc04.md;03-domain/contexts/BC02/events-slc04.md;03-domain/contexts/BC02/aggregates/AGG-ER-CASE.md;05-contracts/errors-slc04.md;05-contracts/openapi-information-slc04.md;08-security/policies-slc04.md;13-verification/acceptance/SLC-04/er-case-state-machine.md;13-verification/tooling/slice-sources.md"
"CMD-EVD-RECLASSIFY","8","yes","03-domain/contexts/BC02/commands-slc02.md;03-domain/contexts/BC02/events-slc02.md;03-domain/contexts/BC02/aggregates/AGG-EVIDENCE.md;05-contracts/errors-slc02.md;05-contracts/openapi-information-slc02.md;08-security/policies-slc02.md;13-verification/acceptance/SLC-02/evidence-state-machine.md;13-verification/tooling/slice-sources.md"
"CMD-EVD-REGISTER","9","yes","03-domain/contexts/BC02/commands-slc02.md;03-domain/contexts/BC02/events-slc02.md;03-domain/contexts/BC02/aggregates/AGG-EVIDENCE.md;05-contracts/errors-slc02.md;05-contracts/openapi-field-slc11.md;05-contracts/openapi-information-slc02.md;08-security/policies-slc02.md;13-verification/acceptance/SLC-02/evidence-state-machine.md;13-verification/tooling/slice-sources.md"
"CMD-EVD-SEAL","8","yes","03-domain/contexts/BC02/commands-slc02.md;03-domain/contexts/BC02/events-slc02.md;03-domain/contexts/BC02/aggregates/AGG-EVIDENCE.md;05-contracts/errors-slc02.md;05-contracts/openapi-information-slc02.md;08-security/policies-slc02.md;13-verification/acceptance/SLC-02/evidence-state-machine.md;13-verification/tooling/slice-sources.md"
"CMD-EVD-TRANSFER-CUSTODY","8","yes","03-domain/contexts/BC02/commands-slc02.md;03-domain/contexts/BC02/events-slc02.md;03-domain/contexts/BC02/aggregates/AGG-EVIDENCE.md;05-contracts/errors-slc02.md;05-contracts/openapi-information-slc02.md;08-security/policies-slc02.md;13-verification/acceptance/SLC-02/evidence-state-machine.md;13-verification/tooling/slice-sources.md"
"CMD-EVD-UPDATE-LOCATOR","8","yes","03-domain/contexts/BC02/commands-slc02.md;03-domain/contexts/BC02/events-slc02.md;03-domain/contexts/BC02/aggregates/AGG-EVIDENCE.md;05-contracts/errors-slc02.md;05-contracts/openapi-information-slc02.md;08-security/policies-slc02.md;13-verification/acceptance/SLC-02/evidence-state-machine.md;13-verification/tooling/slice-sources.md"
"CMD-EVD-WITHDRAW","8","yes","03-domain/contexts/BC02/commands-slc02.md;03-domain/contexts/BC02/events-slc02.md;03-domain/contexts/BC02/aggregates/AGG-EVIDENCE.md;05-contracts/errors-slc02.md;05-contracts/openapi-information-slc02.md;08-security/policies-slc02.md;13-verification/acceptance/SLC-02/evidence-state-machine.md;13-verification/tooling/slice-sources.md"
"CMD-EVL-LINK","8","yes","03-domain/contexts/BC02/commands-slc02.md;03-domain/contexts/BC02/events-slc02.md;03-domain/contexts/BC02/aggregates/AGG-EVIDENCE-LINK.md;05-contracts/errors-slc02.md;05-contracts/openapi-information-slc02.md;08-security/policies-slc02.md;13-verification/acceptance/SLC-02/evidence-link-state-machine.md;13-verification/tooling/slice-sources.md"
"CMD-EVL-UNLINK","8","yes","03-domain/contexts/BC02/commands-slc02.md;03-domain/contexts/BC02/events-slc02.md;03-domain/contexts/BC02/aggregates/AGG-EVIDENCE-LINK.md;05-contracts/errors-slc02.md;05-contracts/openapi-information-slc02.md;08-security/policies-slc02.md;13-verification/acceptance/SLC-02/evidence-link-state-machine.md;13-verification/tooling/slice-sources.md"
"CMD-EVS-ACTIVATE","8","yes","03-domain/contexts/BC07/commands-slc10.md;03-domain/contexts/BC07/events-slc10.md;03-domain/contexts/BC07/aggregates/AGG-EVAL-SUITE.md;05-contracts/errors-slc10.md;05-contracts/openapi-ai-slc10.md;08-security/policies-slc10.md;13-verification/acceptance/SLC-10/eval-suite-state-machine.md;13-verification/tooling/slice-sources.md"
"CMD-EVS-DRAFT","8","yes","03-domain/contexts/BC07/commands-slc10.md;03-domain/contexts/BC07/events-slc10.md;03-domain/contexts/BC07/aggregates/AGG-EVAL-SUITE.md;05-contracts/errors-slc10.md;05-contracts/openapi-ai-slc10.md;08-security/policies-slc10.md;13-verification/acceptance/SLC-10/eval-suite-state-machine.md;13-verification/tooling/slice-sources.md"
"CMD-EVS-EDI","1","no","05-contracts/errors-slc10.md"
"CMD-EVS-EDIT","8","yes","03-domain/contexts/BC07/commands-slc10.md;03-domain/contexts/BC07/events-slc10.md;03-domain/contexts/BC07/aggregates/AGG-EVAL-SUITE.md;05-contracts/errors-slc10.md;05-contracts/openapi-ai-slc10.md;08-security/policies-slc10.md;13-verification/acceptance/SLC-10/eval-suite-state-machine.md;13-verification/tooling/slice-sources.md"
"CMD-EXC-APPROVE","8","yes","03-domain/contexts/BC08/commands-slc01.md;03-domain/contexts/BC08/events-slc01.md;03-domain/contexts/BC08/aggregates/AGG-SECURITY-EXCEPTION.md;05-contracts/errors-slc01.md;05-contracts/openapi-governance-slc01.md;08-security/policies-slc01.md;13-verification/acceptance/SLC-01/security-exception-state-machine.md;13-verification/tooling/slice-sources.md"
"CMD-EXC-REJECT","8","yes","03-domain/contexts/BC08/commands-slc01.md;03-domain/contexts/BC08/events-slc01.md;03-domain/contexts/BC08/aggregates/AGG-SECURITY-EXCEPTION.md;05-contracts/errors-slc01.md;05-contracts/openapi-governance-slc01.md;08-security/policies-slc01.md;13-verification/acceptance/SLC-01/security-exception-state-machine.md;13-verification/tooling/slice-sources.md"
"CMD-EXC-REQUEST","8","yes","03-domain/contexts/BC08/commands-slc01.md;03-domain/contexts/BC08/events-slc01.md;03-domain/contexts/BC08/aggregates/AGG-SECURITY-EXCEPTION.md;05-contracts/errors-slc01.md;05-contracts/openapi-governance-slc01.md;08-security/policies-slc01.md;13-verification/acceptance/SLC-01/security-exception-state-machine.md;13-verification/tooling/slice-sources.md"
"CMD-EXC-REVOKE","8","yes","03-domain/contexts/BC08/commands-slc01.md;03-domain/contexts/BC08/events-slc01.md;03-domain/contexts/BC08/aggregates/AGG-SECURITY-EXCEPTION.md;05-contracts/errors-slc01.md;05-contracts/openapi-governance-slc01.md;08-security/policies-slc01.md;13-verification/acceptance/SLC-01/security-exception-state-machine.md;13-verification/tooling/slice-sources.md"
"CMD-EXR-CANCEL","11","yes","02-requirements/requirements.md;03-domain/contexts/BC05/commands-slc19.md;03-domain/contexts/BC05/events-slc19.md;03-domain/contexts/BC05/aggregates/AGG-EXERCISE.md;05-contracts/errors-slc19.md;05-contracts/openapi-readiness-slc19.md;08-security/policies-slc19.md;09-reliability/fmea-slc19.md;13-verification/acceptance/SLC-19/exercise-state-machine.md;13-verification/acceptance/SLC-19/invariants-slc19.md;13-verification/tooling/slice-sources.md"
"CMD-EXR-PLAN","16","yes","02-requirements/requirements.md;03-domain/contexts/BC05/commands-slc19.md;03-domain/contexts/BC05/events-slc19.md;03-domain/contexts/BC05/training-exercise-spec.md;03-domain/contexts/BC05/aggregates/AGG-EXERCISE.md;05-contracts/errors-slc19.md;05-contracts/openapi-readiness-slc19.md;06-data/logical-model/slc-19.md;08-security/policies-slc19.md;08-security/threat-model-slc19.md;09-reliability/fmea-slc19.md;13-verification/acceptance/SLC-19/exercise-state-machine.md;13-verification/acceptance/SLC-19/invariants-slc19.md;13-verification/tooling/slice-sources.md;14-slices/SLC-19/readiness.md;16-reports/SESSION-W4-W7-SLC19.md"
"CMD-EXR-SCHEDULE","8","yes","03-domain/contexts/BC05/commands-slc19.md;03-domain/contexts/BC05/events-slc19.md;03-domain/contexts/BC05/aggregates/AGG-EXERCISE.md;05-contracts/errors-slc19.md;05-contracts/openapi-readiness-slc19.md;08-security/policies-slc19.md;13-verification/acceptance/SLC-19/exercise-state-machine.md;13-verification/tooling/slice-sources.md"
"CMD-EXR-START","12","yes","02-requirements/requirements.md;03-domain/contexts/BC05/commands-slc19.md;03-domain/contexts/BC05/events-slc19.md;03-domain/contexts/BC05/training-exercise-spec.md;03-domain/contexts/BC05/aggregates/AGG-EXERCISE.md;03-domain/contexts/BC05/aggregates/AGG-SIMULATION.md;05-contracts/errors-slc19.md;05-contracts/openapi-readiness-slc19.md;08-security/policies-slc19.md;13-verification/acceptance/SLC-19/exercise-state-machine.md;13-verification/acceptance/SLC-19/invariants-slc19.md;13-verification/tooling/slice-sources.md"
"CMD-EXT-END","8","yes","03-domain/contexts/BC02/commands-slc02.md;03-domain/contexts/BC02/events-slc02.md;03-domain/contexts/BC02/aggregates/AGG-EXTERNAL-ID.md;05-contracts/errors-slc02.md;05-contracts/openapi-information-slc02.md;08-security/policies-slc02.md;13-verification/acceptance/SLC-02/external-id-state-machine.md;13-verification/tooling/slice-sources.md"
"CMD-EXT-MAP","8","yes","03-domain/contexts/BC02/commands-slc02.md;03-domain/contexts/BC02/events-slc02.md;03-domain/contexts/BC02/aggregates/AGG-EXTERNAL-ID.md;05-contracts/errors-slc02.md;05-contracts/openapi-information-slc02.md;08-security/policies-slc02.md;13-verification/acceptance/SLC-02/external-id-state-machine.md;13-verification/tooling/slice-sources.md"
"CMD-FND-ACCEPT","8","yes","03-domain/contexts/BC03/commands-slc07.md;03-domain/contexts/BC03/events-slc07.md;03-domain/contexts/BC03/aggregates/AGG-FINDING.md;05-contracts/errors-slc07.md;05-contracts/openapi-intelligence-slc07.md;08-security/policies-slc07.md;13-verification/acceptance/SLC-07/finding-state-machine.md;13-verification/tooling/slice-sources.md"
"CMD-FND-EDIT","8","yes","03-domain/contexts/BC03/commands-slc07.md;03-domain/contexts/BC03/events-slc07.md;03-domain/contexts/BC03/aggregates/AGG-FINDING.md;05-contracts/errors-slc07.md;05-contracts/openapi-intelligence-slc07.md;08-security/policies-slc07.md;13-verification/acceptance/SLC-07/finding-state-machine.md;13-verification/tooling/slice-sources.md"
"CMD-FND-RECORD","8","yes","03-domain/contexts/BC03/commands-slc07.md;03-domain/contexts/BC03/events-slc07.md;03-domain/contexts/BC03/aggregates/AGG-FINDING.md;05-contracts/errors-slc07.md;05-contracts/openapi-intelligence-slc07.md;08-security/policies-slc07.md;13-verification/acceptance/SLC-07/finding-state-machine.md;13-verification/tooling/slice-sources.md"
"CMD-FND-WITHDRAW","8","yes","03-domain/contexts/BC03/commands-slc07.md;03-domain/contexts/BC03/events-slc07.md;03-domain/contexts/BC03/aggregates/AGG-FINDING.md;05-contracts/errors-slc07.md;05-contracts/openapi-intelligence-slc07.md;08-security/policies-slc07.md;13-verification/acceptance/SLC-07/finding-state-machine.md;13-verification/tooling/slice-sources.md"
"CMD-HRS-APPROVE","8","yes","03-domain/contexts/BC01/commands-slc16.md;03-domain/contexts/BC01/events-slc16.md;03-domain/contexts/BC01/aggregates/AGG-HR-SYNC-PROPOSAL.md;05-contracts/errors-slc16.md;05-contracts/openapi-foundation-slc16.md;08-security/policies-slc16.md;13-verification/acceptance/SLC-16/hr-sync-proposal-state-machine.md;13-verification/tooling/slice-sources.md"
"CMD-HRS-REJECT","8","yes","03-domain/contexts/BC01/commands-slc16.md;03-domain/contexts/BC01/events-slc16.md;03-domain/contexts/BC01/aggregates/AGG-HR-SYNC-PROPOSAL.md;05-contracts/errors-slc16.md;05-contracts/openapi-foundation-slc16.md;08-security/policies-slc16.md;13-verification/acceptance/SLC-16/hr-sync-proposal-state-machine.md;13-verification/tooling/slice-sources.md"
"CMD-IMP-ACC","1","no","05-contracts/errors-slc02.md"
"CMD-IMP-ACCEPT-QUARANTINE","8","yes","03-domain/contexts/BC02/commands-slc02.md;03-domain/contexts/BC02/events-slc02.md;03-domain/contexts/BC02/aggregates/AGG-IMPORT-BATCH.md;05-contracts/errors-slc02.md;05-contracts/openapi-information-slc02.md;08-security/policies-slc02.md;13-verification/acceptance/SLC-02/import-batch-state-machine.md;13-verification/tooling/slice-sources.md"
"CMD-IMP-CANCEL","8","yes","03-domain/contexts/BC02/commands-slc02.md;03-domain/contexts/BC02/events-slc02.md;03-domain/contexts/BC02/aggregates/AGG-IMPORT-BATCH.md;05-contracts/errors-slc02.md;05-contracts/openapi-information-slc02.md;08-security/policies-slc02.md;13-verification/acceptance/SLC-02/import-batch-state-machine.md;13-verification/tooling/slice-sources.md"
"CMD-IMP-REPROCESS-QUARANTINE","8","yes","03-domain/contexts/BC02/commands-slc02.md;03-domain/contexts/BC02/events-slc02.md;03-domain/contexts/BC02/aggregates/AGG-IMPORT-BATCH.md;05-contracts/errors-slc02.md;05-contracts/openapi-information-slc02.md;08-security/policies-slc02.md;13-verification/acceptance/SLC-02/import-batch-state-machine.md;13-verification/tooling/slice-sources.md"
"CMD-IMP-SUBMIT","8","yes","03-domain/contexts/BC02/commands-slc02.md;03-domain/contexts/BC02/events-slc02.md;03-domain/contexts/BC02/aggregates/AGG-IMPORT-BATCH.md;05-contracts/errors-slc02.md;05-contracts/openapi-information-slc02.md;08-security/policies-slc02.md;13-verification/acceptance/SLC-02/import-batch-state-machine.md;13-verification/tooling/slice-sources.md"
"CMD-INC-ACTIVATE-CONTINGENCY","13","yes","02-requirements/requirements.md;03-domain/contexts/BC04/commands-slc17.md;03-domain/contexts/BC04/events-slc17.md;03-domain/contexts/BC04/risk-contingency-spec.md;03-domain/contexts/BC04/aggregates/AGG-INCIDENT.md;05-contracts/errors-slc17.md;05-contracts/openapi-operations-slc17.md;08-security/policies-slc17.md;13-verification/invariant-properties-slc17.md;13-verification/acceptance/SLC-17/incident-state-machine.md;13-verification/acceptance/SLC-17/invariants-slc17.md;13-verification/tooling/slice-sources.md;16-reports/SESSION-W4-W7-SLC17.md"
"CMD-INC-ASSESS","8","yes","03-domain/contexts/BC04/commands-slc17.md;03-domain/contexts/BC04/events-slc17.md;03-domain/contexts/BC04/aggregates/AGG-INCIDENT.md;05-contracts/errors-slc17.md;05-contracts/openapi-operations-slc17.md;08-security/policies-slc17.md;13-verification/acceptance/SLC-17/incident-state-machine.md;13-verification/tooling/slice-sources.md"
"CMD-INC-CANCEL","8","yes","03-domain/contexts/BC04/commands-slc17.md;03-domain/contexts/BC04/events-slc17.md;03-domain/contexts/BC04/aggregates/AGG-INCIDENT.md;05-contracts/errors-slc17.md;05-contracts/openapi-operations-slc17.md;08-security/policies-slc17.md;13-verification/acceptance/SLC-17/incident-state-machine.md;13-verification/tooling/slice-sources.md"
"CMD-INC-CLOSE","9","yes","03-domain/contexts/BC04/commands-slc17.md;03-domain/contexts/BC04/events-slc17.md;03-domain/contexts/BC04/aggregates/AGG-INCIDENT.md;05-contracts/errors-slc17.md;05-contracts/openapi-operations-slc17.md;08-security/policies-slc17.md;09-reliability/fmea-slc17.md;13-verification/acceptance/SLC-17/incident-state-machine.md;13-verification/tooling/slice-sources.md"
"CMD-INC-CONTAIN","8","yes","03-domain/contexts/BC04/commands-slc17.md;03-domain/contexts/BC04/events-slc17.md;03-domain/contexts/BC04/aggregates/AGG-INCIDENT.md;05-contracts/errors-slc17.md;05-contracts/openapi-operations-slc17.md;08-security/policies-slc17.md;13-verification/acceptance/SLC-17/incident-state-machine.md;13-verification/tooling/slice-sources.md"
"CMD-INC-DE-ESCALATE","13","yes","02-requirements/requirements.md;03-domain/contexts/BC04/commands-slc17.md;03-domain/contexts/BC04/events-slc17.md;03-domain/contexts/BC04/risk-contingency-spec.md;03-domain/contexts/BC04/aggregates/AGG-INCIDENT.md;05-contracts/errors-slc17.md;05-contracts/openapi-operations-slc17.md;08-security/policies-slc17.md;08-security/threat-model-slc17.md;13-verification/invariant-properties-slc17.md;13-verification/acceptance/SLC-17/incident-state-machine.md;13-verification/acceptance/SLC-17/invariants-slc17.md;13-verification/tooling/slice-sources.md"
"CMD-INC-DISPATCH-RESPONSE","8","yes","03-domain/contexts/BC04/commands-slc17.md;03-domain/contexts/BC04/events-slc17.md;03-domain/contexts/BC04/aggregates/AGG-INCIDENT.md;05-contracts/errors-slc17.md;05-contracts/openapi-operations-slc17.md;08-security/policies-slc17.md;13-verification/acceptance/SLC-17/incident-state-machine.md;13-verification/tooling/slice-sources.md"
"CMD-INC-ESCALATE","10","yes","03-domain/contexts/BC04/commands-slc17.md;03-domain/contexts/BC04/events-slc17.md;03-domain/contexts/BC04/risk-contingency-spec.md;03-domain/contexts/BC04/aggregates/AGG-INCIDENT.md;05-contracts/errors-slc17.md;05-contracts/openapi-operations-slc17.md;08-security/policies-slc17.md;13-verification/acceptance/SLC-17/incident-state-machine.md;13-verification/acceptance/SLC-17/invariants-slc17.md;13-verification/tooling/slice-sources.md"
"CMD-INC-REPORT","8","yes","03-domain/contexts/BC04/commands-slc17.md;03-domain/contexts/BC04/events-slc17.md;03-domain/contexts/BC04/aggregates/AGG-INCIDENT.md;05-contracts/errors-slc17.md;05-contracts/openapi-operations-slc17.md;08-security/policies-slc17.md;13-verification/acceptance/SLC-17/incident-state-machine.md;13-verification/tooling/slice-sources.md"
"CMD-INC-RESOLVE","9","yes","03-domain/contexts/BC04/commands-slc17.md;03-domain/contexts/BC04/events-slc17.md;03-domain/contexts/BC04/aggregates/AGG-INCIDENT.md;05-contracts/errors-slc17.md;05-contracts/openapi-operations-slc17.md;08-security/policies-slc17.md;13-verification/acceptance/SLC-17/incident-state-machine.md;13-verification/acceptance/SLC-17/invariants-slc17.md;13-verification/tooling/slice-sources.md"
"CMD-KNO-DISCARD","8","yes","03-domain/contexts/BC06/commands-slc12.md;03-domain/contexts/BC06/events-slc12.md;03-domain/contexts/BC06/aggregates/AGG-KNOWLEDGE-OBJECT.md;05-contracts/errors-slc12.md;05-contracts/openapi-knowledge-slc12.md;08-security/policies-slc12.md;13-verification/acceptance/SLC-12/knowledge-object-state-machine.md;13-verification/tooling/slice-sources.md"
"CMD-KNO-DRAFT","12","yes","00-governance/registers/corrections.md;02-requirements/requirements.md;03-domain/contexts/BC05/training-exercise-spec.md;03-domain/contexts/BC06/commands-slc12.md;03-domain/contexts/BC06/events-slc12.md;03-domain/contexts/BC06/aggregates/AGG-KNOWLEDGE-OBJECT.md;05-contracts/errors-slc12.md;05-contracts/openapi-knowledge-slc12.md;08-security/policies-slc12.md;13-verification/acceptance/SLC-12/knowledge-object-state-machine.md;13-verification/acceptance/SLC-19/invariants-slc19.md;13-verification/tooling/slice-sources.md"
"CMD-KNO-EDIT","8","yes","03-domain/contexts/BC06/commands-slc12.md;03-domain/contexts/BC06/events-slc12.md;03-domain/contexts/BC06/aggregates/AGG-KNOWLEDGE-OBJECT.md;05-contracts/errors-slc12.md;05-contracts/openapi-knowledge-slc12.md;08-security/policies-slc12.md;13-verification/acceptance/SLC-12/knowledge-object-state-machine.md;13-verification/tooling/slice-sources.md"
"CMD-KNO-PUBLISH","9","yes","03-domain/contexts/BC05/aggregates/AGG-SIMULATION.md;03-domain/contexts/BC06/commands-slc12.md;03-domain/contexts/BC06/events-slc12.md;03-domain/contexts/BC06/aggregates/AGG-KNOWLEDGE-OBJECT.md;05-contracts/errors-slc12.md;05-contracts/openapi-knowledge-slc12.md;08-security/policies-slc12.md;13-verification/acceptance/SLC-12/knowledge-object-state-machine.md;13-verification/tooling/slice-sources.md"
"CMD-KNO-RECORD-REUSE","9","yes","03-domain/contexts/BC06/commands-slc12.md;03-domain/contexts/BC06/events-slc12.md;03-domain/contexts/BC06/products-knowledge-archive-spec.md;03-domain/contexts/BC06/aggregates/AGG-KNOWLEDGE-OBJECT.md;05-contracts/errors-slc12.md;05-contracts/openapi-knowledge-slc12.md;08-security/policies-slc12.md;13-verification/acceptance/SLC-12/knowledge-object-state-machine.md;13-verification/tooling/slice-sources.md"
"CMD-KNO-REJECT","8","yes","03-domain/contexts/BC06/commands-slc12.md;03-domain/contexts/BC06/events-slc12.md;03-domain/contexts/BC06/aggregates/AGG-KNOWLEDGE-OBJECT.md;05-contracts/errors-slc12.md;05-contracts/openapi-knowledge-slc12.md;08-security/policies-slc12.md;13-verification/acceptance/SLC-12/knowledge-object-state-machine.md;13-verification/tooling/slice-sources.md"
"CMD-KNO-RETIRE","8","yes","03-domain/contexts/BC06/commands-slc12.md;03-domain/contexts/BC06/events-slc12.md;03-domain/contexts/BC06/aggregates/AGG-KNOWLEDGE-OBJECT.md;05-contracts/errors-slc12.md;05-contracts/openapi-knowledge-slc12.md;08-security/policies-slc12.md;13-verification/acceptance/SLC-12/knowledge-object-state-machine.md;13-verification/tooling/slice-sources.md"
"CMD-KNO-RETURN","8","yes","03-domain/contexts/BC06/commands-slc12.md;03-domain/contexts/BC06/events-slc12.md;03-domain/contexts/BC06/aggregates/AGG-KNOWLEDGE-OBJECT.md;05-contracts/errors-slc12.md;05-contracts/openapi-knowledge-slc12.md;08-security/policies-slc12.md;13-verification/acceptance/SLC-12/knowledge-object-state-machine.md;13-verification/tooling/slice-sources.md"
"CMD-KNO-SUBMIT","8","yes","03-domain/contexts/BC06/commands-slc12.md;03-domain/contexts/BC06/events-slc12.md;03-domain/contexts/BC06/aggregates/AGG-KNOWLEDGE-OBJECT.md;05-contracts/errors-slc12.md;05-contracts/openapi-knowledge-slc12.md;08-security/policies-slc12.md;13-verification/acceptance/SLC-12/knowledge-object-state-machine.md;13-verification/tooling/slice-sources.md"
"CMD-LGR-CANCEL","11","yes","02-requirements/requirements.md;03-domain/contexts/BC05/commands-slc18.md;03-domain/contexts/BC05/events-slc18.md;03-domain/contexts/BC05/aggregates/AGG-LOGISTICS-REQUEST.md;05-contracts/errors-slc18.md;05-contracts/openapi-readiness-slc18.md;08-security/policies-slc18.md;09-reliability/fmea-slc18.md;13-verification/acceptance/SLC-18/invariants-slc18.md;13-verification/acceptance/SLC-18/logistics-request-state-machine.md;13-verification/tooling/slice-sources.md"
"CMD-LGR-DISPATCH","10","yes","02-requirements/requirements.md;03-domain/contexts/BC05/commands-slc18.md;03-domain/contexts/BC05/events-slc18.md;03-domain/contexts/BC05/aggregates/AGG-LOGISTICS-REQUEST.md;05-contracts/errors-slc18.md;05-contracts/openapi-readiness-slc18.md;08-security/policies-slc18.md;13-verification/acceptance/SLC-18/invariants-slc18.md;13-verification/acceptance/SLC-18/logistics-request-state-machine.md;13-verification/tooling/slice-sources.md"
"CMD-LGR-REQUEST","10","yes","03-domain/contexts/BC05/commands-slc18.md;03-domain/contexts/BC05/events-slc18.md;03-domain/contexts/BC05/logistics-spec.md;03-domain/contexts/BC05/aggregates/AGG-LOGISTICS-REQUEST.md;05-contracts/errors-slc18.md;05-contracts/openapi-readiness-slc18.md;08-security/policies-slc18.md;13-verification/acceptance/SLC-18/invariants-slc18.md;13-verification/acceptance/SLC-18/logistics-request-state-machine.md;13-verification/tooling/slice-sources.md"
"CMD-LHD-APPROVE-RELEASE","8","yes","03-domain/contexts/BC08/commands-slc12a.md;03-domain/contexts/BC08/events-slc12a.md;03-domain/contexts/BC08/aggregates/AGG-LEGAL-HOLD.md;05-contracts/errors-slc12a.md;05-contracts/openapi-governance-slc12a.md;08-security/policies-slc12a.md;13-verification/acceptance/SLC-12a/legal-hold-state-machine.md;13-verification/tooling/slice-sources.md"
"CMD-LHD-CANCEL-RELEASE","8","yes","03-domain/contexts/BC08/commands-slc12a.md;03-domain/contexts/BC08/events-slc12a.md;03-domain/contexts/BC08/aggregates/AGG-LEGAL-HOLD.md;05-contracts/errors-slc12a.md;05-contracts/openapi-governance-slc12a.md;08-security/policies-slc12a.md;13-verification/acceptance/SLC-12a/legal-hold-state-machine.md;13-verification/tooling/slice-sources.md"
"CMD-LHD-EXT","1","no","05-contracts/errors-slc12a.md"
"CMD-LHD-EXTEND","8","yes","03-domain/contexts/BC08/commands-slc12a.md;03-domain/contexts/BC08/events-slc12a.md;03-domain/contexts/BC08/aggregates/AGG-LEGAL-HOLD.md;05-contracts/errors-slc12a.md;05-contracts/openapi-governance-slc12a.md;08-security/policies-slc12a.md;13-verification/acceptance/SLC-12a/legal-hold-state-machine.md;13-verification/tooling/slice-sources.md"
"CMD-LHD-PLACE","8","yes","03-domain/contexts/BC08/commands-slc12a.md;03-domain/contexts/BC08/events-slc12a.md;03-domain/contexts/BC08/aggregates/AGG-LEGAL-HOLD.md;05-contracts/errors-slc12a.md;05-contracts/openapi-governance-slc12a.md;08-security/policies-slc12a.md;13-verification/acceptance/SLC-12a/legal-hold-state-machine.md;13-verification/tooling/slice-sources.md"
"CMD-LHD-REQUEST-RELEASE","8","yes","03-domain/contexts/BC08/commands-slc12a.md;03-domain/contexts/BC08/events-slc12a.md;03-domain/contexts/BC08/aggregates/AGG-LEGAL-HOLD.md;05-contracts/errors-slc12a.md;05-contracts/openapi-governance-slc12a.md;08-security/policies-slc12a.md;13-verification/acceptance/SLC-12a/legal-hold-state-machine.md;13-verification/tooling/slice-sources.md"
"CMD-MDL-APPROVE","8","yes","03-domain/contexts/BC07/commands-slc10.md;03-domain/contexts/BC07/events-slc10.md;03-domain/contexts/BC07/aggregates/AGG-MODEL-VERSION.md;05-contracts/errors-slc10.md;05-contracts/openapi-ai-slc10.md;08-security/policies-slc10.md;13-verification/acceptance/SLC-10/model-version-state-machine.md;13-verification/tooling/slice-sources.md"
"CMD-MDL-DEPRECATE","8","yes","03-domain/contexts/BC07/commands-slc10.md;03-domain/contexts/BC07/events-slc10.md;03-domain/contexts/BC07/aggregates/AGG-MODEL-VERSION.md;05-contracts/errors-slc10.md;05-contracts/openapi-ai-slc10.md;08-security/policies-slc10.md;13-verification/acceptance/SLC-10/model-version-state-machine.md;13-verification/tooling/slice-sources.md"
"CMD-MDL-FAIL-EVALUATION","8","yes","03-domain/contexts/BC07/commands-slc10.md;03-domain/contexts/BC07/events-slc10.md;03-domain/contexts/BC07/aggregates/AGG-MODEL-VERSION.md;05-contracts/errors-slc10.md;05-contracts/openapi-ai-slc10.md;08-security/policies-slc10.md;13-verification/acceptance/SLC-10/model-version-state-machine.md;13-verification/tooling/slice-sources.md"
"CMD-MDL-PROMOTE","8","yes","03-domain/contexts/BC07/commands-slc10.md;03-domain/contexts/BC07/events-slc10.md;03-domain/contexts/BC07/aggregates/AGG-MODEL-VERSION.md;05-contracts/errors-slc10.md;05-contracts/openapi-ai-slc10.md;08-security/policies-slc10.md;13-verification/acceptance/SLC-10/model-version-state-machine.md;13-verification/tooling/slice-sources.md"
"CMD-MDL-REGISTER","8","yes","03-domain/contexts/BC07/commands-slc10.md;03-domain/contexts/BC07/events-slc10.md;03-domain/contexts/BC07/aggregates/AGG-MODEL-VERSION.md;05-contracts/errors-slc10.md;05-contracts/openapi-ai-slc10.md;08-security/policies-slc10.md;13-verification/acceptance/SLC-10/model-version-state-machine.md;13-verification/tooling/slice-sources.md"
"CMD-MDL-REINSTATE","9","yes","03-domain/contexts/BC07/commands-slc10.md;03-domain/contexts/BC07/events-slc10.md;03-domain/contexts/BC07/aggregates/AGG-MODEL-VERSION.md;05-contracts/errors-slc10.md;05-contracts/openapi-ai-slc10.md;08-security/policies-slc10.md;09-reliability/fmea-slc10.md;13-verification/acceptance/SLC-10/model-version-state-machine.md;13-verification/tooling/slice-sources.md"
"CMD-MDL-RETIRE","8","yes","03-domain/contexts/BC07/commands-slc10.md;03-domain/contexts/BC07/events-slc10.md;03-domain/contexts/BC07/aggregates/AGG-MODEL-VERSION.md;05-contracts/errors-slc10.md;05-contracts/openapi-ai-slc10.md;08-security/policies-slc10.md;13-verification/acceptance/SLC-10/model-version-state-machine.md;13-verification/tooling/slice-sources.md"
"CMD-MDL-STAGE","8","yes","03-domain/contexts/BC07/commands-slc10.md;03-domain/contexts/BC07/events-slc10.md;03-domain/contexts/BC07/aggregates/AGG-MODEL-VERSION.md;05-contracts/errors-slc10.md;05-contracts/openapi-ai-slc10.md;08-security/policies-slc10.md;13-verification/acceptance/SLC-10/model-version-state-machine.md;13-verification/tooling/slice-sources.md"
"CMD-MDL-START-EVALUATION","8","yes","03-domain/contexts/BC07/commands-slc10.md;03-domain/contexts/BC07/events-slc10.md;03-domain/contexts/BC07/aggregates/AGG-MODEL-VERSION.md;05-contracts/errors-slc10.md;05-contracts/openapi-ai-slc10.md;08-security/policies-slc10.md;13-verification/acceptance/SLC-10/model-version-state-machine.md;13-verification/tooling/slice-sources.md"
"CMD-MNT-CANCEL","8","yes","03-domain/contexts/BC05/commands-slc09.md;03-domain/contexts/BC05/events-slc09.md;03-domain/contexts/BC05/aggregates/AGG-MAINTENANCE-ORDER.md;05-contracts/errors-slc09.md;05-contracts/openapi-readiness-slc09.md;08-security/policies-slc09.md;13-verification/acceptance/SLC-09/maintenance-order-state-machine.md;13-verification/tooling/slice-sources.md"
"CMD-MNT-COMPLETE","8","yes","03-domain/contexts/BC05/commands-slc09.md;03-domain/contexts/BC05/events-slc09.md;03-domain/contexts/BC05/aggregates/AGG-MAINTENANCE-ORDER.md;05-contracts/errors-slc09.md;05-contracts/openapi-readiness-slc09.md;08-security/policies-slc09.md;13-verification/acceptance/SLC-09/maintenance-order-state-machine.md;13-verification/tooling/slice-sources.md"
"CMD-MNT-PLAN","8","yes","03-domain/contexts/BC05/commands-slc09.md;03-domain/contexts/BC05/events-slc09.md;03-domain/contexts/BC05/aggregates/AGG-MAINTENANCE-ORDER.md;05-contracts/errors-slc09.md;05-contracts/openapi-readiness-slc09.md;08-security/policies-slc09.md;13-verification/acceptance/SLC-09/maintenance-order-state-machine.md;13-verification/tooling/slice-sources.md"
"CMD-MNT-RESCHEDULE","8","yes","03-domain/contexts/BC05/commands-slc09.md;03-domain/contexts/BC05/events-slc09.md;03-domain/contexts/BC05/aggregates/AGG-MAINTENANCE-ORDER.md;05-contracts/errors-slc09.md;05-contracts/openapi-readiness-slc09.md;08-security/policies-slc09.md;13-verification/acceptance/SLC-09/maintenance-order-state-machine.md;13-verification/tooling/slice-sources.md"
"CMD-MNT-START","8","yes","03-domain/contexts/BC05/commands-slc09.md;03-domain/contexts/BC05/events-slc09.md;03-domain/contexts/BC05/aggregates/AGG-MAINTENANCE-ORDER.md;05-contracts/errors-slc09.md;05-contracts/openapi-readiness-slc09.md;08-security/policies-slc09.md;13-verification/acceptance/SLC-09/maintenance-order-state-machine.md;13-verification/tooling/slice-sources.md"
"CMD-MRS-ACTIVATE","8","yes","03-domain/contexts/BC02/commands-slc04.md;03-domain/contexts/BC02/events-slc04.md;03-domain/contexts/BC02/aggregates/AGG-MATCH-RULESET.md;05-contracts/errors-slc04.md;05-contracts/openapi-information-slc04.md;08-security/policies-slc04.md;13-verification/acceptance/SLC-04/match-ruleset-state-machine.md;13-verification/tooling/slice-sources.md"
"CMD-MRS-DRAFT","7","yes","03-domain/contexts/BC02/commands-slc04.md;03-domain/contexts/BC02/events-slc04.md;03-domain/contexts/BC02/aggregates/AGG-MATCH-RULESET.md;05-contracts/openapi-information-slc04.md;08-security/policies-slc04.md;13-verification/acceptance/SLC-04/match-ruleset-state-machine.md;13-verification/tooling/slice-sources.md"
"CMD-MRS-EDIT","8","yes","03-domain/contexts/BC02/commands-slc04.md;03-domain/contexts/BC02/events-slc04.md;03-domain/contexts/BC02/aggregates/AGG-MATCH-RULESET.md;05-contracts/errors-slc04.md;05-contracts/openapi-information-slc04.md;08-security/policies-slc04.md;13-verification/acceptance/SLC-04/match-ruleset-state-machine.md;13-verification/tooling/slice-sources.md"
"CMD-NTF","1","no","05-contracts/errors-slc06.md"
"CMD-NTF-MARK-READ","8","yes","03-domain/contexts/BC04/commands-slc06.md;03-domain/contexts/BC04/events-slc06.md;03-domain/contexts/BC04/aggregates/AGG-NOTIFICATION.md;05-contracts/errors-slc06.md;05-contracts/openapi-operations-slc06.md;08-security/policies-slc06.md;13-verification/acceptance/SLC-06/notification-state-machine.md;13-verification/tooling/slice-sources.md"
"CMD-OBS-AMEND","9","yes","03-domain/contexts/BC02/commands-slc02.md;03-domain/contexts/BC02/events-slc02.md;03-domain/contexts/BC02/aggregates/AGG-OBSERVATION.md;05-contracts/errors-slc02.md;05-contracts/openapi-field-slc11.md;05-contracts/openapi-information-slc02.md;08-security/policies-slc02.md;13-verification/acceptance/SLC-02/observation-state-machine.md;13-verification/tooling/slice-sources.md"
"CMD-OBS-ATTACH-EVIDENCE","9","yes","03-domain/contexts/BC02/commands-slc02.md;03-domain/contexts/BC02/events-slc02.md;03-domain/contexts/BC02/aggregates/AGG-OBSERVATION.md;05-contracts/errors-slc02.md;05-contracts/openapi-field-slc11.md;05-contracts/openapi-information-slc02.md;08-security/policies-slc02.md;13-verification/acceptance/SLC-02/observation-state-machine.md;13-verification/tooling/slice-sources.md"
"CMD-OBS-RECLASSIFY","8","yes","03-domain/contexts/BC02/commands-slc02.md;03-domain/contexts/BC02/events-slc02.md;03-domain/contexts/BC02/aggregates/AGG-OBSERVATION.md;05-contracts/errors-slc02.md;05-contracts/openapi-information-slc02.md;08-security/policies-slc02.md;13-verification/acceptance/SLC-02/observation-state-machine.md;13-verification/tooling/slice-sources.md"
"CMD-OBS-RECORD","11","yes","03-domain/contexts/BC02/commands-slc02.md;03-domain/contexts/BC02/events-slc02.md;03-domain/contexts/BC02/aggregates/AGG-OBSERVATION.md;03-domain/contexts/BC07/commands-slc16.md;03-domain/contexts/BC07/aggregates/AGG-SENSOR-STREAM.md;05-contracts/errors-slc02.md;05-contracts/openapi-field-slc11.md;05-contracts/openapi-information-slc02.md;08-security/policies-slc02.md;13-verification/acceptance/SLC-02/observation-state-machine.md;13-verification/tooling/slice-sources.md"
"CMD-OBS-REJECT","8","yes","03-domain/contexts/BC02/commands-slc02.md;03-domain/contexts/BC02/events-slc02.md;03-domain/contexts/BC02/aggregates/AGG-OBSERVATION.md;05-contracts/errors-slc02.md;05-contracts/openapi-information-slc02.md;08-security/policies-slc02.md;13-verification/acceptance/SLC-02/observation-state-machine.md;13-verification/tooling/slice-sources.md"
"CMD-OBS-VALIDATE","8","yes","03-domain/contexts/BC02/commands-slc02.md;03-domain/contexts/BC02/events-slc02.md;03-domain/contexts/BC02/aggregates/AGG-OBSERVATION.md;05-contracts/errors-slc02.md;05-contracts/openapi-information-slc02.md;08-security/policies-slc02.md;13-verification/acceptance/SLC-02/observation-state-machine.md;13-verification/tooling/slice-sources.md"
"CMD-ORG-ADD-UNIT","8","yes","03-domain/contexts/BC01/commands-slc01.md;03-domain/contexts/BC01/events-slc01.md;03-domain/contexts/BC01/aggregates/AGG-ORGANIZATION.md;05-contracts/errors-slc01.md;05-contracts/openapi-foundation-slc01.md;08-security/policies-slc01.md;13-verification/acceptance/SLC-01/organization-state-machine.md;13-verification/tooling/slice-sources.md"
"CMD-ORG-CREATE","8","yes","03-domain/contexts/BC01/commands-slc01.md;03-domain/contexts/BC01/events-slc01.md;03-domain/contexts/BC01/aggregates/AGG-ORGANIZATION.md;05-contracts/errors-slc01.md;05-contracts/openapi-foundation-slc01.md;08-security/policies-slc01.md;13-verification/acceptance/SLC-01/organization-state-machine.md;13-verification/tooling/slice-sources.md"
"CMD-ORG-DEACTIVATE","8","yes","03-domain/contexts/BC01/commands-slc01.md;03-domain/contexts/BC01/events-slc01.md;03-domain/contexts/BC01/aggregates/AGG-ORGANIZATION.md;05-contracts/errors-slc01.md;05-contracts/openapi-foundation-slc01.md;08-security/policies-slc01.md;13-verification/acceptance/SLC-01/organization-state-machine.md;13-verification/tooling/slice-sources.md"
"CMD-ORG-DEACTIVATE-UNIT","8","yes","03-domain/contexts/BC01/commands-slc01.md;03-domain/contexts/BC01/events-slc01.md;03-domain/contexts/BC01/aggregates/AGG-ORGANIZATION.md;05-contracts/errors-slc01.md;05-contracts/openapi-foundation-slc01.md;08-security/policies-slc01.md;13-verification/acceptance/SLC-01/organization-state-machine.md;13-verification/tooling/slice-sources.md"
"CMD-ORG-MOVE-UNIT","8","yes","03-domain/contexts/BC01/commands-slc01.md;03-domain/contexts/BC01/events-slc01.md;03-domain/contexts/BC01/aggregates/AGG-ORGANIZATION.md;05-contracts/errors-slc01.md;05-contracts/openapi-foundation-slc01.md;08-security/policies-slc01.md;13-verification/acceptance/SLC-01/organization-state-machine.md;13-verification/tooling/slice-sources.md"
"CMD-ORG-REACTIVATE","8","yes","03-domain/contexts/BC01/commands-slc01.md;03-domain/contexts/BC01/events-slc01.md;03-domain/contexts/BC01/aggregates/AGG-ORGANIZATION.md;05-contracts/errors-slc01.md;05-contracts/openapi-foundation-slc01.md;08-security/policies-slc01.md;13-verification/acceptance/SLC-01/organization-state-machine.md;13-verification/tooling/slice-sources.md"
"CMD-ORG-RENAME","8","yes","03-domain/contexts/BC01/commands-slc01.md;03-domain/contexts/BC01/events-slc01.md;03-domain/contexts/BC01/aggregates/AGG-ORGANIZATION.md;05-contracts/errors-slc01.md;05-contracts/openapi-foundation-slc01.md;08-security/policies-slc01.md;13-verification/acceptance/SLC-01/organization-state-machine.md;13-verification/tooling/slice-sources.md"
"CMD-ORG-RENAME-UNIT","8","yes","03-domain/contexts/BC01/commands-slc01.md;03-domain/contexts/BC01/events-slc01.md;03-domain/contexts/BC01/aggregates/AGG-ORGANIZATION.md;05-contracts/errors-slc01.md;05-contracts/openapi-foundation-slc01.md;08-security/policies-slc01.md;13-verification/acceptance/SLC-01/organization-state-machine.md;13-verification/tooling/slice-sources.md"
"CMD-OUT-CORRECT","8","yes","03-domain/contexts/BC04/commands-slc08.md;03-domain/contexts/BC04/events-slc08.md;03-domain/contexts/BC04/aggregates/AGG-OUTCOME-TRACKER.md;05-contracts/errors-slc08.md;05-contracts/openapi-operations-slc08.md;08-security/policies-slc08.md;13-verification/acceptance/SLC-08/outcome-tracker-state-machine.md;13-verification/tooling/slice-sources.md"
"CMD-OUT-RECORD","8","yes","03-domain/contexts/BC04/commands-slc08.md;03-domain/contexts/BC04/events-slc08.md;03-domain/contexts/BC04/aggregates/AGG-OUTCOME-TRACKER.md;05-contracts/errors-slc08.md;05-contracts/openapi-operations-slc08.md;08-security/policies-slc08.md;13-verification/acceptance/SLC-08/outcome-tracker-state-machine.md;13-verification/tooling/slice-sources.md"
"CMD-PER-DEACTIVATE","8","yes","03-domain/contexts/BC01/commands-slc01.md;03-domain/contexts/BC01/events-slc01.md;03-domain/contexts/BC01/aggregates/AGG-PERSON.md;05-contracts/errors-slc01.md;05-contracts/openapi-foundation-slc01.md;08-security/policies-slc01.md;13-verification/acceptance/SLC-01/person-state-machine.md;13-verification/tooling/slice-sources.md"
"CMD-PER-ERASE","11","yes","00-governance/RATIFICATION-PACKAGE.md;03-domain/contexts/BC01/commands-slc01.md;03-domain/contexts/BC01/events-slc01.md;03-domain/contexts/BC01/aggregates/AGG-PERSON.md;05-contracts/errors-slc01.md;05-contracts/openapi-foundation-slc01.md;08-security/policies-slc01.md;13-verification/acceptance/SLC-01/person-state-machine.md;13-verification/tooling/slice-sources.md;14-slices/SLC-01/readiness.md;16-reports/SESSION-W4-W7-SLC01.md"
"CMD-PER-REACTIVATE","8","yes","03-domain/contexts/BC01/commands-slc01.md;03-domain/contexts/BC01/events-slc01.md;03-domain/contexts/BC01/aggregates/AGG-PERSON.md;05-contracts/errors-slc01.md;05-contracts/openapi-foundation-slc01.md;08-security/policies-slc01.md;13-verification/acceptance/SLC-01/person-state-machine.md;13-verification/tooling/slice-sources.md"
"CMD-PER-REGISTER","8","yes","03-domain/contexts/BC01/commands-slc01.md;03-domain/contexts/BC01/events-slc01.md;03-domain/contexts/BC01/aggregates/AGG-PERSON.md;05-contracts/errors-slc01.md;05-contracts/openapi-foundation-slc01.md;08-security/policies-slc01.md;13-verification/acceptance/SLC-01/person-state-machine.md;13-verification/tooling/slice-sources.md"
"CMD-PER-UPDATE-DETAILS","8","yes","03-domain/contexts/BC01/commands-slc01.md;03-domain/contexts/BC01/events-slc01.md;03-domain/contexts/BC01/aggregates/AGG-PERSON.md;05-contracts/errors-slc01.md;05-contracts/openapi-foundation-slc01.md;08-security/policies-slc01.md;13-verification/acceptance/SLC-01/person-state-machine.md;13-verification/tooling/slice-sources.md"
"CMD-PKG","1","no","05-contracts/errors-slc11.md"
"CMD-PKG-CONFIRM-DOWNLOAD","8","yes","03-domain/contexts/BC07/commands-slc11.md;03-domain/contexts/BC07/events-slc11.md;03-domain/contexts/BC07/aggregates/AGG-PRELOAD-PACKAGE.md;05-contracts/errors-slc11.md;05-contracts/openapi-field-slc11.md;08-security/policies-slc11.md;13-verification/acceptance/SLC-11/preload-package-state-machine.md;13-verification/tooling/slice-sources.md"
"CMD-PKG-REQUEST","8","yes","03-domain/contexts/BC07/commands-slc11.md;03-domain/contexts/BC07/events-slc11.md;03-domain/contexts/BC07/aggregates/AGG-PRELOAD-PACKAGE.md;05-contracts/errors-slc11.md;05-contracts/openapi-field-slc11.md;08-security/policies-slc11.md;13-verification/acceptance/SLC-11/preload-package-state-machine.md;13-verification/tooling/slice-sources.md"
"CMD-PKG-REVOKE","8","yes","03-domain/contexts/BC07/commands-slc11.md;03-domain/contexts/BC07/events-slc11.md;03-domain/contexts/BC07/aggregates/AGG-PRELOAD-PACKAGE.md;05-contracts/errors-slc11.md;05-contracts/openapi-field-slc11.md;08-security/policies-slc11.md;13-verification/acceptance/SLC-11/preload-package-state-machine.md;13-verification/tooling/slice-sources.md"
"CMD-PLN-CANCEL","8","yes","03-domain/contexts/BC04/commands-slc08.md;03-domain/contexts/BC04/events-slc08.md;03-domain/contexts/BC04/aggregates/AGG-PLAN.md;05-contracts/errors-slc08.md;05-contracts/openapi-operations-slc08.md;08-security/policies-slc08.md;13-verification/acceptance/SLC-08/plan-state-machine.md;13-verification/tooling/slice-sources.md"
"CMD-PLN-CLOSE","8","yes","03-domain/contexts/BC04/commands-slc08.md;03-domain/contexts/BC04/events-slc08.md;03-domain/contexts/BC04/aggregates/AGG-PLAN.md;05-contracts/errors-slc08.md;05-contracts/openapi-operations-slc08.md;08-security/policies-slc08.md;13-verification/acceptance/SLC-08/plan-state-machine.md;13-verification/tooling/slice-sources.md"
"CMD-PLN-COMPLETE","8","yes","03-domain/contexts/BC04/commands-slc08.md;03-domain/contexts/BC04/events-slc08.md;03-domain/contexts/BC04/aggregates/AGG-PLAN.md;05-contracts/errors-slc08.md;05-contracts/openapi-operations-slc08.md;08-security/policies-slc08.md;13-verification/acceptance/SLC-08/plan-state-machine.md;13-verification/tooling/slice-sources.md"
"CMD-PLN-CREATE","10","yes","00-governance/registers/corrections.md;03-domain/contexts/BC04/commands-slc08.md;03-domain/contexts/BC04/events-slc08.md;03-domain/contexts/BC04/aggregates/AGG-PLAN.md;05-contracts/errors-slc08.md;05-contracts/openapi-operations-slc08.md;08-security/policies-slc08.md;13-verification/invariant-properties-slc17.md;13-verification/acceptance/SLC-08/plan-state-machine.md;13-verification/tooling/slice-sources.md"
"CMD-PLN-RECLASSIFY","8","yes","03-domain/contexts/BC04/commands-slc08.md;03-domain/contexts/BC04/events-slc08.md;03-domain/contexts/BC04/aggregates/AGG-PLAN.md;05-contracts/errors-slc08.md;05-contracts/openapi-operations-slc08.md;08-security/policies-slc08.md;13-verification/acceptance/SLC-08/plan-state-machine.md;13-verification/tooling/slice-sources.md"
"CMD-PLN-RESUME","8","yes","03-domain/contexts/BC04/commands-slc08.md;03-domain/contexts/BC04/events-slc08.md;03-domain/contexts/BC04/aggregates/AGG-PLAN.md;05-contracts/errors-slc08.md;05-contracts/openapi-operations-slc08.md;08-security/policies-slc08.md;13-verification/acceptance/SLC-08/plan-state-machine.md;13-verification/tooling/slice-sources.md"
"CMD-PLN-SUSPEND","8","yes","03-domain/contexts/BC04/commands-slc08.md;03-domain/contexts/BC04/events-slc08.md;03-domain/contexts/BC04/aggregates/AGG-PLAN.md;05-contracts/errors-slc08.md;05-contracts/openapi-operations-slc08.md;08-security/policies-slc08.md;13-verification/acceptance/SLC-08/plan-state-machine.md;13-verification/tooling/slice-sources.md"
"CMD-PLV-AMEND-MINOR","9","yes","03-domain/contexts/BC04/commands-slc08.md;03-domain/contexts/BC04/decision-plan-spec.md;03-domain/contexts/BC04/events-slc08.md;03-domain/contexts/BC04/aggregates/AGG-PLAN-VERSION.md;05-contracts/errors-slc08.md;05-contracts/openapi-operations-slc08.md;08-security/policies-slc08.md;13-verification/acceptance/SLC-08/plan-version-state-machine.md;13-verification/tooling/slice-sources.md"
"CMD-PLV-APPROVE","8","yes","03-domain/contexts/BC04/commands-slc08.md;03-domain/contexts/BC04/events-slc08.md;03-domain/contexts/BC04/aggregates/AGG-PLAN-VERSION.md;05-contracts/errors-slc08.md;05-contracts/openapi-operations-slc08.md;08-security/policies-slc08.md;13-verification/acceptance/SLC-08/plan-version-state-machine.md;13-verification/tooling/slice-sources.md"
"CMD-PLV-DISCARD","8","yes","03-domain/contexts/BC04/commands-slc08.md;03-domain/contexts/BC04/events-slc08.md;03-domain/contexts/BC04/aggregates/AGG-PLAN-VERSION.md;05-contracts/errors-slc08.md;05-contracts/openapi-operations-slc08.md;08-security/policies-slc08.md;13-verification/acceptance/SLC-08/plan-version-state-machine.md;13-verification/tooling/slice-sources.md"
"CMD-PLV-DRAFT","8","yes","03-domain/contexts/BC04/commands-slc08.md;03-domain/contexts/BC04/events-slc08.md;03-domain/contexts/BC04/aggregates/AGG-PLAN-VERSION.md;05-contracts/errors-slc08.md;05-contracts/openapi-operations-slc08.md;08-security/policies-slc08.md;13-verification/acceptance/SLC-08/plan-version-state-machine.md;13-verification/tooling/slice-sources.md"
"CMD-PLV-EDIT","8","yes","03-domain/contexts/BC04/commands-slc08.md;03-domain/contexts/BC04/events-slc08.md;03-domain/contexts/BC04/aggregates/AGG-PLAN-VERSION.md;05-contracts/errors-slc08.md;05-contracts/openapi-operations-slc08.md;08-security/policies-slc08.md;13-verification/acceptance/SLC-08/plan-version-state-machine.md;13-verification/tooling/slice-sources.md"
"CMD-PLV-REJECT","8","yes","03-domain/contexts/BC04/commands-slc08.md;03-domain/contexts/BC04/events-slc08.md;03-domain/contexts/BC04/aggregates/AGG-PLAN-VERSION.md;05-contracts/errors-slc08.md;05-contracts/openapi-operations-slc08.md;08-security/policies-slc08.md;13-verification/acceptance/SLC-08/plan-version-state-machine.md;13-verification/tooling/slice-sources.md"
"CMD-PLV-RETURN","8","yes","03-domain/contexts/BC04/commands-slc08.md;03-domain/contexts/BC04/events-slc08.md;03-domain/contexts/BC04/aggregates/AGG-PLAN-VERSION.md;05-contracts/errors-slc08.md;05-contracts/openapi-operations-slc08.md;08-security/policies-slc08.md;13-verification/acceptance/SLC-08/plan-version-state-machine.md;13-verification/tooling/slice-sources.md"
"CMD-PLV-SUBMIT","8","yes","03-domain/contexts/BC04/commands-slc08.md;03-domain/contexts/BC04/events-slc08.md;03-domain/contexts/BC04/aggregates/AGG-PLAN-VERSION.md;05-contracts/errors-slc08.md;05-contracts/openapi-operations-slc08.md;08-security/policies-slc08.md;13-verification/acceptance/SLC-08/plan-version-state-machine.md;13-verification/tooling/slice-sources.md"
"CMD-POL","1","no","14-slices/SLC-09/readiness.md"
"CMD-POL-APPROVE","8","yes","03-domain/contexts/BC08/commands-slc01.md;03-domain/contexts/BC08/events-slc01.md;03-domain/contexts/BC08/aggregates/AGG-POLICY-SET.md;05-contracts/errors-slc01.md;05-contracts/openapi-governance-slc01.md;08-security/policies-slc01.md;13-verification/acceptance/SLC-01/policy-set-state-machine.md;13-verification/tooling/slice-sources.md"
"CMD-POL-DRAFT","7","yes","03-domain/contexts/BC08/commands-slc01.md;03-domain/contexts/BC08/events-slc01.md;03-domain/contexts/BC08/aggregates/AGG-POLICY-SET.md;05-contracts/openapi-governance-slc01.md;08-security/policies-slc01.md;13-verification/acceptance/SLC-01/policy-set-state-machine.md;13-verification/tooling/slice-sources.md"
"CMD-POL-EDIT","8","yes","03-domain/contexts/BC08/commands-slc01.md;03-domain/contexts/BC08/events-slc01.md;03-domain/contexts/BC08/aggregates/AGG-POLICY-SET.md;05-contracts/errors-slc01.md;05-contracts/openapi-governance-slc01.md;08-security/policies-slc01.md;13-verification/acceptance/SLC-01/policy-set-state-machine.md;13-verification/tooling/slice-sources.md"
"CMD-POL-REJECT","8","yes","03-domain/contexts/BC08/commands-slc01.md;03-domain/contexts/BC08/events-slc01.md;03-domain/contexts/BC08/aggregates/AGG-POLICY-SET.md;05-contracts/errors-slc01.md;05-contracts/openapi-governance-slc01.md;08-security/policies-slc01.md;13-verification/acceptance/SLC-01/policy-set-state-machine.md;13-verification/tooling/slice-sources.md"
"CMD-POL-SUBMIT","8","yes","03-domain/contexts/BC08/commands-slc01.md;03-domain/contexts/BC08/events-slc01.md;03-domain/contexts/BC08/aggregates/AGG-POLICY-SET.md;05-contracts/errors-slc01.md;05-contracts/openapi-governance-slc01.md;08-security/policies-slc01.md;13-verification/acceptance/SLC-01/policy-set-state-machine.md;13-verification/tooling/slice-sources.md"
"CMD-PRD-APPROVE","8","yes","03-domain/contexts/BC06/commands-slc12.md;03-domain/contexts/BC06/events-slc12.md;03-domain/contexts/BC06/aggregates/AGG-PRODUCT.md;05-contracts/errors-slc12.md;05-contracts/openapi-knowledge-slc12.md;08-security/policies-slc12.md;13-verification/acceptance/SLC-12/product-state-machine.md;13-verification/tooling/slice-sources.md"
"CMD-PRD-CREATE","8","yes","03-domain/contexts/BC06/commands-slc12.md;03-domain/contexts/BC06/events-slc12.md;03-domain/contexts/BC06/aggregates/AGG-PRODUCT.md;05-contracts/errors-slc12.md;05-contracts/openapi-knowledge-slc12.md;08-security/policies-slc12.md;13-verification/acceptance/SLC-12/product-state-machine.md;13-verification/tooling/slice-sources.md"
"CMD-PRD-DISCARD","8","yes","03-domain/contexts/BC06/commands-slc12.md;03-domain/contexts/BC06/events-slc12.md;03-domain/contexts/BC06/aggregates/AGG-PRODUCT.md;05-contracts/errors-slc12.md;05-contracts/openapi-knowledge-slc12.md;08-security/policies-slc12.md;13-verification/acceptance/SLC-12/product-state-machine.md;13-verification/tooling/slice-sources.md"
"CMD-PRD-EDIT-NARRATIVE","8","yes","03-domain/contexts/BC06/commands-slc12.md;03-domain/contexts/BC06/events-slc12.md;03-domain/contexts/BC06/aggregates/AGG-PRODUCT.md;05-contracts/errors-slc12.md;05-contracts/openapi-knowledge-slc12.md;08-security/policies-slc12.md;13-verification/acceptance/SLC-12/product-state-machine.md;13-verification/tooling/slice-sources.md"
"CMD-PRD-GENERATE","8","yes","03-domain/contexts/BC06/commands-slc12.md;03-domain/contexts/BC06/events-slc12.md;03-domain/contexts/BC06/aggregates/AGG-PRODUCT.md;05-contracts/errors-slc12.md;05-contracts/openapi-knowledge-slc12.md;08-security/policies-slc12.md;13-verification/acceptance/SLC-12/product-state-machine.md;13-verification/tooling/slice-sources.md"
"CMD-PRD-RETURN","8","yes","03-domain/contexts/BC06/commands-slc12.md;03-domain/contexts/BC06/events-slc12.md;03-domain/contexts/BC06/aggregates/AGG-PRODUCT.md;05-contracts/errors-slc12.md;05-contracts/openapi-knowledge-slc12.md;08-security/policies-slc12.md;13-verification/acceptance/SLC-12/product-state-machine.md;13-verification/tooling/slice-sources.md"
"CMD-PRD-SUBMIT","8","yes","03-domain/contexts/BC06/commands-slc12.md;03-domain/contexts/BC06/events-slc12.md;03-domain/contexts/BC06/aggregates/AGG-PRODUCT.md;05-contracts/errors-slc12.md;05-contracts/openapi-knowledge-slc12.md;08-security/policies-slc12.md;13-verification/acceptance/SLC-12/product-state-machine.md;13-verification/tooling/slice-sources.md"
"CMD-PRD-WITHDRAW","8","yes","03-domain/contexts/BC06/commands-slc12.md;03-domain/contexts/BC06/events-slc12.md;03-domain/contexts/BC06/aggregates/AGG-PRODUCT.md;05-contracts/errors-slc12.md;05-contracts/openapi-knowledge-slc12.md;08-security/policies-slc12.md;13-verification/acceptance/SLC-12/product-state-machine.md;13-verification/tooling/slice-sources.md"
"CMD-PRJ-CANCEL-BUILD","8","yes","03-domain/contexts/BC07/commands-slc05.md;03-domain/contexts/BC07/events-slc05.md;03-domain/contexts/BC07/aggregates/AGG-PROJECTION-VERSION.md;05-contracts/errors-slc05.md;05-contracts/openapi-discovery-slc05.md;08-security/policies-slc05.md;13-verification/acceptance/SLC-05/projection-version-state-machine.md;13-verification/tooling/slice-sources.md"
"CMD-PRJ-CREATE-VERSION","8","yes","03-domain/contexts/BC07/commands-slc05.md;03-domain/contexts/BC07/events-slc05.md;03-domain/contexts/BC07/aggregates/AGG-PROJECTION-VERSION.md;05-contracts/errors-slc05.md;05-contracts/openapi-discovery-slc05.md;08-security/policies-slc05.md;13-verification/acceptance/SLC-05/projection-version-state-machine.md;13-verification/tooling/slice-sources.md"
"CMD-PRJ-PROMOTE","8","yes","03-domain/contexts/BC07/commands-slc05.md;03-domain/contexts/BC07/events-slc05.md;03-domain/contexts/BC07/aggregates/AGG-PROJECTION-VERSION.md;05-contracts/errors-slc05.md;05-contracts/openapi-discovery-slc05.md;08-security/policies-slc05.md;13-verification/acceptance/SLC-05/projection-version-state-machine.md;13-verification/tooling/slice-sources.md"
"CMD-PRJ-RETIRE","8","yes","03-domain/contexts/BC07/commands-slc05.md;03-domain/contexts/BC07/events-slc05.md;03-domain/contexts/BC07/aggregates/AGG-PROJECTION-VERSION.md;05-contracts/errors-slc05.md;05-contracts/openapi-discovery-slc05.md;08-security/policies-slc05.md;13-verification/acceptance/SLC-05/projection-version-state-machine.md;13-verification/tooling/slice-sources.md"
"CMD-PT","1","no","05-contracts/errors-slc12.md"
"CMD-PTM-ACTIVATE","8","yes","03-domain/contexts/BC06/commands-slc12.md;03-domain/contexts/BC06/events-slc12.md;03-domain/contexts/BC06/aggregates/AGG-PRODUCT-TEMPLATE.md;05-contracts/errors-slc12.md;05-contracts/openapi-knowledge-slc12.md;08-security/policies-slc12.md;13-verification/acceptance/SLC-12/product-template-state-machine.md;13-verification/tooling/slice-sources.md"
"CMD-PTM-DEFINE","8","yes","03-domain/contexts/BC06/commands-slc12.md;03-domain/contexts/BC06/events-slc12.md;03-domain/contexts/BC06/aggregates/AGG-PRODUCT-TEMPLATE.md;05-contracts/errors-slc12.md;05-contracts/openapi-knowledge-slc12.md;08-security/policies-slc12.md;13-verification/acceptance/SLC-12/product-template-state-machine.md;13-verification/tooling/slice-sources.md"
"CMD-PTM-EDIT","8","yes","03-domain/contexts/BC06/commands-slc12.md;03-domain/contexts/BC06/events-slc12.md;03-domain/contexts/BC06/aggregates/AGG-PRODUCT-TEMPLATE.md;05-contracts/errors-slc12.md;05-contracts/openapi-knowledge-slc12.md;08-security/policies-slc12.md;13-verification/acceptance/SLC-12/product-template-state-machine.md;13-verification/tooling/slice-sources.md"
"CMD-PTM-RETIRE","8","yes","03-domain/contexts/BC06/commands-slc12.md;03-domain/contexts/BC06/events-slc12.md;03-domain/contexts/BC06/aggregates/AGG-PRODUCT-TEMPLATE.md;05-contracts/errors-slc12.md;05-contracts/openapi-knowledge-slc12.md;08-security/policies-slc12.md;13-verification/acceptance/SLC-12/product-template-state-machine.md;13-verification/tooling/slice-sources.md"
"CMD-QUAL-RECORD","12","yes","02-requirements/requirements.md;03-domain/contexts/BC05/commands-slc03.md;03-domain/contexts/BC05/events-slc03.md;03-domain/contexts/BC05/training-exercise-spec.md;03-domain/contexts/BC05/aggregates/AGG-QUALIFICATION-RECORD.md;05-contracts/errors-slc03.md;05-contracts/openapi-readiness-slc03.md;08-security/policies-slc03.md;13-verification/acceptance/SLC-03/qualification-record-state-machine.md;13-verification/acceptance/SLC-19/invariants-slc19.md;13-verification/tooling/slice-sources.md;14-slices/SLC-19/readiness.md"
"CMD-QUAL-REINSTATE","8","yes","03-domain/contexts/BC05/commands-slc03.md;03-domain/contexts/BC05/events-slc03.md;03-domain/contexts/BC05/aggregates/AGG-QUALIFICATION-RECORD.md;05-contracts/errors-slc03.md;05-contracts/openapi-readiness-slc03.md;08-security/policies-slc03.md;13-verification/acceptance/SLC-03/qualification-record-state-machine.md;13-verification/tooling/slice-sources.md"
"CMD-QUAL-RENEW","10","yes","02-requirements/requirements.md;03-domain/contexts/BC05/commands-slc03.md;03-domain/contexts/BC05/events-slc03.md;03-domain/contexts/BC05/training-exercise-spec.md;03-domain/contexts/BC05/aggregates/AGG-QUALIFICATION-RECORD.md;05-contracts/errors-slc03.md;05-contracts/openapi-readiness-slc03.md;08-security/policies-slc03.md;13-verification/acceptance/SLC-03/qualification-record-state-machine.md;13-verification/tooling/slice-sources.md"
"CMD-QUAL-REVOKE","9","yes","03-domain/contexts/BC05/commands-slc03.md;03-domain/contexts/BC05/events-slc03.md;03-domain/contexts/BC05/aggregates/AGG-QUALIFICATION-RECORD.md;05-contracts/errors-slc03.md;05-contracts/openapi-readiness-slc03.md;08-security/policies-slc03.md;09-reliability/fmea-slc19.md;13-verification/acceptance/SLC-03/qualification-record-state-machine.md;13-verification/tooling/slice-sources.md"
"CMD-QUAL-SUSPEND","8","yes","03-domain/contexts/BC05/commands-slc03.md;03-domain/contexts/BC05/events-slc03.md;03-domain/contexts/BC05/aggregates/AGG-QUALIFICATION-RECORD.md;05-contracts/errors-slc03.md;05-contracts/openapi-readiness-slc03.md;08-security/policies-slc03.md;13-verification/acceptance/SLC-03/qualification-record-state-machine.md;13-verification/tooling/slice-sources.md"
"CMD-RAS","1","no","13-verification/acceptance/SLC-16/invariants-slc16.md"
"CMD-RAS-ASSIGN","11","yes","03-domain/contexts/BC01/commands-slc01.md;03-domain/contexts/BC01/commands-slc16.md;03-domain/contexts/BC01/events-slc01.md;03-domain/contexts/BC01/aggregates/AGG-HR-SYNC-PROPOSAL.md;03-domain/contexts/BC01/aggregates/AGG-ROLE-ASSIGNMENT.md;05-contracts/errors-slc01.md;05-contracts/openapi-foundation-slc01.md;08-security/policies-slc01.md;08-security/threat-model-slc01.md;13-verification/acceptance/SLC-01/role-assignment-state-machine.md;13-verification/tooling/slice-sources.md"
"CMD-RAS-REVOKE","10","yes","03-domain/contexts/BC01/commands-slc01.md;03-domain/contexts/BC01/commands-slc16.md;03-domain/contexts/BC01/events-slc01.md;03-domain/contexts/BC01/aggregates/AGG-HR-SYNC-PROPOSAL.md;03-domain/contexts/BC01/aggregates/AGG-ROLE-ASSIGNMENT.md;05-contracts/errors-slc01.md;05-contracts/openapi-foundation-slc01.md;08-security/policies-slc01.md;13-verification/acceptance/SLC-01/role-assignment-state-machine.md;13-verification/tooling/slice-sources.md"
"CMD-REC-CANCEL","8","yes","03-domain/contexts/BC06/commands-slc12.md;03-domain/contexts/BC06/events-slc12.md;03-domain/contexts/BC06/aggregates/AGG-RECONSTRUCTION.md;05-contracts/errors-slc12.md;05-contracts/openapi-knowledge-slc12.md;08-security/policies-slc12.md;13-verification/acceptance/SLC-12/reconstruction-state-machine.md;13-verification/tooling/slice-sources.md"
"CMD-REC-REQUEST","8","yes","03-domain/contexts/BC06/commands-slc12.md;03-domain/contexts/BC06/events-slc12.md;03-domain/contexts/BC06/aggregates/AGG-RECONSTRUCTION.md;05-contracts/errors-slc12.md;05-contracts/openapi-knowledge-slc12.md;08-security/policies-slc12.md;13-verification/acceptance/SLC-12/reconstruction-state-machine.md;13-verification/tooling/slice-sources.md"
"CMD-REL-RECLASSIFY","8","yes","03-domain/contexts/BC02/commands-slc02.md;03-domain/contexts/BC02/events-slc02.md;03-domain/contexts/BC02/aggregates/AGG-RELATIONSHIP.md;05-contracts/errors-slc02.md;05-contracts/openapi-information-slc02.md;08-security/policies-slc02.md;13-verification/acceptance/SLC-02/relationship-state-machine.md;13-verification/tooling/slice-sources.md"
"CMD-REL-REGISTER","8","yes","03-domain/contexts/BC02/commands-slc02.md;03-domain/contexts/BC02/events-slc02.md;03-domain/contexts/BC02/aggregates/AGG-RELATIONSHIP.md;05-contracts/errors-slc02.md;05-contracts/openapi-information-slc02.md;08-security/policies-slc02.md;13-verification/acceptance/SLC-02/relationship-state-machine.md;13-verification/tooling/slice-sources.md"
"CMD-REL-REINSTATE","8","yes","03-domain/contexts/BC02/commands-slc02.md;03-domain/contexts/BC02/events-slc02.md;03-domain/contexts/BC02/aggregates/AGG-RELATIONSHIP.md;05-contracts/errors-slc02.md;05-contracts/openapi-information-slc02.md;08-security/policies-slc02.md;13-verification/acceptance/SLC-02/relationship-state-machine.md;13-verification/tooling/slice-sources.md"
"CMD-REL-RETIRE","8","yes","03-domain/contexts/BC02/commands-slc02.md;03-domain/contexts/BC02/events-slc02.md;03-domain/contexts/BC02/aggregates/AGG-RELATIONSHIP.md;05-contracts/errors-slc02.md;05-contracts/openapi-information-slc02.md;08-security/policies-slc02.md;13-verification/acceptance/SLC-02/relationship-state-machine.md;13-verification/tooling/slice-sources.md"
"CMD-RIS-ASSESS","8","yes","03-domain/contexts/BC04/commands-slc17.md;03-domain/contexts/BC04/events-slc17.md;03-domain/contexts/BC04/aggregates/AGG-RISK.md;05-contracts/errors-slc17.md;05-contracts/openapi-operations-slc17.md;08-security/policies-slc17.md;13-verification/acceptance/SLC-17/risk-state-machine.md;13-verification/tooling/slice-sources.md"
"CMD-RIS-CLOSE","8","yes","03-domain/contexts/BC04/commands-slc17.md;03-domain/contexts/BC04/events-slc17.md;03-domain/contexts/BC04/aggregates/AGG-RISK.md;05-contracts/errors-slc17.md;05-contracts/openapi-operations-slc17.md;08-security/policies-slc17.md;13-verification/acceptance/SLC-17/risk-state-machine.md;13-verification/tooling/slice-sources.md"
"CMD-RIS-IDENTIFY","8","yes","03-domain/contexts/BC04/commands-slc17.md;03-domain/contexts/BC04/events-slc17.md;03-domain/contexts/BC04/aggregates/AGG-RISK.md;05-contracts/errors-slc17.md;05-contracts/openapi-operations-slc17.md;08-security/policies-slc17.md;13-verification/acceptance/SLC-17/risk-state-machine.md;13-verification/tooling/slice-sources.md"
"CMD-RIS-PLAN-TREATMENT","8","yes","03-domain/contexts/BC04/commands-slc17.md;03-domain/contexts/BC04/events-slc17.md;03-domain/contexts/BC04/aggregates/AGG-RISK.md;05-contracts/errors-slc17.md;05-contracts/openapi-operations-slc17.md;08-security/policies-slc17.md;13-verification/acceptance/SLC-17/risk-state-machine.md;13-verification/tooling/slice-sources.md"
"CMD-RIS-REASSESS","8","yes","03-domain/contexts/BC04/commands-slc17.md;03-domain/contexts/BC04/events-slc17.md;03-domain/contexts/BC04/aggregates/AGG-RISK.md;05-contracts/errors-slc17.md;05-contracts/openapi-operations-slc17.md;08-security/policies-slc17.md;13-verification/acceptance/SLC-17/risk-state-machine.md;13-verification/tooling/slice-sources.md"
"CMD-ROL-ACTIVATE","8","yes","03-domain/contexts/BC01/commands-slc01.md;03-domain/contexts/BC01/events-slc01.md;03-domain/contexts/BC01/aggregates/AGG-ROLE.md;05-contracts/errors-slc01.md;05-contracts/openapi-foundation-slc01.md;08-security/policies-slc01.md;13-verification/acceptance/SLC-01/role-state-machine.md;13-verification/tooling/slice-sources.md"
"CMD-ROL-DEFINE","8","yes","03-domain/contexts/BC01/commands-slc01.md;03-domain/contexts/BC01/events-slc01.md;03-domain/contexts/BC01/aggregates/AGG-ROLE.md;05-contracts/errors-slc01.md;05-contracts/openapi-foundation-slc01.md;08-security/policies-slc01.md;13-verification/acceptance/SLC-01/role-state-machine.md;13-verification/tooling/slice-sources.md"
"CMD-ROL-RETIRE","8","yes","03-domain/contexts/BC01/commands-slc01.md;03-domain/contexts/BC01/events-slc01.md;03-domain/contexts/BC01/aggregates/AGG-ROLE.md;05-contracts/errors-slc01.md;05-contracts/openapi-foundation-slc01.md;08-security/policies-slc01.md;13-verification/acceptance/SLC-01/role-state-machine.md;13-verification/tooling/slice-sources.md"
"CMD-ROL-SET-PERMISSIONS","8","yes","03-domain/contexts/BC01/commands-slc01.md;03-domain/contexts/BC01/events-slc01.md;03-domain/contexts/BC01/aggregates/AGG-ROLE.md;05-contracts/errors-slc01.md;05-contracts/openapi-foundation-slc01.md;08-security/policies-slc01.md;13-verification/acceptance/SLC-01/role-state-machine.md;13-verification/tooling/slice-sources.md"
"CMD-RPL","1","no","14-slices/SLC-09/readiness.md"
"CMD-RPL-ADJUST-CAPACITY","8","yes","03-domain/contexts/BC05/commands-slc09.md;03-domain/contexts/BC05/events-slc09.md;03-domain/contexts/BC05/aggregates/AGG-RESOURCE-POOL.md;05-contracts/errors-slc09.md;05-contracts/openapi-readiness-slc09.md;08-security/policies-slc09.md;13-verification/acceptance/SLC-09/resource-pool-state-machine.md;13-verification/tooling/slice-sources.md"
"CMD-RPL-CLOSE","8","yes","03-domain/contexts/BC05/commands-slc09.md;03-domain/contexts/BC05/events-slc09.md;03-domain/contexts/BC05/aggregates/AGG-RESOURCE-POOL.md;05-contracts/errors-slc09.md;05-contracts/openapi-readiness-slc09.md;08-security/policies-slc09.md;13-verification/acceptance/SLC-09/resource-pool-state-machine.md;13-verification/tooling/slice-sources.md"
"CMD-RPL-CREATE","8","yes","03-domain/contexts/BC05/commands-slc09.md;03-domain/contexts/BC05/events-slc09.md;03-domain/contexts/BC05/aggregates/AGG-RESOURCE-POOL.md;05-contracts/errors-slc09.md;05-contracts/openapi-readiness-slc09.md;08-security/policies-slc09.md;13-verification/acceptance/SLC-09/resource-pool-state-machine.md;13-verification/tooling/slice-sources.md"
"CMD-RPL-RESUME","8","yes","03-domain/contexts/BC05/commands-slc09.md;03-domain/contexts/BC05/events-slc09.md;03-domain/contexts/BC05/aggregates/AGG-RESOURCE-POOL.md;05-contracts/errors-slc09.md;05-contracts/openapi-readiness-slc09.md;08-security/policies-slc09.md;13-verification/acceptance/SLC-09/resource-pool-state-machine.md;13-verification/tooling/slice-sources.md"
"CMD-RPL-SUSPEND","8","yes","03-domain/contexts/BC05/commands-slc09.md;03-domain/contexts/BC05/events-slc09.md;03-domain/contexts/BC05/aggregates/AGG-RESOURCE-POOL.md;05-contracts/errors-slc09.md;05-contracts/openapi-readiness-slc09.md;08-security/policies-slc09.md;13-verification/acceptance/SLC-09/resource-pool-state-machine.md;13-verification/tooling/slice-sources.md"
"CMD-RRQ-ACTIVATE","9","yes","03-domain/contexts/BC05/commands-slc09.md;03-domain/contexts/BC05/events-slc09.md;03-domain/contexts/BC05/aggregates/AGG-ROLE-REQUIREMENT.md;03-domain/contexts/BC05/aggregates/AGG-SIMULATION.md;05-contracts/errors-slc09.md;05-contracts/openapi-readiness-slc09.md;08-security/policies-slc09.md;13-verification/acceptance/SLC-09/role-requirement-state-machine.md;13-verification/tooling/slice-sources.md"
"CMD-RRQ-DEFINE","8","yes","03-domain/contexts/BC05/commands-slc09.md;03-domain/contexts/BC05/events-slc09.md;03-domain/contexts/BC05/aggregates/AGG-ROLE-REQUIREMENT.md;05-contracts/errors-slc09.md;05-contracts/openapi-readiness-slc09.md;08-security/policies-slc09.md;13-verification/acceptance/SLC-09/role-requirement-state-machine.md;13-verification/tooling/slice-sources.md"
"CMD-RRQ-EDIT","8","yes","03-domain/contexts/BC05/commands-slc09.md;03-domain/contexts/BC05/events-slc09.md;03-domain/contexts/BC05/aggregates/AGG-ROLE-REQUIREMENT.md;05-contracts/errors-slc09.md;05-contracts/openapi-readiness-slc09.md;08-security/policies-slc09.md;13-verification/acceptance/SLC-09/role-requirement-state-machine.md;13-verification/tooling/slice-sources.md"
"CMD-RRQ-RETIRE","8","yes","03-domain/contexts/BC05/commands-slc09.md;03-domain/contexts/BC05/events-slc09.md;03-domain/contexts/BC05/aggregates/AGG-ROLE-REQUIREMENT.md;05-contracts/errors-slc09.md;05-contracts/openapi-readiness-slc09.md;08-security/policies-slc09.md;13-verification/acceptance/SLC-09/role-requirement-state-machine.md;13-verification/tooling/slice-sources.md"
"CMD-RSV-CANCEL","8","yes","03-domain/contexts/BC05/commands-slc09.md;03-domain/contexts/BC05/events-slc09.md;03-domain/contexts/BC05/aggregates/AGG-ASSET-RESERVATION.md;05-contracts/errors-slc09.md;05-contracts/openapi-readiness-slc09.md;08-security/policies-slc09.md;13-verification/acceptance/SLC-09/asset-reservation-state-machine.md;13-verification/tooling/slice-sources.md"
"CMD-RSV-CONFIRM","8","yes","03-domain/contexts/BC05/commands-slc09.md;03-domain/contexts/BC05/events-slc09.md;03-domain/contexts/BC05/aggregates/AGG-ASSET-RESERVATION.md;05-contracts/errors-slc09.md;05-contracts/openapi-readiness-slc09.md;08-security/policies-slc09.md;13-verification/acceptance/SLC-09/asset-reservation-state-machine.md;13-verification/tooling/slice-sources.md"
"CMD-RSV-HOLD","8","yes","03-domain/contexts/BC05/commands-slc09.md;03-domain/contexts/BC05/events-slc09.md;03-domain/contexts/BC05/aggregates/AGG-ASSET-RESERVATION.md;05-contracts/errors-slc09.md;05-contracts/openapi-readiness-slc09.md;08-security/policies-slc09.md;13-verification/acceptance/SLC-09/asset-reservation-state-machine.md;13-verification/tooling/slice-sources.md"
"CMD-RSV-RELEASE","8","yes","03-domain/contexts/BC05/commands-slc09.md;03-domain/contexts/BC05/events-slc09.md;03-domain/contexts/BC05/aggregates/AGG-ASSET-RESERVATION.md;05-contracts/errors-slc09.md;05-contracts/openapi-readiness-slc09.md;08-security/policies-slc09.md;13-verification/acceptance/SLC-09/asset-reservation-state-machine.md;13-verification/tooling/slice-sources.md"
"CMD-RTG-ACTIVATE","8","yes","03-domain/contexts/BC07/commands-slc10.md;03-domain/contexts/BC07/events-slc10.md;03-domain/contexts/BC07/aggregates/AGG-AI-ROUTING.md;05-contracts/errors-slc10.md;05-contracts/openapi-ai-slc10.md;08-security/policies-slc10.md;13-verification/acceptance/SLC-10/ai-routing-state-machine.md;13-verification/tooling/slice-sources.md"
"CMD-RTG-DISCARD","8","yes","03-domain/contexts/BC07/commands-slc10.md;03-domain/contexts/BC07/events-slc10.md;03-domain/contexts/BC07/aggregates/AGG-AI-ROUTING.md;05-contracts/errors-slc10.md;05-contracts/openapi-ai-slc10.md;08-security/policies-slc10.md;13-verification/acceptance/SLC-10/ai-routing-state-machine.md;13-verification/tooling/slice-sources.md"
"CMD-RTG-DRAFT","8","yes","03-domain/contexts/BC07/commands-slc10.md;03-domain/contexts/BC07/events-slc10.md;03-domain/contexts/BC07/aggregates/AGG-AI-ROUTING.md;05-contracts/errors-slc10.md;05-contracts/openapi-ai-slc10.md;08-security/policies-slc10.md;13-verification/acceptance/SLC-10/ai-routing-state-machine.md;13-verification/tooling/slice-sources.md"
"CMD-RTG-EDIT","8","yes","03-domain/contexts/BC07/commands-slc10.md;03-domain/contexts/BC07/events-slc10.md;03-domain/contexts/BC07/aggregates/AGG-AI-ROUTING.md;05-contracts/errors-slc10.md;05-contracts/openapi-ai-slc10.md;08-security/policies-slc10.md;13-verification/acceptance/SLC-10/ai-routing-state-machine.md;13-verification/tooling/slice-sources.md"
"CMD-RTS-ACTIVATE","8","yes","03-domain/contexts/BC08/commands-slc12a.md;03-domain/contexts/BC08/events-slc12a.md;03-domain/contexts/BC08/aggregates/AGG-RETENTION-SCHEDULE.md;05-contracts/errors-slc12a.md;05-contracts/openapi-governance-slc12a.md;08-security/policies-slc12a.md;13-verification/acceptance/SLC-12a/retention-schedule-state-machine.md;13-verification/tooling/slice-sources.md"
"CMD-RTS-DISCARD","8","yes","03-domain/contexts/BC08/commands-slc12a.md;03-domain/contexts/BC08/events-slc12a.md;03-domain/contexts/BC08/aggregates/AGG-RETENTION-SCHEDULE.md;05-contracts/errors-slc12a.md;05-contracts/openapi-governance-slc12a.md;08-security/policies-slc12a.md;13-verification/acceptance/SLC-12a/retention-schedule-state-machine.md;13-verification/tooling/slice-sources.md"
"CMD-RTS-DRAFT","8","yes","03-domain/contexts/BC08/commands-slc12a.md;03-domain/contexts/BC08/events-slc12a.md;03-domain/contexts/BC08/aggregates/AGG-RETENTION-SCHEDULE.md;05-contracts/errors-slc12a.md;05-contracts/openapi-governance-slc12a.md;08-security/policies-slc12a.md;13-verification/acceptance/SLC-12a/retention-schedule-state-machine.md;13-verification/tooling/slice-sources.md"
"CMD-RTS-EDIT","8","yes","03-domain/contexts/BC08/commands-slc12a.md;03-domain/contexts/BC08/events-slc12a.md;03-domain/contexts/BC08/aggregates/AGG-RETENTION-SCHEDULE.md;05-contracts/errors-slc12a.md;05-contracts/openapi-governance-slc12a.md;08-security/policies-slc12a.md;13-verification/acceptance/SLC-12a/retention-schedule-state-machine.md;13-verification/tooling/slice-sources.md"
"CMD-RUN-CANCEL","8","yes","03-domain/contexts/BC03/commands-slc07.md;03-domain/contexts/BC03/events-slc07.md;03-domain/contexts/BC03/aggregates/AGG-ANALYSIS-RUN.md;05-contracts/errors-slc07.md;05-contracts/openapi-intelligence-slc07.md;08-security/policies-slc07.md;13-verification/acceptance/SLC-07/analysis-run-state-machine.md;13-verification/tooling/slice-sources.md"
"CMD-RUN-REPRODUCE","9","yes","00-governance/registers/corrections.md;03-domain/contexts/BC03/commands-slc07.md;03-domain/contexts/BC03/events-slc07.md;03-domain/contexts/BC03/aggregates/AGG-ANALYSIS-RUN.md;05-contracts/errors-slc07.md;05-contracts/openapi-intelligence-slc07.md;08-security/policies-slc07.md;13-verification/acceptance/SLC-07/analysis-run-state-machine.md;13-verification/tooling/slice-sources.md"
"CMD-RUN-SUBMIT","11","yes","00-governance/registers/corrections.md;03-domain/contexts/BC03/commands-slc07.md;03-domain/contexts/BC03/events-slc07.md;03-domain/contexts/BC03/aggregates/AGG-ANALYSIS-RUN.md;05-contracts/errors-slc07.md;05-contracts/openapi-intelligence-slc07.md;08-security/policies-slc07.md;13-verification/acceptance/SLC-07/analysis-run-state-machine.md;13-verification/tooling/slice-sources.md;16-reports/CONSISTENCY-REPORT-R1.md;16-reports/SESSION-W9.md"
"CMD-RWE-CHANGE-TYPE","8","yes","03-domain/contexts/BC02/commands-slc02.md;03-domain/contexts/BC02/events-slc02.md;03-domain/contexts/BC02/aggregates/AGG-REALWORLD-EVENT.md;05-contracts/errors-slc02.md;05-contracts/openapi-information-slc02.md;08-security/policies-slc02.md;13-verification/acceptance/SLC-02/realworld-event-state-machine.md;13-verification/tooling/slice-sources.md"
"CMD-RWE-RECLASSIFY","8","yes","03-domain/contexts/BC02/commands-slc02.md;03-domain/contexts/BC02/events-slc02.md;03-domain/contexts/BC02/aggregates/AGG-REALWORLD-EVENT.md;05-contracts/errors-slc02.md;05-contracts/openapi-information-slc02.md;08-security/policies-slc02.md;13-verification/acceptance/SLC-02/realworld-event-state-machine.md;13-verification/tooling/slice-sources.md"
"CMD-RWE-REGISTER","8","yes","03-domain/contexts/BC02/commands-slc02.md;03-domain/contexts/BC02/events-slc02.md;03-domain/contexts/BC02/aggregates/AGG-REALWORLD-EVENT.md;05-contracts/errors-slc02.md;05-contracts/openapi-information-slc02.md;08-security/policies-slc02.md;13-verification/acceptance/SLC-02/realworld-event-state-machine.md;13-verification/tooling/slice-sources.md"
"CMD-RWE-REINSTATE","8","yes","03-domain/contexts/BC02/commands-slc02.md;03-domain/contexts/BC02/events-slc02.md;03-domain/contexts/BC02/aggregates/AGG-REALWORLD-EVENT.md;05-contracts/errors-slc02.md;05-contracts/openapi-information-slc02.md;08-security/policies-slc02.md;13-verification/acceptance/SLC-02/realworld-event-state-machine.md;13-verification/tooling/slice-sources.md"
"CMD-RWE-RETIRE","8","yes","03-domain/contexts/BC02/commands-slc02.md;03-domain/contexts/BC02/events-slc02.md;03-domain/contexts/BC02/aggregates/AGG-REALWORLD-EVENT.md;05-contracts/errors-slc02.md;05-contracts/openapi-information-slc02.md;08-security/policies-slc02.md;13-verification/acceptance/SLC-02/realworld-event-state-machine.md;13-verification/tooling/slice-sources.md"
"CMD-SCF-ASSIGN","8","yes","03-domain/contexts/BC07/commands-slc11.md;03-domain/contexts/BC07/events-slc11.md;03-domain/contexts/BC07/aggregates/AGG-SYNC-CONFLICT.md;05-contracts/errors-slc11.md;05-contracts/openapi-field-slc11.md;08-security/policies-slc11.md;13-verification/acceptance/SLC-11/sync-conflict-state-machine.md;13-verification/tooling/slice-sources.md"
"CMD-SCF-DISCARD","8","yes","03-domain/contexts/BC07/commands-slc11.md;03-domain/contexts/BC07/events-slc11.md;03-domain/contexts/BC07/aggregates/AGG-SYNC-CONFLICT.md;05-contracts/errors-slc11.md;05-contracts/openapi-field-slc11.md;08-security/policies-slc11.md;13-verification/acceptance/SLC-11/sync-conflict-state-machine.md;13-verification/tooling/slice-sources.md"
"CMD-SCF-REAPPLY","8","yes","03-domain/contexts/BC07/commands-slc11.md;03-domain/contexts/BC07/events-slc11.md;03-domain/contexts/BC07/aggregates/AGG-SYNC-CONFLICT.md;05-contracts/errors-slc11.md;05-contracts/openapi-field-slc11.md;08-security/policies-slc11.md;13-verification/acceptance/SLC-11/sync-conflict-state-machine.md;13-verification/tooling/slice-sources.md"
"CMD-SCF-RESOLVE-MANUALLY","8","yes","03-domain/contexts/BC07/commands-slc11.md;03-domain/contexts/BC07/events-slc11.md;03-domain/contexts/BC07/aggregates/AGG-SYNC-CONFLICT.md;05-contracts/errors-slc11.md;05-contracts/openapi-field-slc11.md;08-security/policies-slc11.md;13-verification/acceptance/SLC-11/sync-conflict-state-machine.md;13-verification/tooling/slice-sources.md"
"CMD-SCN-ACTIVATE","9","yes","02-requirements/requirements.md;03-domain/contexts/BC05/commands-slc19.md;03-domain/contexts/BC05/events-slc19.md;03-domain/contexts/BC05/aggregates/AGG-SCENARIO.md;05-contracts/errors-slc19.md;05-contracts/openapi-readiness-slc19.md;08-security/policies-slc19.md;13-verification/acceptance/SLC-19/scenario-state-machine.md;13-verification/tooling/slice-sources.md"
"CMD-SCN-DEFINE","8","yes","03-domain/contexts/BC05/commands-slc19.md;03-domain/contexts/BC05/events-slc19.md;03-domain/contexts/BC05/aggregates/AGG-SCENARIO.md;05-contracts/errors-slc19.md;05-contracts/openapi-readiness-slc19.md;08-security/policies-slc19.md;13-verification/acceptance/SLC-19/scenario-state-machine.md;13-verification/tooling/slice-sources.md"
"CMD-SCN-EDIT","10","yes","02-requirements/requirements.md;03-domain/contexts/BC05/commands-slc19.md;03-domain/contexts/BC05/events-slc19.md;03-domain/contexts/BC05/aggregates/AGG-SCENARIO.md;05-contracts/errors-slc19.md;05-contracts/openapi-readiness-slc19.md;08-security/policies-slc19.md;13-verification/acceptance/SLC-19/invariants-slc19.md;13-verification/acceptance/SLC-19/scenario-state-machine.md;13-verification/tooling/slice-sources.md"
"CMD-SCN-RETIRE","8","yes","03-domain/contexts/BC05/commands-slc19.md;03-domain/contexts/BC05/events-slc19.md;03-domain/contexts/BC05/aggregates/AGG-SCENARIO.md;05-contracts/errors-slc19.md;05-contracts/openapi-readiness-slc19.md;08-security/policies-slc19.md;13-verification/acceptance/SLC-19/scenario-state-machine.md;13-verification/tooling/slice-sources.md"
"CMD-SHP-CANCEL","11","yes","02-requirements/requirements.md;03-domain/contexts/BC05/commands-slc18.md;03-domain/contexts/BC05/events-slc18.md;03-domain/contexts/BC05/aggregates/AGG-SHIPMENT.md;05-contracts/errors-slc18.md;05-contracts/openapi-readiness-slc18.md;08-security/policies-slc18.md;08-security/threat-model-slc18.md;13-verification/acceptance/SLC-18/invariants-slc18.md;13-verification/acceptance/SLC-18/shipment-state-machine.md;13-verification/tooling/slice-sources.md"
"CMD-SHP-DELIVER","14","yes","02-requirements/requirements.md;03-domain/contexts/BC05/commands-slc18.md;03-domain/contexts/BC05/events-slc18.md;03-domain/contexts/BC05/logistics-spec.md;03-domain/contexts/BC05/aggregates/AGG-SHIPMENT.md;05-contracts/errors-slc18.md;05-contracts/openapi-readiness-slc18.md;08-security/policies-slc18.md;08-security/threat-model-slc18.md;13-verification/invariant-properties-slc18.md;13-verification/acceptance/SLC-18/invariants-slc18.md;13-verification/acceptance/SLC-18/shipment-state-machine.md;13-verification/tooling/slice-sources.md;16-reports/SESSION-W4-W7-SLC18.md"
"CMD-SHP-DEPART","11","yes","03-domain/contexts/BC05/commands-slc18.md;03-domain/contexts/BC05/events-slc18.md;03-domain/contexts/BC05/aggregates/AGG-SHIPMENT.md;05-contracts/errors-slc18.md;05-contracts/openapi-readiness-slc18.md;08-security/policies-slc18.md;09-reliability/fmea-slc18.md;13-verification/acceptance/SLC-18/invariants-slc18.md;13-verification/acceptance/SLC-18/shipment-state-machine.md;13-verification/tooling/slice-sources.md;16-reports/SESSION-W4-W7-SLC18.md"
"CMD-SHP-PLAN","13","yes","03-domain/contexts/BC05/commands-slc18.md;03-domain/contexts/BC05/events-slc18.md;03-domain/contexts/BC05/aggregates/AGG-SHIPMENT.md;05-contracts/errors-slc18.md;05-contracts/openapi-readiness-slc18.md;06-data/logical-model/slc-18.md;08-security/policies-slc18.md;08-security/threat-model-slc18.md;09-reliability/fmea-slc18.md;13-verification/acceptance/SLC-18/invariants-slc18.md;13-verification/acceptance/SLC-18/shipment-state-machine.md;13-verification/tooling/slice-sources.md;16-reports/SESSION-W4-W7-SLC18.md"
"CMD-SHP-RECORD-CHECKPOINT","10","yes","02-requirements/requirements.md;03-domain/contexts/BC05/commands-slc18.md;03-domain/contexts/BC05/events-slc18.md;03-domain/contexts/BC05/logistics-spec.md;03-domain/contexts/BC05/aggregates/AGG-SHIPMENT.md;05-contracts/errors-slc18.md;05-contracts/openapi-readiness-slc18.md;08-security/policies-slc18.md;13-verification/acceptance/SLC-18/shipment-state-machine.md;13-verification/tooling/slice-sources.md"
"CMD-SHP-REPORT-DAMA","1","no","05-contracts/errors-slc18.md"
"CMD-SHP-REPORT-DAMAGE","10","yes","02-requirements/requirements.md;03-domain/contexts/BC05/commands-slc18.md;03-domain/contexts/BC05/events-slc18.md;03-domain/contexts/BC05/aggregates/AGG-SHIPMENT.md;05-contracts/errors-slc18.md;05-contracts/openapi-readiness-slc18.md;08-security/policies-slc18.md;13-verification/invariant-properties-slc18.md;13-verification/acceptance/SLC-18/shipment-state-machine.md;13-verification/tooling/slice-sources.md"
"CMD-SHP-REPORT-LOST","11","yes","02-requirements/requirements.md;03-domain/contexts/BC05/commands-slc18.md;03-domain/contexts/BC05/events-slc18.md;03-domain/contexts/BC05/aggregates/AGG-SHIPMENT.md;05-contracts/errors-slc18.md;05-contracts/openapi-readiness-slc18.md;08-security/policies-slc18.md;13-verification/acceptance/SLC-18/invariants-slc18.md;13-verification/acceptance/SLC-18/shipment-state-machine.md;13-verification/tooling/slice-sources.md;16-reports/SESSION-W4-W7-SLC18.md"
"CMD-SIM-ABORT","10","yes","02-requirements/requirements.md;03-domain/contexts/BC05/commands-slc19.md;03-domain/contexts/BC05/events-slc19.md;03-domain/contexts/BC05/training-exercise-spec.md;03-domain/contexts/BC05/aggregates/AGG-SIMULATION.md;05-contracts/errors-slc19.md;05-contracts/openapi-readiness-slc19.md;08-security/policies-slc19.md;13-verification/acceptance/SLC-19/simulation-state-machine.md;13-verification/tooling/slice-sources.md"
"CMD-SIM-COMPLETE","13","yes","02-requirements/quality-scenarios.md;02-requirements/requirements.md;03-domain/contexts/BC05/commands-slc19.md;03-domain/contexts/BC05/events-slc19.md;03-domain/contexts/BC05/aggregates/AGG-SIMULATION.md;05-contracts/errors-slc19.md;05-contracts/openapi-readiness-slc19.md;08-security/policies-slc19.md;08-security/threat-model-slc19.md;13-verification/acceptance/SLC-19/invariants-slc19.md;13-verification/acceptance/SLC-19/simulation-state-machine.md;13-verification/tooling/slice-sources.md;16-reports/SESSION-W4-W7-SLC19.md"
"CMD-SIM-DELIVER-INJECT","9","yes","02-requirements/requirements.md;03-domain/contexts/BC05/commands-slc19.md;03-domain/contexts/BC05/events-slc19.md;03-domain/contexts/BC05/aggregates/AGG-SIMULATION.md;05-contracts/errors-slc19.md;05-contracts/openapi-readiness-slc19.md;08-security/policies-slc19.md;13-verification/acceptance/SLC-19/simulation-state-machine.md;13-verification/tooling/slice-sources.md"
"CMD-SIM-PAUSE","9","yes","02-requirements/requirements.md;03-domain/contexts/BC05/commands-slc19.md;03-domain/contexts/BC05/events-slc19.md;03-domain/contexts/BC05/aggregates/AGG-SIMULATION.md;05-contracts/errors-slc19.md;05-contracts/openapi-readiness-slc19.md;08-security/policies-slc19.md;13-verification/acceptance/SLC-19/simulation-state-machine.md;13-verification/tooling/slice-sources.md"
"CMD-SIM-RECORD-EVALUATION","9","yes","02-requirements/requirements.md;03-domain/contexts/BC05/commands-slc19.md;03-domain/contexts/BC05/events-slc19.md;03-domain/contexts/BC05/aggregates/AGG-SIMULATION.md;05-contracts/errors-slc19.md;05-contracts/openapi-readiness-slc19.md;08-security/policies-slc19.md;13-verification/acceptance/SLC-19/simulation-state-machine.md;13-verification/tooling/slice-sources.md"
"CMD-SIM-RESUME","9","yes","02-requirements/requirements.md;03-domain/contexts/BC05/commands-slc19.md;03-domain/contexts/BC05/events-slc19.md;03-domain/contexts/BC05/aggregates/AGG-SIMULATION.md;05-contracts/errors-slc19.md;05-contracts/openapi-readiness-slc19.md;08-security/policies-slc19.md;13-verification/acceptance/SLC-19/simulation-state-machine.md;13-verification/tooling/slice-sources.md"
"CMD-SIM-START","10","yes","03-domain/contexts/BC05/commands-slc19.md;03-domain/contexts/BC05/events-slc19.md;03-domain/contexts/BC05/training-exercise-spec.md;03-domain/contexts/BC05/aggregates/AGG-EXERCISE.md;03-domain/contexts/BC05/aggregates/AGG-SIMULATION.md;05-contracts/errors-slc19.md;05-contracts/openapi-readiness-slc19.md;08-security/policies-slc19.md;13-verification/acceptance/SLC-19/simulation-state-machine.md;13-verification/tooling/slice-sources.md"
"CMD-SIT-ACTIVATE","8","yes","03-domain/contexts/BC03/commands-slc06.md;03-domain/contexts/BC03/events-slc06.md;03-domain/contexts/BC03/aggregates/AGG-SITUATION.md;05-contracts/errors-slc06.md;05-contracts/openapi-intelligence-slc06.md;08-security/policies-slc06.md;13-verification/acceptance/SLC-06/situation-state-machine.md;13-verification/tooling/slice-sources.md"
"CMD-SIT-CLOSE","8","yes","03-domain/contexts/BC03/commands-slc06.md;03-domain/contexts/BC03/events-slc06.md;03-domain/contexts/BC03/aggregates/AGG-SITUATION.md;05-contracts/errors-slc06.md;05-contracts/openapi-intelligence-slc06.md;08-security/policies-slc06.md;13-verification/acceptance/SLC-06/situation-state-machine.md;13-verification/tooling/slice-sources.md"
"CMD-SIT-CREATE","8","yes","03-domain/contexts/BC03/commands-slc06.md;03-domain/contexts/BC03/events-slc06.md;03-domain/contexts/BC03/aggregates/AGG-SITUATION.md;05-contracts/errors-slc06.md;05-contracts/openapi-intelligence-slc06.md;08-security/policies-slc06.md;13-verification/acceptance/SLC-06/situation-state-machine.md;13-verification/tooling/slice-sources.md"
"CMD-SIT-EDIT-DEFINITION","8","yes","03-domain/contexts/BC03/commands-slc06.md;03-domain/contexts/BC03/events-slc06.md;03-domain/contexts/BC03/aggregates/AGG-SITUATION.md;05-contracts/errors-slc06.md;05-contracts/openapi-intelligence-slc06.md;08-security/policies-slc06.md;13-verification/acceptance/SLC-06/situation-state-machine.md;13-verification/tooling/slice-sources.md"
"CMD-SIT-PAUSE","8","yes","03-domain/contexts/BC03/commands-slc06.md;03-domain/contexts/BC03/events-slc06.md;03-domain/contexts/BC03/aggregates/AGG-SITUATION.md;05-contracts/errors-slc06.md;05-contracts/openapi-intelligence-slc06.md;08-security/policies-slc06.md;13-verification/acceptance/SLC-06/situation-state-machine.md;13-verification/tooling/slice-sources.md"
"CMD-SIT-RECLASSIFY","8","yes","03-domain/contexts/BC03/commands-slc06.md;03-domain/contexts/BC03/events-slc06.md;03-domain/contexts/BC03/aggregates/AGG-SITUATION.md;05-contracts/errors-slc06.md;05-contracts/openapi-intelligence-slc06.md;08-security/policies-slc06.md;13-verification/acceptance/SLC-06/situation-state-machine.md;13-verification/tooling/slice-sources.md"
"CMD-SIT-RESUME","8","yes","03-domain/contexts/BC03/commands-slc06.md;03-domain/contexts/BC03/events-slc06.md;03-domain/contexts/BC03/aggregates/AGG-SITUATION.md;05-contracts/errors-slc06.md;05-contracts/openapi-intelligence-slc06.md;08-security/policies-slc06.md;13-verification/acceptance/SLC-06/situation-state-machine.md;13-verification/tooling/slice-sources.md"
"CMD-SNS-ACTIVATE","8","yes","03-domain/contexts/BC07/commands-slc16.md;03-domain/contexts/BC07/events-slc16.md;03-domain/contexts/BC07/aggregates/AGG-SENSOR-STREAM.md;05-contracts/errors-slc16.md;05-contracts/openapi-integration-slc16.md;08-security/policies-slc16.md;13-verification/acceptance/SLC-16/sensor-stream-state-machine.md;13-verification/tooling/slice-sources.md"
"CMD-SNS-PAUSE","8","yes","03-domain/contexts/BC07/commands-slc16.md;03-domain/contexts/BC07/events-slc16.md;03-domain/contexts/BC07/aggregates/AGG-SENSOR-STREAM.md;05-contracts/errors-slc16.md;05-contracts/openapi-integration-slc16.md;08-security/policies-slc16.md;13-verification/acceptance/SLC-16/sensor-stream-state-machine.md;13-verification/tooling/slice-sources.md"
"CMD-SNS-REGISTER","8","yes","03-domain/contexts/BC07/commands-slc16.md;03-domain/contexts/BC07/events-slc16.md;03-domain/contexts/BC07/aggregates/AGG-SENSOR-STREAM.md;05-contracts/errors-slc16.md;05-contracts/openapi-integration-slc16.md;08-security/policies-slc16.md;13-verification/acceptance/SLC-16/sensor-stream-state-machine.md;13-verification/tooling/slice-sources.md"
"CMD-SNS-RETIRE","8","yes","03-domain/contexts/BC07/commands-slc16.md;03-domain/contexts/BC07/events-slc16.md;03-domain/contexts/BC07/aggregates/AGG-SENSOR-STREAM.md;05-contracts/errors-slc16.md;05-contracts/openapi-integration-slc16.md;08-security/policies-slc16.md;13-verification/acceptance/SLC-16/sensor-stream-state-machine.md;13-verification/tooling/slice-sources.md"
"CMD-SNS-SET-QUALITY-RULES","8","yes","03-domain/contexts/BC07/commands-slc16.md;03-domain/contexts/BC07/events-slc16.md;03-domain/contexts/BC07/aggregates/AGG-SENSOR-STREAM.md;05-contracts/errors-slc16.md;05-contracts/openapi-integration-slc16.md;08-security/policies-slc16.md;13-verification/acceptance/SLC-16/sensor-stream-state-machine.md;13-verification/tooling/slice-sources.md"
"CMD-SRC-RATE-RELIABILITY","8","yes","03-domain/contexts/BC02/commands-slc02.md;03-domain/contexts/BC02/events-slc02.md;03-domain/contexts/BC02/aggregates/AGG-SOURCE.md;05-contracts/errors-slc02.md;05-contracts/openapi-information-slc02.md;08-security/policies-slc02.md;13-verification/acceptance/SLC-02/source-state-machine.md;13-verification/tooling/slice-sources.md"
"CMD-SRC-RECLASSIFY","8","yes","03-domain/contexts/BC02/commands-slc02.md;03-domain/contexts/BC02/events-slc02.md;03-domain/contexts/BC02/aggregates/AGG-SOURCE.md;05-contracts/errors-slc02.md;05-contracts/openapi-information-slc02.md;08-security/policies-slc02.md;13-verification/acceptance/SLC-02/source-state-machine.md;13-verification/tooling/slice-sources.md"
"CMD-SRC-REGISTER","8","yes","03-domain/contexts/BC02/commands-slc02.md;03-domain/contexts/BC02/events-slc02.md;03-domain/contexts/BC02/aggregates/AGG-SOURCE.md;05-contracts/errors-slc02.md;05-contracts/openapi-information-slc02.md;08-security/policies-slc02.md;13-verification/acceptance/SLC-02/source-state-machine.md;13-verification/tooling/slice-sources.md"
"CMD-SRC-REINSTATE","8","yes","03-domain/contexts/BC02/commands-slc02.md;03-domain/contexts/BC02/events-slc02.md;03-domain/contexts/BC02/aggregates/AGG-SOURCE.md;05-contracts/errors-slc02.md;05-contracts/openapi-information-slc02.md;08-security/policies-slc02.md;13-verification/acceptance/SLC-02/source-state-machine.md;13-verification/tooling/slice-sources.md"
"CMD-SRC-RETIRE","8","yes","03-domain/contexts/BC02/commands-slc02.md;03-domain/contexts/BC02/events-slc02.md;03-domain/contexts/BC02/aggregates/AGG-SOURCE.md;05-contracts/errors-slc02.md;05-contracts/openapi-information-slc02.md;08-security/policies-slc02.md;13-verification/acceptance/SLC-02/source-state-machine.md;13-verification/tooling/slice-sources.md"
"CMD-SRC-SET-PROTECTION","8","yes","03-domain/contexts/BC02/commands-slc02.md;03-domain/contexts/BC02/events-slc02.md;03-domain/contexts/BC02/aggregates/AGG-SOURCE.md;05-contracts/errors-slc02.md;05-contracts/openapi-information-slc02.md;08-security/policies-slc02.md;13-verification/acceptance/SLC-02/source-state-machine.md;13-verification/tooling/slice-sources.md"
"CMD-SRC-SUSPEND","8","yes","03-domain/contexts/BC02/commands-slc02.md;03-domain/contexts/BC02/events-slc02.md;03-domain/contexts/BC02/aggregates/AGG-SOURCE.md;05-contracts/errors-slc02.md;05-contracts/openapi-information-slc02.md;08-security/policies-slc02.md;13-verification/acceptance/SLC-02/source-state-machine.md;13-verification/tooling/slice-sources.md"
"CMD-SRC-UPDATE-PROFILE","8","yes","03-domain/contexts/BC02/commands-slc02.md;03-domain/contexts/BC02/events-slc02.md;03-domain/contexts/BC02/aggregates/AGG-SOURCE.md;05-contracts/errors-slc02.md;05-contracts/openapi-information-slc02.md;08-security/policies-slc02.md;13-verification/acceptance/SLC-02/source-state-machine.md;13-verification/tooling/slice-sources.md"
"CMD-SUB-PAUSE","8","yes","03-domain/contexts/BC04/commands-slc06.md;03-domain/contexts/BC04/events-slc06.md;03-domain/contexts/BC04/aggregates/AGG-SUBSCRIPTION.md;05-contracts/errors-slc06.md;05-contracts/openapi-operations-slc06.md;08-security/policies-slc06.md;13-verification/acceptance/SLC-06/subscription-state-machine.md;13-verification/tooling/slice-sources.md"
"CMD-SUB-RESUME","8","yes","03-domain/contexts/BC04/commands-slc06.md;03-domain/contexts/BC04/events-slc06.md;03-domain/contexts/BC04/aggregates/AGG-SUBSCRIPTION.md;05-contracts/errors-slc06.md;05-contracts/openapi-operations-slc06.md;08-security/policies-slc06.md;13-verification/acceptance/SLC-06/subscription-state-machine.md;13-verification/tooling/slice-sources.md"
"CMD-SUB-SUBSCRIBE","8","yes","03-domain/contexts/BC04/commands-slc06.md;03-domain/contexts/BC04/events-slc06.md;03-domain/contexts/BC04/aggregates/AGG-SUBSCRIPTION.md;05-contracts/errors-slc06.md;05-contracts/openapi-operations-slc06.md;08-security/policies-slc06.md;13-verification/acceptance/SLC-06/subscription-state-machine.md;13-verification/tooling/slice-sources.md"
"CMD-SUB-UNSUBSCRIBE","8","yes","03-domain/contexts/BC04/commands-slc06.md;03-domain/contexts/BC04/events-slc06.md;03-domain/contexts/BC04/aggregates/AGG-SUBSCRIPTION.md;05-contracts/errors-slc06.md;05-contracts/openapi-operations-slc06.md;08-security/policies-slc06.md;13-verification/acceptance/SLC-06/subscription-state-machine.md;13-verification/tooling/slice-sources.md"
"CMD-SUB-UPDATE-CHANNELS","8","yes","03-domain/contexts/BC04/commands-slc06.md;03-domain/contexts/BC04/events-slc06.md;03-domain/contexts/BC04/aggregates/AGG-SUBSCRIPTION.md;05-contracts/errors-slc06.md;05-contracts/openapi-operations-slc06.md;08-security/policies-slc06.md;13-verification/acceptance/SLC-06/subscription-state-machine.md;13-verification/tooling/slice-sources.md"
"CMD-SVC-CLOSE","8","yes","03-domain/contexts/BC01/commands-slc01.md;03-domain/contexts/BC01/events-slc01.md;03-domain/contexts/BC01/aggregates/AGG-SERVICE-ACCOUNT.md;05-contracts/errors-slc01.md;05-contracts/openapi-foundation-slc01.md;08-security/policies-slc01.md;13-verification/acceptance/SLC-01/service-account-state-machine.md;13-verification/tooling/slice-sources.md"
"CMD-SVC-CREATE","8","yes","03-domain/contexts/BC01/commands-slc01.md;03-domain/contexts/BC01/events-slc01.md;03-domain/contexts/BC01/aggregates/AGG-SERVICE-ACCOUNT.md;05-contracts/errors-slc01.md;05-contracts/openapi-foundation-slc01.md;08-security/policies-slc01.md;13-verification/acceptance/SLC-01/service-account-state-machine.md;13-verification/tooling/slice-sources.md"
"CMD-SVC-DISABLE","8","yes","03-domain/contexts/BC01/commands-slc01.md;03-domain/contexts/BC01/events-slc01.md;03-domain/contexts/BC01/aggregates/AGG-SERVICE-ACCOUNT.md;05-contracts/errors-slc01.md;05-contracts/openapi-foundation-slc01.md;08-security/policies-slc01.md;13-verification/acceptance/SLC-01/service-account-state-machine.md;13-verification/tooling/slice-sources.md"
"CMD-SVC-ENABLE","8","yes","03-domain/contexts/BC01/commands-slc01.md;03-domain/contexts/BC01/events-slc01.md;03-domain/contexts/BC01/aggregates/AGG-SERVICE-ACCOUNT.md;05-contracts/errors-slc01.md;05-contracts/openapi-foundation-slc01.md;08-security/policies-slc01.md;13-verification/acceptance/SLC-01/service-account-state-machine.md;13-verification/tooling/slice-sources.md"
"CMD-SVC-ROTATE-CREDENTIAL","8","yes","03-domain/contexts/BC01/commands-slc01.md;03-domain/contexts/BC01/events-slc01.md;03-domain/contexts/BC01/aggregates/AGG-SERVICE-ACCOUNT.md;05-contracts/errors-slc01.md;05-contracts/openapi-foundation-slc01.md;08-security/policies-slc01.md;13-verification/acceptance/SLC-01/service-account-state-machine.md;13-verification/tooling/slice-sources.md"
"CMD-SYN-OPEN","9","yes","03-domain/contexts/BC07/commands-slc11.md;03-domain/contexts/BC07/events-slc11.md;03-domain/contexts/BC07/field-sync-protocol.md;03-domain/contexts/BC07/aggregates/AGG-SYNC-SESSION.md;05-contracts/errors-slc11.md;05-contracts/openapi-field-slc11.md;08-security/policies-slc11.md;13-verification/acceptance/SLC-11/sync-session-state-machine.md;13-verification/tooling/slice-sources.md"
"CMD-SYN-UPLOAD-BATCH","8","yes","03-domain/contexts/BC07/commands-slc11.md;03-domain/contexts/BC07/events-slc11.md;03-domain/contexts/BC07/aggregates/AGG-SYNC-SESSION.md;05-contracts/errors-slc11.md;05-contracts/openapi-field-slc11.md;08-security/policies-slc11.md;13-verification/acceptance/SLC-11/sync-session-state-machine.md;13-verification/tooling/slice-sources.md"
"CMD-TASK-ACCEPT","9","yes","03-domain/contexts/BC04/commands-slc03.md;03-domain/contexts/BC04/events-slc03.md;03-domain/contexts/BC04/aggregates/AGG-TASK.md;05-contracts/errors-slc03.md;05-contracts/openapi-field-slc11.md;05-contracts/openapi-operations-slc03.md;08-security/policies-slc03.md;13-verification/acceptance/SLC-03/task-state-machine.md;13-verification/tooling/slice-sources.md"
"CMD-TASK-ADD-RESULT-ITEM","9","yes","03-domain/contexts/BC04/commands-slc03.md;03-domain/contexts/BC04/events-slc03.md;03-domain/contexts/BC04/aggregates/AGG-TASK.md;05-contracts/errors-slc03.md;05-contracts/openapi-field-slc11.md;05-contracts/openapi-operations-slc03.md;08-security/policies-slc03.md;13-verification/acceptance/SLC-03/task-state-machine.md;13-verification/tooling/slice-sources.md"
"CMD-TASK-APPROVE","9","yes","03-domain/contexts/BC04/commands-slc03.md;03-domain/contexts/BC04/events-slc03.md;03-domain/contexts/BC04/aggregates/AGG-TASK.md;05-contracts/errors-slc03.md;05-contracts/openapi-operations-slc03.md;08-security/policies-slc03.md;13-verification/acceptance/SLC-03/invariants-slc03.md;13-verification/acceptance/SLC-03/task-state-machine.md;13-verification/tooling/slice-sources.md"
"CMD-TASK-AS","1","no","05-contracts/errors-slc03.md"
"CMD-TASK-ASSIGN","8","yes","03-domain/contexts/BC04/commands-slc03.md;03-domain/contexts/BC04/events-slc03.md;03-domain/contexts/BC04/aggregates/AGG-TASK.md;05-contracts/errors-slc03.md;05-contracts/openapi-operations-slc03.md;08-security/policies-slc03.md;13-verification/acceptance/SLC-03/task-state-machine.md;13-verification/tooling/slice-sources.md"
"CMD-TASK-BLOCK","9","yes","03-domain/contexts/BC04/commands-slc03.md;03-domain/contexts/BC04/events-slc03.md;03-domain/contexts/BC04/aggregates/AGG-TASK.md;05-contracts/errors-slc03.md;05-contracts/openapi-field-slc11.md;05-contracts/openapi-operations-slc03.md;08-security/policies-slc03.md;13-verification/acceptance/SLC-03/task-state-machine.md;13-verification/tooling/slice-sources.md"
"CMD-TASK-CANCEL","8","yes","03-domain/contexts/BC04/commands-slc03.md;03-domain/contexts/BC04/events-slc03.md;03-domain/contexts/BC04/aggregates/AGG-TASK.md;05-contracts/errors-slc03.md;05-contracts/openapi-operations-slc03.md;08-security/policies-slc03.md;13-verification/acceptance/SLC-03/task-state-machine.md;13-verification/tooling/slice-sources.md"
"CMD-TASK-CLOSE","9","yes","03-domain/contexts/BC04/commands-slc03.md;03-domain/contexts/BC04/events-slc03.md;03-domain/contexts/BC04/aggregates/AGG-TASK.md;05-contracts/errors-slc03.md;05-contracts/openapi-operations-slc03.md;08-security/policies-slc03.md;13-verification/acceptance/SLC-03/invariants-slc03.md;13-verification/acceptance/SLC-03/task-state-machine.md;13-verification/tooling/slice-sources.md"
"CMD-TASK-COMPLETE","9","yes","03-domain/contexts/BC04/commands-slc03.md;03-domain/contexts/BC04/events-slc03.md;03-domain/contexts/BC04/aggregates/AGG-TASK.md;05-contracts/errors-slc03.md;05-contracts/openapi-operations-slc03.md;08-security/policies-slc03.md;13-verification/acceptance/SLC-03/invariants-slc03.md;13-verification/acceptance/SLC-03/task-state-machine.md;13-verification/tooling/slice-sources.md"
"CMD-TASK-CREAT","1","no","05-contracts/errors-slc03.md"
"CMD-TASK-CREATE","12","yes","00-governance/registers/corrections.md;02-requirements/requirements.md;03-domain/contexts/BC04/commands-slc03.md;03-domain/contexts/BC04/decision-plan-spec.md;03-domain/contexts/BC04/events-slc03.md;03-domain/contexts/BC04/aggregates/AGG-TASK.md;05-contracts/errors-slc03.md;05-contracts/openapi-operations-slc03.md;08-security/policies-slc03.md;08-security/threat-model-slc17.md;13-verification/acceptance/SLC-03/task-state-machine.md;13-verification/tooling/slice-sources.md"
"CMD-TASK-DECLI","1","no","05-contracts/errors-slc03.md"
"CMD-TASK-DECLINE","8","yes","03-domain/contexts/BC04/commands-slc03.md;03-domain/contexts/BC04/events-slc03.md;03-domain/contexts/BC04/aggregates/AGG-TASK.md;05-contracts/errors-slc03.md;05-contracts/openapi-operations-slc03.md;08-security/policies-slc03.md;13-verification/acceptance/SLC-03/task-state-machine.md;13-verification/tooling/slice-sources.md"
"CMD-TASK-EDIT","8","yes","03-domain/contexts/BC04/commands-slc03.md;03-domain/contexts/BC04/events-slc03.md;03-domain/contexts/BC04/aggregates/AGG-TASK.md;05-contracts/errors-slc03.md;05-contracts/openapi-operations-slc03.md;08-security/policies-slc03.md;13-verification/acceptance/SLC-03/task-state-machine.md;13-verification/tooling/slice-sources.md"
"CMD-TASK-ESCALATE","8","yes","03-domain/contexts/BC04/commands-slc03.md;03-domain/contexts/BC04/events-slc03.md;03-domain/contexts/BC04/aggregates/AGG-TASK.md;05-contracts/errors-slc03.md;05-contracts/openapi-operations-slc03.md;08-security/policies-slc03.md;13-verification/acceptance/SLC-03/task-state-machine.md;13-verification/tooling/slice-sources.md"
"CMD-TASK-MARK-READY","8","yes","03-domain/contexts/BC04/commands-slc03.md;03-domain/contexts/BC04/events-slc03.md;03-domain/contexts/BC04/aggregates/AGG-TASK.md;05-contracts/errors-slc03.md;05-contracts/openapi-operations-slc03.md;08-security/policies-slc03.md;13-verification/acceptance/SLC-03/task-state-machine.md;13-verification/tooling/slice-sources.md"
"CMD-TASK-REASSIGN","8","yes","03-domain/contexts/BC04/commands-slc03.md;03-domain/contexts/BC04/events-slc03.md;03-domain/contexts/BC04/aggregates/AGG-TASK.md;05-contracts/errors-slc03.md;05-contracts/openapi-operations-slc03.md;08-security/policies-slc03.md;13-verification/acceptance/SLC-03/task-state-machine.md;13-verification/tooling/slice-sources.md"
"CMD-TASK-RECLASSIFY","8","yes","03-domain/contexts/BC04/commands-slc03.md;03-domain/contexts/BC04/events-slc03.md;03-domain/contexts/BC04/aggregates/AGG-TASK.md;05-contracts/errors-slc03.md;05-contracts/openapi-operations-slc03.md;08-security/policies-slc03.md;13-verification/acceptance/SLC-03/task-state-machine.md;13-verification/tooling/slice-sources.md"
"CMD-TASK-REJECT","8","yes","03-domain/contexts/BC04/commands-slc03.md;03-domain/contexts/BC04/events-slc03.md;03-domain/contexts/BC04/aggregates/AGG-TASK.md;05-contracts/errors-slc03.md;05-contracts/openapi-operations-slc03.md;08-security/policies-slc03.md;13-verification/acceptance/SLC-03/task-state-machine.md;13-verification/tooling/slice-sources.md"
"CMD-TASK-RESUME","9","yes","03-domain/contexts/BC04/commands-slc03.md;03-domain/contexts/BC04/events-slc03.md;03-domain/contexts/BC04/aggregates/AGG-TASK.md;05-contracts/errors-slc03.md;05-contracts/openapi-field-slc11.md;05-contracts/openapi-operations-slc03.md;08-security/policies-slc03.md;13-verification/acceptance/SLC-03/task-state-machine.md;13-verification/tooling/slice-sources.md"
"CMD-TASK-RETURN","8","yes","03-domain/contexts/BC04/commands-slc03.md;03-domain/contexts/BC04/events-slc03.md;03-domain/contexts/BC04/aggregates/AGG-TASK.md;05-contracts/errors-slc03.md;05-contracts/openapi-operations-slc03.md;08-security/policies-slc03.md;13-verification/acceptance/SLC-03/task-state-machine.md;13-verification/tooling/slice-sources.md"
"CMD-TASK-SET-DUE","8","yes","03-domain/contexts/BC04/commands-slc03.md;03-domain/contexts/BC04/decision-plan-spec.md;03-domain/contexts/BC04/events-slc03.md;03-domain/contexts/BC04/aggregates/AGG-TASK.md;05-contracts/openapi-operations-slc03.md;08-security/policies-slc03.md;13-verification/acceptance/SLC-03/task-state-machine.md;13-verification/tooling/slice-sources.md"
"CMD-TASK-START","9","yes","03-domain/contexts/BC04/commands-slc03.md;03-domain/contexts/BC04/events-slc03.md;03-domain/contexts/BC04/aggregates/AGG-TASK.md;05-contracts/errors-slc03.md;05-contracts/openapi-field-slc11.md;05-contracts/openapi-operations-slc03.md;08-security/policies-slc03.md;13-verification/acceptance/SLC-03/task-state-machine.md;13-verification/tooling/slice-sources.md"
"CMD-TASK-START-REVIEW","8","yes","03-domain/contexts/BC04/commands-slc03.md;03-domain/contexts/BC04/events-slc03.md;03-domain/contexts/BC04/aggregates/AGG-TASK.md;05-contracts/errors-slc03.md;05-contracts/openapi-operations-slc03.md;08-security/policies-slc03.md;13-verification/acceptance/SLC-03/task-state-machine.md;13-verification/tooling/slice-sources.md"
"CMD-TASK-SUBMIT","9","yes","03-domain/contexts/BC04/commands-slc03.md;03-domain/contexts/BC04/events-slc03.md;03-domain/contexts/BC04/aggregates/AGG-TASK.md;05-contracts/errors-slc03.md;05-contracts/openapi-field-slc11.md;05-contracts/openapi-operations-slc03.md;08-security/policies-slc03.md;13-verification/acceptance/SLC-03/task-state-machine.md;13-verification/tooling/slice-sources.md"
"CMD-TASK-SUSPEND","7","yes","03-domain/contexts/BC04/commands-slc03.md;03-domain/contexts/BC04/events-slc03.md;03-domain/contexts/BC04/aggregates/AGG-TASK.md;05-contracts/openapi-operations-slc03.md;08-security/policies-slc03.md;13-verification/acceptance/SLC-03/task-state-machine.md;13-verification/tooling/slice-sources.md"
"CMD-TASK-UNSUSPEND","8","yes","03-domain/contexts/BC04/commands-slc03.md;03-domain/contexts/BC04/events-slc03.md;03-domain/contexts/BC04/aggregates/AGG-TASK.md;05-contracts/errors-slc03.md;05-contracts/openapi-operations-slc03.md;08-security/policies-slc03.md;13-verification/acceptance/SLC-03/task-state-machine.md;13-verification/tooling/slice-sources.md"
"CMD-TEN","1","no","05-contracts/errors-slc01.md"
"CMD-TEN-COMPLETE-CELL-MIGRATION","8","yes","03-domain/contexts/BC01/commands-slc01.md;03-domain/contexts/BC01/events-slc01.md;03-domain/contexts/BC01/aggregates/AGG-TENANT.md;05-contracts/errors-slc01.md;05-contracts/openapi-foundation-internal-slc01.md;08-security/policies-slc01.md;13-verification/acceptance/SLC-01/tenant-state-machine.md;13-verification/tooling/slice-sources.md"
"CMD-TEN-COMPLETE-DECOMMISSION","8","yes","03-domain/contexts/BC01/commands-slc01.md;03-domain/contexts/BC01/events-slc01.md;03-domain/contexts/BC01/aggregates/AGG-TENANT.md;05-contracts/errors-slc01.md;05-contracts/openapi-foundation-internal-slc01.md;08-security/policies-slc01.md;13-verification/acceptance/SLC-01/tenant-state-machine.md;13-verification/tooling/slice-sources.md"
"CMD-TEN-COMPLETE-PROVISIONING","8","yes","03-domain/contexts/BC01/commands-slc01.md;03-domain/contexts/BC01/events-slc01.md;03-domain/contexts/BC01/aggregates/AGG-TENANT.md;05-contracts/errors-slc01.md;05-contracts/openapi-foundation-internal-slc01.md;08-security/policies-slc01.md;13-verification/acceptance/SLC-01/tenant-state-machine.md;13-verification/tooling/slice-sources.md"
"CMD-TEN-FAIL-PROVISIONING","8","yes","03-domain/contexts/BC01/commands-slc01.md;03-domain/contexts/BC01/events-slc01.md;03-domain/contexts/BC01/aggregates/AGG-TENANT.md;05-contracts/errors-slc01.md;05-contracts/openapi-foundation-internal-slc01.md;08-security/policies-slc01.md;13-verification/acceptance/SLC-01/tenant-state-machine.md;13-verification/tooling/slice-sources.md"
"CMD-TEN-PROVISION","8","yes","03-domain/contexts/BC01/commands-slc01.md;03-domain/contexts/BC01/events-slc01.md;03-domain/contexts/BC01/aggregates/AGG-TENANT.md;05-contracts/errors-slc01.md;05-contracts/openapi-foundation-slc01.md;08-security/policies-slc01.md;13-verification/acceptance/SLC-01/tenant-state-machine.md;13-verification/tooling/slice-sources.md"
"CMD-TEN-REACTIVATE","8","yes","03-domain/contexts/BC01/commands-slc01.md;03-domain/contexts/BC01/events-slc01.md;03-domain/contexts/BC01/aggregates/AGG-TENANT.md;05-contracts/errors-slc01.md;05-contracts/openapi-foundation-slc01.md;08-security/policies-slc01.md;13-verification/acceptance/SLC-01/tenant-state-machine.md;13-verification/tooling/slice-sources.md"
"CMD-TEN-RETRY-PROV","1","no","05-contracts/errors-slc01.md"
"CMD-TEN-RETRY-PROVISIONING","7","yes","03-domain/contexts/BC01/commands-slc01.md;03-domain/contexts/BC01/events-slc01.md;03-domain/contexts/BC01/aggregates/AGG-TENANT.md;05-contracts/openapi-foundation-slc01.md;08-security/policies-slc01.md;13-verification/acceptance/SLC-01/tenant-state-machine.md;13-verification/tooling/slice-sources.md"
"CMD-TEN-START-CELL-MIGRATION","9","yes","03-domain/contexts/BC01/commands-slc01.md;03-domain/contexts/BC01/events-slc01.md;03-domain/contexts/BC01/aggregates/AGG-TENANT.md;05-contracts/errors-slc01.md;05-contracts/openapi-foundation-slc01.md;08-security/policies-slc01.md;12-solution/cell-architecture.md;13-verification/acceptance/SLC-01/tenant-state-machine.md;13-verification/tooling/slice-sources.md"
"CMD-TEN-START-DECOMMISSION","8","yes","03-domain/contexts/BC01/commands-slc01.md;03-domain/contexts/BC01/events-slc01.md;03-domain/contexts/BC01/aggregates/AGG-TENANT.md;05-contracts/errors-slc01.md;05-contracts/openapi-foundation-slc01.md;08-security/policies-slc01.md;13-verification/acceptance/SLC-01/tenant-state-machine.md;13-verification/tooling/slice-sources.md"
"CMD-TEN-SUSPEND","7","yes","03-domain/contexts/BC01/commands-slc01.md;03-domain/contexts/BC01/events-slc01.md;03-domain/contexts/BC01/aggregates/AGG-TENANT.md;05-contracts/openapi-foundation-slc01.md;08-security/policies-slc01.md;13-verification/acceptance/SLC-01/tenant-state-machine.md;13-verification/tooling/slice-sources.md"
"CMD-TEN-UPDATE-QUOTAS","8","yes","03-domain/contexts/BC01/commands-slc01.md;03-domain/contexts/BC01/events-slc01.md;03-domain/contexts/BC01/aggregates/AGG-TENANT.md;05-contracts/errors-slc01.md;05-contracts/openapi-foundation-slc01.md;08-security/policies-slc01.md;13-verification/acceptance/SLC-01/tenant-state-machine.md;13-verification/tooling/slice-sources.md"
"CMD-TOL-ACTIVATE","8","yes","03-domain/contexts/BC07/commands-slc10.md;03-domain/contexts/BC07/events-slc10.md;03-domain/contexts/BC07/aggregates/AGG-AI-TOOL.md;05-contracts/errors-slc10.md;05-contracts/openapi-ai-slc10.md;08-security/policies-slc10.md;13-verification/acceptance/SLC-10/ai-tool-state-machine.md;13-verification/tooling/slice-sources.md"
"CMD-TOL-DISABLE","8","yes","03-domain/contexts/BC07/commands-slc10.md;03-domain/contexts/BC07/events-slc10.md;03-domain/contexts/BC07/aggregates/AGG-AI-TOOL.md;05-contracts/errors-slc10.md;05-contracts/openapi-ai-slc10.md;08-security/policies-slc10.md;13-verification/acceptance/SLC-10/ai-tool-state-machine.md;13-verification/tooling/slice-sources.md"
"CMD-TOL-ENABLE","8","yes","03-domain/contexts/BC07/commands-slc10.md;03-domain/contexts/BC07/events-slc10.md;03-domain/contexts/BC07/aggregates/AGG-AI-TOOL.md;05-contracts/errors-slc10.md;05-contracts/openapi-ai-slc10.md;08-security/policies-slc10.md;13-verification/acceptance/SLC-10/ai-tool-state-machine.md;13-verification/tooling/slice-sources.md"
"CMD-TOL-REGISTER","8","yes","03-domain/contexts/BC07/commands-slc10.md;03-domain/contexts/BC07/events-slc10.md;03-domain/contexts/BC07/aggregates/AGG-AI-TOOL.md;05-contracts/errors-slc10.md;05-contracts/openapi-ai-slc10.md;08-security/policies-slc10.md;13-verification/acceptance/SLC-10/ai-tool-state-machine.md;13-verification/tooling/slice-sources.md"
"CMD-TOL-RETIRE","8","yes","03-domain/contexts/BC07/commands-slc10.md;03-domain/contexts/BC07/events-slc10.md;03-domain/contexts/BC07/aggregates/AGG-AI-TOOL.md;05-contracts/errors-slc10.md;05-contracts/openapi-ai-slc10.md;08-security/policies-slc10.md;13-verification/acceptance/SLC-10/ai-tool-state-machine.md;13-verification/tooling/slice-sources.md"
"CMD-TTY-ACTIVATE","8","yes","03-domain/contexts/BC04/commands-slc03.md;03-domain/contexts/BC04/events-slc03.md;03-domain/contexts/BC04/aggregates/AGG-TASK-TYPE.md;05-contracts/errors-slc03.md;05-contracts/openapi-operations-slc03.md;08-security/policies-slc03.md;13-verification/acceptance/SLC-03/task-type-state-machine.md;13-verification/tooling/slice-sources.md"
"CMD-TTY-DEFINE","8","yes","03-domain/contexts/BC04/commands-slc03.md;03-domain/contexts/BC04/events-slc03.md;03-domain/contexts/BC04/aggregates/AGG-TASK-TYPE.md;05-contracts/errors-slc03.md;05-contracts/openapi-operations-slc03.md;08-security/policies-slc03.md;13-verification/acceptance/SLC-03/task-type-state-machine.md;13-verification/tooling/slice-sources.md"
"CMD-TTY-EDIT","8","yes","03-domain/contexts/BC04/commands-slc03.md;03-domain/contexts/BC04/events-slc03.md;03-domain/contexts/BC04/aggregates/AGG-TASK-TYPE.md;05-contracts/errors-slc03.md;05-contracts/openapi-operations-slc03.md;08-security/policies-slc03.md;13-verification/acceptance/SLC-03/task-type-state-machine.md;13-verification/tooling/slice-sources.md"
"CMD-TTY-RETIRE","8","yes","03-domain/contexts/BC04/commands-slc03.md;03-domain/contexts/BC04/events-slc03.md;03-domain/contexts/BC04/aggregates/AGG-TASK-TYPE.md;05-contracts/errors-slc03.md;05-contracts/openapi-operations-slc03.md;08-security/policies-slc03.md;13-verification/acceptance/SLC-03/task-type-state-machine.md;13-verification/tooling/slice-sources.md"
"CMD-USR-CLOSE","8","yes","03-domain/contexts/BC01/commands-slc01.md;03-domain/contexts/BC01/events-slc01.md;03-domain/contexts/BC01/aggregates/AGG-USER.md;05-contracts/errors-slc01.md;05-contracts/openapi-foundation-slc01.md;08-security/policies-slc01.md;13-verification/acceptance/SLC-01/user-state-machine.md;13-verification/tooling/slice-sources.md"
"CMD-USR-DISABLE","11","yes","03-domain/contexts/BC01/commands-slc01.md;03-domain/contexts/BC01/commands-slc16.md;03-domain/contexts/BC01/events-slc01.md;03-domain/contexts/BC01/aggregates/AGG-HR-SYNC-PROPOSAL.md;03-domain/contexts/BC01/aggregates/AGG-USER.md;05-contracts/errors-slc01.md;05-contracts/openapi-foundation-slc01.md;08-security/policies-slc01.md;13-verification/acceptance/SLC-01/user-state-machine.md;13-verification/tooling/slice-sources.md;15-traceability/trace-slc01.md"
"CMD-USR-ENABLE","8","yes","03-domain/contexts/BC01/commands-slc01.md;03-domain/contexts/BC01/events-slc01.md;03-domain/contexts/BC01/aggregates/AGG-USER.md;05-contracts/errors-slc01.md;05-contracts/openapi-foundation-slc01.md;08-security/policies-slc01.md;13-verification/acceptance/SLC-01/user-state-machine.md;13-verification/tooling/slice-sources.md"
"CMD-USR-LINK-IDENTITY","8","yes","03-domain/contexts/BC01/commands-slc01.md;03-domain/contexts/BC01/events-slc01.md;03-domain/contexts/BC01/aggregates/AGG-USER.md;05-contracts/errors-slc01.md;05-contracts/openapi-foundation-slc01.md;08-security/policies-slc01.md;13-verification/acceptance/SLC-01/user-state-machine.md;13-verification/tooling/slice-sources.md"
"CMD-USR-LINK-PERSON","8","yes","03-domain/contexts/BC01/commands-slc01.md;03-domain/contexts/BC01/events-slc01.md;03-domain/contexts/BC01/aggregates/AGG-USER.md;05-contracts/errors-slc01.md;05-contracts/openapi-foundation-slc01.md;08-security/policies-slc01.md;13-verification/acceptance/SLC-01/user-state-machine.md;13-verification/tooling/slice-sources.md"
"CMD-USR-LOCK","8","yes","03-domain/contexts/BC01/commands-slc01.md;03-domain/contexts/BC01/events-slc01.md;03-domain/contexts/BC01/aggregates/AGG-USER.md;05-contracts/errors-slc01.md;05-contracts/openapi-foundation-slc01.md;08-security/policies-slc01.md;13-verification/acceptance/SLC-01/user-state-machine.md;13-verification/tooling/slice-sources.md"
"CMD-USR-PROVISION","8","yes","03-domain/contexts/BC01/commands-slc01.md;03-domain/contexts/BC01/events-slc01.md;03-domain/contexts/BC01/aggregates/AGG-USER.md;05-contracts/errors-slc01.md;05-contracts/openapi-foundation-slc01.md;08-security/policies-slc01.md;13-verification/acceptance/SLC-01/user-state-machine.md;13-verification/tooling/slice-sources.md"
"CMD-USR-RECORD-FIRST-SIGN-IN","8","yes","03-domain/contexts/BC01/commands-slc01.md;03-domain/contexts/BC01/events-slc01.md;03-domain/contexts/BC01/aggregates/AGG-USER.md;05-contracts/errors-slc01.md;05-contracts/openapi-foundation-internal-slc01.md;08-security/policies-slc01.md;13-verification/acceptance/SLC-01/user-state-machine.md;13-verification/tooling/slice-sources.md"
"CMD-USR-UNLINK-IDENTITY","8","yes","03-domain/contexts/BC01/commands-slc01.md;03-domain/contexts/BC01/events-slc01.md;03-domain/contexts/BC01/aggregates/AGG-USER.md;05-contracts/errors-slc01.md;05-contracts/openapi-foundation-slc01.md;08-security/policies-slc01.md;13-verification/acceptance/SLC-01/user-state-machine.md;13-verification/tooling/slice-sources.md"
"CMD-USR-UNLOCK","7","yes","03-domain/contexts/BC01/commands-slc01.md;03-domain/contexts/BC01/events-slc01.md;03-domain/contexts/BC01/aggregates/AGG-USER.md;05-contracts/openapi-foundation-slc01.md;08-security/policies-slc01.md;13-verification/acceptance/SLC-01/user-state-machine.md;13-verification/tooling/slice-sources.md"
"COMPLETE-UPLOAD","1","no","03-domain/contexts/BC07/field-sync-protocol.md"
"CONFLICT-MODEL","3","yes","00-governance/registers/corrections.md;03-domain/contexts/BC02/conflict-detection-engine.md;04-information/conflict-model.md"
"CONTEXT-MAP","1","yes","03-domain/context-map.md"
"COST-MODEL","3","yes","00-governance/decisions/ADR-P05.md;07-quality/cost-model.md;15-traceability/trace-platform.md"
"CR-01","3","yes","00-governance/registers/corrections.md;03-domain/ownership.md;04-information/spatial-model.md"
"CR-02","4","yes","00-governance/registers/corrections.md;00-governance/registers/open-questions.md;03-domain/ownership.md;04-information/meta-model.md"
"CR-03","5","yes","00-governance/glossary.md;00-governance/registers/corrections.md;02-requirements/requirements.md;04-information/confidence-model.md;04-information/object-envelope.md"
"CR-04","3","yes","00-governance/decisions/ADR-P01.md;00-governance/registers/corrections.md;04-information/object-envelope.md"
"CR-05","3","yes","00-governance/decisions/ADR-P07.md;00-governance/registers/corrections.md;03-domain/ownership.md"
"CR-06","4","yes","00-governance/registers/corrections.md;03-domain/contexts/BC04/task-lifecycle-rules.md;16-reports/CONSISTENCY-REPORT-R1.md;16-reports/SESSION-W9.md"
"CR-07","1","yes","00-governance/registers/corrections.md"
"CR-08","1","yes","00-governance/registers/corrections.md"
"CR-09","3","yes","00-governance/registers/corrections.md;01-business/value-streams.md;02-requirements/use-cases.md"
"CR-10","3","yes","00-governance/decisions/ADR-P03.md;00-governance/registers/corrections.md;01-business/business-rules.md"
"CR-11","3","yes","00-governance/decisions/ADR-P06.md;00-governance/registers/corrections.md;02-requirements/requirements.md"
"CR-12","4","yes","00-governance/decisions/ADR-P12.md;00-governance/decisions/ADR-P16.md;00-governance/registers/corrections.md;04-information/spatial-model.md"
"CR-13","2","yes","00-governance/decisions/ADR-P09.md;00-governance/registers/corrections.md"
"CR-14","2","yes","00-governance/decisions/ADR-P04.md;00-governance/registers/corrections.md"
"CR-15","3","yes","00-governance/registers/corrections.md;02-requirements/requirements.md;04-information/entity-resolution.md"
"CR-16","3","yes","00-governance/decisions/ADR-P02.md;00-governance/registers/corrections.md;06-data/logical-model/slc-03.md"
"CR-17","2","yes","00-governance/decisions/ADR-P06.md;00-governance/registers/corrections.md"
"CR-18","3","yes","00-governance/decisions/ADR-P15.md;00-governance/registers/corrections.md;04-information/language-model.md"
"CR-19","2","yes","00-governance/decisions/ADR-P14.md;00-governance/registers/corrections.md"
"CR-20","1","yes","00-governance/registers/corrections.md"
"CR-21","6","yes","00-governance/decisions/ADR-P05.md;00-governance/registers/corrections.md;12-solution/technology-decisions.md;16-reports/ANTI-PATTERN-REPORT-R1.md;16-reports/SESSION-W8.md;16-reports/gate-reports/GATE-STATUS-W0.md"
"CR-22","2","yes","00-governance/registers/corrections.md;16-reports/gate-reports/GATE-STATUS-W0.md"
"CR-23","1","yes","00-governance/registers/corrections.md"
"CR-24","2","yes","00-governance/registers/corrections.md;02-requirements/requirements.md"
"CR-25","7","yes","00-governance/decisions/ADR-P01.md;00-governance/registers/corrections.md;01-business/business-rules.md;02-requirements/requirements.md;03-domain/contexts/BC06/aggregates/AGG-RECONSTRUCTION.md;04-information/temporal-model.md;13-verification/tooling/slice-sources.md"
"CR-26","1","yes","00-governance/registers/corrections.md"
"CR-27","3","yes","00-governance/registers/corrections.md;04-information/meta-model.md;04-information/object-envelope.md"
"CR-28","1","yes","00-governance/registers/corrections.md"
"CR-29","12","yes","00-governance/registers/corrections.md;03-domain/contexts/BC03/analysis-reproducibility-spec.md;03-domain/contexts/BC03/aggregates/AGG-ANALYSIS-CASE.md;03-domain/contexts/BC04/decision-plan-spec.md;03-domain/contexts/BC04/aggregates/AGG-PLAN-VERSION.md;03-domain/contexts/BC04/aggregates/AGG-PLAN.md;13-verification/tooling/slice-sources.md;14-slices/SLC-07/readiness.md;14-slices/SLC-08/readiness.md;16-reports/ANTI-PATTERN-REPORT-R1.md;16-reports/SESSION-W4-W7-SLC07.md;16-reports/SESSION-W4-W7-SLC08.md"
"CR-30","2","yes","00-governance/registers/corrections.md;01-business/outcomes.md"
"CR-31","5","yes","00-governance/glossary.md;00-governance/registers/corrections.md;03-domain/bc-boundary-test.md;03-domain/ownership.md;04-information/claim-evidence-model.md"
"CR-31..43","1","no","16-reports/gate-reports/GATE-STATUS-W0.md"
"CR-31..CR-43","1","no","16-reports/SESSION-W0.md"
"CR-32","9","yes","00-governance/glossary.md;00-governance/elicitation/W1-answers.md;00-governance/elicitation/W1-questions.md;00-governance/registers/corrections.md;00-governance/registers/unknowns.md;01-business/business-rules.md;02-requirements/requirements.md;03-domain/bc-boundary-test.md;03-domain/ownership.md"
"CR-33","6","yes","00-governance/glossary.md;00-governance/decisions/ADR-P11.md;00-governance/registers/corrections.md;03-domain/ownership.md;03-domain/contexts/BC06/aggregates/AGG-KNOWLEDGE-OBJECT.md;13-verification/tooling/slice-sources.md"
"CR-34","3","yes","00-governance/glossary.md;00-governance/registers/corrections.md;03-domain/ownership.md"
"CR-35","2","yes","00-governance/glossary.md;00-governance/registers/corrections.md"
"CR-36","3","yes","00-governance/glossary.md;00-governance/registers/corrections.md;03-domain/ownership.md"
"CR-37","3","yes","00-governance/glossary.md;00-governance/registers/corrections.md;03-domain/ownership.md"
"CR-38","2","yes","00-governance/glossary.md;00-governance/registers/corrections.md"
"CR-39","3","yes","00-governance/decisions/ADR-P08.md;00-governance/registers/corrections.md;02-requirements/requirements.md"
"CR-40","29","yes","00-governance/registers/corrections.md;05-contracts/openapi-ai-slc10.md;05-contracts/openapi-discovery-slc05.md;05-contracts/openapi-field-slc11.md;05-contracts/openapi-foundation-internal-slc01.md;05-contracts/openapi-foundation-slc01.md;05-contracts/openapi-foundation-slc11.md;05-contracts/openapi-foundation-slc16.md;05-contracts/openapi-governance-slc01.md;05-contracts/openapi-governance-slc12a.md;05-contracts/openapi-information-slc02.md;05-contracts/openapi-information-slc04.md;05-contracts/openapi-information-slc14.md;05-contracts/openapi-information-slc15.md;05-contracts/openapi-integration-slc02.md;05-contracts/openapi-integration-slc16.md;05-contracts/openapi-intelligence-slc06.md;05-contracts/openapi-intelligence-slc07.md;05-contracts/openapi-intelligence-slc16.md;05-contracts/openapi-knowledge-slc12.md;05-contracts/openapi-operations-slc03.md;05-contracts/openapi-operations-slc06.md;05-contracts/openapi-operations-slc08.md;05-contracts/openapi-operations-slc15.md;05-contracts/openapi-operations-slc17.md;05-contracts/openapi-readiness-slc03.md;05-contracts/openapi-readiness-slc09.md;05-contracts/openapi-readiness-slc18.md;13-verification/tooling/spec-tooling.md"
"CR-41","7","yes","00-governance/glossary.md;00-governance/decisions/ADR-P04.md;00-governance/registers/corrections.md;03-domain/bc-boundary-test.md;03-domain/domains.md;03-domain/ownership.md;16-reports/CONSISTENCY-CHECK-W3.md"
"CR-42","5","yes","00-governance/registers/corrections.md;01-business/release-3-scope.md;03-domain/bc-boundary-test.md;03-domain/domains.md;16-reports/CONSISTENCY-CHECK-W3.md"
"CR-43","2","yes","00-governance/glossary.md;00-governance/registers/corrections.md"
"CR-44","5","yes","00-governance/glossary.md;00-governance/registers/corrections.md;03-domain/ownership.md;04-information/meta-model.md;16-reports/SESSION-W3.md"
"CR-45","4","yes","00-governance/registers/corrections.md;07-quality/workloads-slc01.md;08-security/audit-architecture.md;16-reports/SESSION-W4-W7-SLC01.md"
"CR-46","7","yes","00-governance/RATIFICATION-PACKAGE.md;00-governance/registers/corrections.md;03-domain/contexts/BC04/task-lifecycle-rules.md;03-domain/contexts/BC04/aggregates/AGG-TASK.md;13-verification/tooling/slice-sources.md;14-slices/SLC-03/readiness.md;16-reports/SESSION-W4-W7-SLC03.md"
"CR-47","11","yes","00-governance/glossary.md;00-governance/RATIFICATION-PACKAGE.md;00-governance/decisions/ADR-P06.md;00-governance/registers/corrections.md;03-domain/contexts/BC07/discovery-architecture.md;03-domain/contexts/BC07/grounded-ai-spec.md;08-security/threat-model-slc05.md;14-slices/SLC-05/atam-lite.md;14-slices/SLC-05/readiness.md;16-reports/ARCHITECTURE-REVIEW-R1.md;16-reports/SESSION-W4-W7-SLC05.md"
"CR-48","3","yes","00-governance/registers/corrections.md;16-reports/METHODOLOGY-RETROSPECTIVE.md;16-reports/SESSION-W4-W7-SLC08.md"
"CR-49","7","yes","00-governance/registers/corrections.md;03-domain/contexts/BC07/field-sync-protocol.md;03-domain/contexts/BC07/aggregates/AGG-SYNC-CONFLICT.md;04-information/conflict-model.md;13-verification/acceptance/SLC-11/invariants-slc11.md;13-verification/tooling/slice-sources.md;16-reports/SESSION-W4-W7-SLC11.md"
"CR-50","6","yes","00-governance/registers/corrections.md;03-domain/contexts/BC07/field-sync-protocol.md;13-verification/acceptance/SLC-11/invariants-slc11.md;14-slices/SLC-11/readiness.md;16-reports/ENGINEERING-BASELINE-R1.md;16-reports/SESSION-W4-W7-SLC11.md"
"CR-51","12","yes","00-governance/glossary.md;00-governance/decisions/ADR-P08.md;00-governance/registers/corrections.md;03-domain/contexts/BC08/aggregates/AGG-DISPOSITION-RUN.md;03-domain/contexts/BC08/aggregates/AGG-ERASURE-REQUEST.md;08-security/key-hierarchy-and-disposition.md;08-security/threat-model-slc12a.md;13-verification/fitness-functions.md;13-verification/acceptance/SLC-12a/invariants-slc12a.md;13-verification/tooling/slice-sources.md;16-reports/ARCHITECTURE-REVIEW-R1.md;16-reports/SESSION-W4-W7-SLC12a.md"
"CR-52","2","yes","00-governance/registers/corrections.md;16-reports/SESSION-W4-W7-SLC12a.md"
"CR-53","2","yes","00-governance/registers/corrections.md;16-reports/SESSION-W4-W7-SLC12a.md"
"CR-54","3","yes","00-governance/registers/corrections.md;09-reliability/dr-and-continuity.md;16-reports/SESSION-W8.md"
"CR-55","6","yes","00-governance/registers/corrections.md;14-slices/SLC-07/readiness.md;16-reports/CONSISTENCY-REPORT-R1.md;16-reports/ENGINEERING-BASELINE-R1.md;16-reports/METHODOLOGY-RETROSPECTIVE.md;16-reports/SESSION-W9.md"
"CR-56","3","yes","00-governance/registers/corrections.md;16-reports/CONSISTENCY-REPORT-R1.md;16-reports/SESSION-W9.md"
"CR-57","4","yes","00-governance/registers/corrections.md;16-reports/CONSISTENCY-REPORT-R1.md;16-reports/METHODOLOGY-RETROSPECTIVE.md;16-reports/SESSION-W9.md"
"CR-58","8","yes","00-governance/registers/corrections.md;03-domain/contexts/BC07/grounded-ai-spec.md;12-solution/deployment-units.md;14-slices/SLC-10/readiness.md;16-reports/CONSISTENCY-REPORT-R2.md;16-reports/ENGINEERING-BASELINE-R2.md;16-reports/SESSION-R2-BASELINE.md;16-reports/SESSION-W4-W7-SLC10.md"
"CR-59","12","yes","00-governance/registers/corrections.md;03-domain/contexts/BC02/collection-spec.md;03-domain/contexts/BC02/commands-slc14.md;03-domain/contexts/BC02/aggregates/AGG-COLLECTION-PLAN.md;03-domain/contexts/BC04/commands-slc03.md;03-domain/contexts/BC04/aggregates/AGG-TASK.md;13-verification/tooling/slice-sources.md;14-slices/SLC-14/readiness.md;16-reports/CONSISTENCY-REPORT-R2.md;16-reports/ENGINEERING-BASELINE-R2.md;16-reports/SESSION-R2-BASELINE.md;16-reports/SESSION-W4-W7-SLC14.md"
"CR-60","13","yes","README.md;00-governance/registers/corrections.md;01-business/release-3-scope.md;03-domain/contexts/BC04/commands-slc08.md;03-domain/contexts/BC04/commands-slc17.md;03-domain/contexts/BC04/risk-contingency-spec.md;03-domain/contexts/BC04/aggregates/AGG-INCIDENT.md;03-domain/contexts/BC04/aggregates/AGG-PLAN.md;06-data/logical-model/slc-17.md;09-reliability/fmea-slc17.md;13-verification/tooling/slice-sources.md;14-slices/SLC-17/readiness.md;16-reports/SESSION-W4-W7-SLC17.md"
"CR-61","15","yes","README.md;00-governance/registers/corrections.md;01-business/release-3-scope.md;02-requirements/requirements.md;03-domain/contexts/BC04/commands-slc03.md;03-domain/contexts/BC04/commands-slc17.md;03-domain/contexts/BC04/risk-contingency-spec.md;03-domain/contexts/BC04/aggregates/AGG-INCIDENT.md;03-domain/contexts/BC04/aggregates/AGG-TASK.md;06-data/logical-model/slc-17.md;08-security/threat-model-slc17.md;13-verification/acceptance/SLC-17/invariants-slc17.md;13-verification/tooling/slice-sources.md;14-slices/SLC-17/readiness.md;16-reports/SESSION-W4-W7-SLC17.md"
"CR-62","21","yes","README.md;00-governance/registers/corrections.md;01-business/release-3-scope.md;02-requirements/requirements.md;03-domain/contexts/BC05/commands-slc09.md;03-domain/contexts/BC05/commands-slc18.md;03-domain/contexts/BC05/logistics-spec.md;03-domain/contexts/BC05/training-exercise-spec.md;03-domain/contexts/BC05/aggregates/AGG-ALLOCATION.md;03-domain/contexts/BC05/aggregates/AGG-EXERCISE.md;03-domain/contexts/BC05/aggregates/AGG-LOGISTICS-REQUEST.md;03-domain/contexts/BC05/aggregates/AGG-SIMULATION.md;06-data/logical-model/slc-18.md;08-security/threat-model-slc18.md;08-security/threat-model-slc19.md;13-verification/tooling/slice-sources.md;14-slices/SLC-18/atam-lite.md;14-slices/SLC-18/readiness.md;14-slices/SLC-19/readiness.md;16-reports/SESSION-W4-W7-SLC18.md;16-reports/SESSION-W4-W7-SLC19.md"
"CR-63","17","yes","README.md;00-governance/registers/corrections.md;01-business/release-3-scope.md;02-requirements/requirements.md;03-domain/contexts/BC05/events-slc19.md;03-domain/contexts/BC05/training-exercise-spec.md;03-domain/contexts/BC06/commands-slc12.md;03-domain/contexts/BC06/aggregates/AGG-KNOWLEDGE-OBJECT.md;05-contracts/asyncapi-slc19.md;05-contracts/openapi-readiness-slc19.md;06-data/logical-model/slc-19.md;13-verification/acceptance/SLC-19/invariants-slc19.md;13-verification/tooling/slice-sources.md;14-slices/slices.md;14-slices/SLC-19/readiness.md;15-traceability/trace-slc19.md;16-reports/SESSION-W4-W7-SLC19.md"
"CR-64","3","yes","00-governance/registers/corrections.md;02-requirements/requirements.md;02-requirements/use-cases.md"
"DATA-PROTECTION","1","yes","08-security/data-protection.md"
"DEBT-001","14","yes","00-governance/registers/technical-debt.md;02-requirements/requirements.md;03-domain/contexts/BC04/aggregates/AGG-PLAN-VERSION.md;03-domain/contexts/BC05/allocation-readiness-spec.md;06-data/logical-model/slc-09.md;13-verification/acceptance/SLC-09/invariants-slc09.md;13-verification/tooling/slice-sources.md;14-slices/SLC-09/readiness.md;16-reports/ANTI-PATTERN-REPORT-R1.md;16-reports/EVOLUTION-ROADMAP.md;16-reports/SESSION-W2-R2.md;16-reports/SESSION-W3.md;16-reports/SESSION-W4-W7-SLC09.md;16-reports/SLC-00-WALKTHROUGH.md"
"DEP-EXT-001","1","yes","00-governance/registers/dependencies.md"
"DEP-EXT-002","1","yes","00-governance/registers/dependencies.md"
"DEP-EXT-003","1","yes","00-governance/registers/dependencies.md"
"DEP-EXT-004","1","yes","00-governance/registers/dependencies.md"
"DEP-EXT-005","1","yes","00-governance/registers/dependencies.md"
"DEP-EXT-006","1","yes","00-governance/registers/dependencies.md"
"DEP-EXT-007","1","yes","00-governance/registers/dependencies.md"
"DEP-EXT-008","1","yes","00-governance/registers/dependencies.md"
"DEP-HUM-001","1","yes","00-governance/registers/dependencies.md"
"DEP-HUM-002","2","yes","00-governance/registers/dependencies.md;16-reports/IMPLEMENTATION-READINESS-R1.md"
"DEP-HUM-003","3","yes","00-governance/elicitation/W1-answers.md;00-governance/elicitation/W1-questions.md;00-governance/registers/dependencies.md"
"DEP-HUM-004","7","yes","00-governance/RATIFICATION-PACKAGE.md;00-governance/decisions/ADR-P05.md;00-governance/registers/dependencies.md;00-governance/registers/human-approvals.md;12-solution/technology-decisions.md;16-reports/IMPLEMENTATION-READINESS-R1.md;16-reports/SESSION-W8.md"
"DEP-ORG-001","1","yes","00-governance/registers/dependencies.md"
"DOM-01","7","yes","00-governance/registers/corrections.md;01-business/capabilities.md;02-requirements/use-cases.md;03-domain/bc-boundary-test.md;03-domain/domains.md;03-domain/ownership.md;16-reports/SESSION-W0.md"
"DOM-02","5","yes","00-governance/registers/corrections.md;01-business/capabilities.md;02-requirements/use-cases.md;03-domain/domains.md;03-domain/ownership.md"
"DOM-03","8","yes","00-governance/registers/corrections.md;01-business/capabilities.md;03-domain/bc-boundary-test.md;03-domain/domains.md;03-domain/ownership.md;04-information/business-objects-kernel.md;04-information/claim-evidence-model.md;16-reports/SESSION-W0.md"
"DOM-04","3","yes","01-business/capabilities.md;03-domain/domains.md;03-domain/ownership.md"
"DOM-05","7","yes","00-governance/registers/corrections.md;01-business/capabilities.md;02-requirements/requirements.md;02-requirements/use-cases.md;03-domain/domains.md;03-domain/ownership.md;04-information/business-objects-kernel.md"
"DOM-06","6","yes","01-business/capabilities.md;03-domain/domains.md;03-domain/ownership.md;04-information/business-objects-kernel.md;04-information/claim-evidence-model.md;16-reports/SESSION-W0.md"
"DOM-07","6","yes","01-business/capabilities.md;02-requirements/requirements.md;03-domain/domains.md;03-domain/ownership.md;04-information/business-objects-kernel.md;04-information/entity-resolution.md"
"DOM-08","4","yes","00-governance/registers/corrections.md;01-business/capabilities.md;03-domain/domains.md;03-domain/ownership.md"
"DOM-09","3","yes","01-business/capabilities.md;03-domain/domains.md;03-domain/ownership.md"
"DOM-10","7","yes","00-governance/registers/corrections.md;01-business/capabilities.md;01-business/stakeholders.md;02-requirements/requirements.md;03-domain/domains.md;03-domain/ownership.md;16-reports/SESSION-W0.md"
"DOM-11","4","yes","01-business/capabilities.md;02-requirements/use-cases.md;03-domain/domains.md;03-domain/ownership.md"
"DOM-12","4","yes","00-governance/registers/corrections.md;01-business/capabilities.md;03-domain/domains.md;03-domain/ownership.md"
"DOM-13","4","yes","00-governance/registers/corrections.md;01-business/capabilities.md;03-domain/domains.md;03-domain/ownership.md"
"DOM-14","4","yes","01-business/capabilities.md;02-requirements/requirements.md;03-domain/domains.md;03-domain/ownership.md"
"DOM-15","4","yes","01-business/capabilities.md;02-requirements/requirements.md;03-domain/domains.md;03-domain/ownership.md"
"DOM-16","15","yes","00-governance/elicitation/W1-answers.md;01-business/capabilities.md;01-business/release-3-scope.md;02-requirements/requirements.md;02-requirements/use-cases.md;03-domain/domains.md;03-domain/ownership.md;03-domain/contexts/BC05/logistics-spec.md;03-domain/contexts/BC05/training-exercise-spec.md;13-verification/tooling/slice-sources.md;14-slices/slices.md;14-slices/SLC-18/atam-lite.md;16-reports/SESSION-W4-W7-SLC17.md;16-reports/SESSION-W4-W7-SLC18.md;16-reports/SESSION-W4-W7-SLC19.md"
"DOM-17","18","yes","00-governance/registers/corrections.md;01-business/capabilities.md;01-business/release-3-scope.md;02-requirements/requirements.md;02-requirements/use-cases.md;03-domain/bc-boundary-test.md;03-domain/domains.md;03-domain/ownership.md;03-domain/contexts/BC04/risk-contingency-spec.md;03-domain/contexts/BC05/training-exercise-spec.md;12-solution/deployment-units.md;13-verification/tooling/slice-sources.md;14-slices/SLC-17/atam-lite.md;14-slices/SLC-18/atam-lite.md;16-reports/SESSION-W0.md;16-reports/SESSION-W4-W7-SLC17.md;16-reports/SESSION-W4-W7-SLC18.md;16-reports/SESSION-W4-W7-SLC19.md"
"DOM-18","13","yes","00-governance/elicitation/W1-answers.md;01-business/capabilities.md;01-business/release-3-scope.md;02-requirements/requirements.md;02-requirements/use-cases.md;03-domain/domains.md;03-domain/ownership.md;03-domain/contexts/BC05/training-exercise-spec.md;13-verification/tooling/slice-sources.md;14-slices/slices.md;14-slices/SLC-19/readiness.md;16-reports/SESSION-W4-W7-SLC18.md;16-reports/SESSION-W4-W7-SLC19.md"
"DOM-19","10","yes","00-governance/elicitation/W1-answers.md;00-governance/registers/corrections.md;01-business/capabilities.md;01-business/release-3-scope.md;02-requirements/requirements.md;02-requirements/use-cases.md;03-domain/domains.md;03-domain/ownership.md;03-domain/contexts/BC05/training-exercise-spec.md;14-slices/SLC-19/readiness.md"
"DOM-20","5","yes","01-business/capabilities.md;02-requirements/requirements.md;02-requirements/use-cases.md;03-domain/domains.md;03-domain/ownership.md"
"DOM-21","5","yes","00-governance/registers/corrections.md;01-business/capabilities.md;02-requirements/requirements.md;03-domain/domains.md;03-domain/ownership.md"
"DOM-22","4","yes","01-business/capabilities.md;02-requirements/requirements.md;03-domain/domains.md;03-domain/ownership.md"
"DOM-23","5","yes","00-governance/registers/corrections.md;01-business/capabilities.md;02-requirements/requirements.md;03-domain/domains.md;03-domain/ownership.md"
"DOM-24","2","yes","01-business/capabilities.md;03-domain/domains.md"
"DOM-25","5","yes","00-governance/registers/corrections.md;01-business/capabilities.md;02-requirements/use-cases.md;03-domain/domains.md;03-domain/ownership.md"
"DOM-26","2","yes","01-business/capabilities.md;03-domain/domains.md"
"DR-CONTINUITY","5","yes","00-governance/registers/corrections.md;09-reliability/dr-and-continuity.md;15-traceability/quality-verification-matrix.md;15-traceability/trace-platform.md;16-reports/IMPLEMENTATION-READINESS-R1.md"
"DU-01","3","yes","09-reliability/dr-and-continuity.md;12-solution/c4-containers.md;12-solution/deployment-units.md"
"DU-02","2","yes","12-solution/c4-containers.md;12-solution/deployment-units.md"
"DU-03","2","yes","12-solution/c4-containers.md;12-solution/deployment-units.md"
"DU-04","2","yes","12-solution/c4-containers.md;12-solution/deployment-units.md"
"DU-05","2","yes","12-solution/c4-containers.md;12-solution/deployment-units.md"
"DU-06","3","yes","09-reliability/dr-and-continuity.md;12-solution/c4-containers.md;12-solution/deployment-units.md"
"DU-07","2","yes","12-solution/c4-containers.md;12-solution/deployment-units.md"
"DU-08","7","yes","01-business/release-3-scope.md;12-solution/c4-containers.md;12-solution/deployment-units.md;16-reports/ANTI-PATTERN-REPORT-R1.md;16-reports/ARCHITECTURE-REVIEW-R2.md;16-reports/CONSISTENCY-REPORT-R2.md;16-reports/SESSION-R2-BASELINE.md"
"DU-09","2","yes","12-solution/c4-containers.md;12-solution/deployment-units.md"
"DU-10","2","yes","12-solution/c4-containers.md;12-solution/deployment-units.md"
"DU-11","3","yes","09-reliability/dr-and-continuity.md;12-solution/c4-containers.md;12-solution/deployment-units.md"
"DU-12","4","yes","03-domain/contexts/BC06/products-knowledge-archive-spec.md;12-solution/c4-containers.md;12-solution/deployment-units.md;12-solution/ui-architecture.md"
"DU-13","2","yes","12-solution/c4-containers.md;12-solution/deployment-units.md"
"DU-14","5","yes","12-solution/deployment-units.md;16-reports/ARCHITECTURE-REVIEW-R2.md;16-reports/CONSISTENCY-REPORT-R2.md;16-reports/ENGINEERING-BASELINE-R2.md;16-reports/SESSION-R2-BASELINE.md"
"DU-15","5","yes","12-solution/deployment-units.md;16-reports/ARCHITECTURE-REVIEW-R2.md;16-reports/CONSISTENCY-REPORT-R2.md;16-reports/ENGINEERING-BASELINE-R2.md;16-reports/SESSION-R2-BASELINE.md"
"DU-16","4","yes","12-solution/deployment-units.md;16-reports/CONSISTENCY-REPORT-R2.md;16-reports/ENGINEERING-BASELINE-R2.md;16-reports/SESSION-R2-BASELINE.md"
"DU-17","1","no","01-business/release-3-scope.md"
"EB-R1","1","no","16-reports/REQUIREMENTS-QUALITY-REPORT-R2.md"
"EB-R1-2026-09-24","3","no","README.md;16-reports/ENGINEERING-BASELINE-R1.md;16-reports/SESSION-W9.md"
"EB-R2-2026-09-24","3","no","README.md;16-reports/ENGINEERING-BASELINE-R2.md;16-reports/SESSION-R2-BASELINE.md"
"ER-MODEL","10","yes","00-governance/glossary.md;02-requirements/requirements.md;03-domain/ownership.md;03-domain/contexts/BC02/candidate-generation.md;03-domain/contexts/BC02/claims-temporal-kernel.md;03-domain/contexts/BC02/aggregates/AGG-ER-CASE.md;04-information/entity-resolution.md;13-verification/tooling/slice-sources.md;16-reports/ARCHITECTURE-REVIEW-R1.md;16-reports/CONSISTENCY-CHECK-W3.md"
"ERRORS-SLC01","1","yes","05-contracts/errors-slc01.md"
"ERRORS-SLC02","1","yes","05-contracts/errors-slc02.md"
"ERRORS-SLC03","1","yes","05-contracts/errors-slc03.md"
"ERRORS-SLC04","1","yes","05-contracts/errors-slc04.md"
"ERRORS-SLC05","1","yes","05-contracts/errors-slc05.md"
"ERRORS-SLC06","1","yes","05-contracts/errors-slc06.md"
"ERRORS-SLC07","1","yes","05-contracts/errors-slc07.md"
"ERRORS-SLC08","1","yes","05-contracts/errors-slc08.md"
"ERRORS-SLC09","1","yes","05-contracts/errors-slc09.md"
"ERRORS-SLC10","1","yes","05-contracts/errors-slc10.md"
"ERRORS-SLC11","1","yes","05-contracts/errors-slc11.md"
"ERRORS-SLC12","1","yes","05-contracts/errors-slc12.md"
"ERRORS-SLC12A","1","yes","05-contracts/errors-slc12a.md"
"ERRORS-SLC14","1","yes","05-contracts/errors-slc14.md"
"ERRORS-SLC15","1","yes","05-contracts/errors-slc15.md"
"ERRORS-SLC16","1","yes","05-contracts/errors-slc16.md"
"ERRORS-SLC17","1","yes","05-contracts/errors-slc17.md"
"ERRORS-SLC18","1","yes","05-contracts/errors-slc18.md"
"ERRORS-SLC19","1","yes","05-contracts/errors-slc19.md"
"EVD-REGISTER","1","no","03-domain/contexts/BC07/field-sync-protocol.md"
"EVT-ACS-ASSUMPTION-ADDED","7","yes","03-domain/contexts/BC03/commands-slc07.md;03-domain/contexts/BC03/events-slc07.md;03-domain/contexts/BC03/aggregates/AGG-ANALYSIS-CASE.md;05-contracts/asyncapi-slc07.md;05-contracts/openapi-intelligence-slc07.md;13-verification/acceptance/SLC-07/analysis-case-state-machine.md;13-verification/tooling/slice-sources.md"
"EVT-ACS-ASSUMPTION-RETIRED","7","yes","03-domain/contexts/BC03/commands-slc07.md;03-domain/contexts/BC03/events-slc07.md;03-domain/contexts/BC03/aggregates/AGG-ANALYSIS-CASE.md;05-contracts/asyncapi-slc07.md;05-contracts/openapi-intelligence-slc07.md;13-verification/acceptance/SLC-07/analysis-case-state-machine.md;13-verification/tooling/slice-sources.md"
"EVT-ACS-CANCELLED","7","yes","03-domain/contexts/BC03/commands-slc07.md;03-domain/contexts/BC03/events-slc07.md;03-domain/contexts/BC03/aggregates/AGG-ANALYSIS-CASE.md;05-contracts/asyncapi-slc07.md;05-contracts/openapi-intelligence-slc07.md;13-verification/acceptance/SLC-07/analysis-case-state-machine.md;13-verification/tooling/slice-sources.md"
"EVT-ACS-CLOSED","7","yes","03-domain/contexts/BC03/commands-slc07.md;03-domain/contexts/BC03/events-slc07.md;03-domain/contexts/BC03/aggregates/AGG-ANALYSIS-CASE.md;05-contracts/asyncapi-slc07.md;05-contracts/openapi-intelligence-slc07.md;13-verification/acceptance/SLC-07/analysis-case-state-machine.md;13-verification/tooling/slice-sources.md"
"EVT-ACS-CREATED","7","yes","03-domain/contexts/BC03/commands-slc07.md;03-domain/contexts/BC03/events-slc07.md;03-domain/contexts/BC03/aggregates/AGG-ANALYSIS-CASE.md;05-contracts/asyncapi-slc07.md;05-contracts/openapi-intelligence-slc07.md;13-verification/acceptance/SLC-07/analysis-case-state-machine.md;13-verification/tooling/slice-sources.md"
"EVT-ACS-DEFINED","7","yes","03-domain/contexts/BC03/commands-slc07.md;03-domain/contexts/BC03/events-slc07.md;03-domain/contexts/BC03/aggregates/AGG-ANALYSIS-CASE.md;05-contracts/asyncapi-slc07.md;05-contracts/openapi-intelligence-slc07.md;13-verification/acceptance/SLC-07/analysis-case-state-machine.md;13-verification/tooling/slice-sources.md"
"EVT-ACS-EVIDENCE-DESELECTED","7","yes","03-domain/contexts/BC03/commands-slc07.md;03-domain/contexts/BC03/events-slc07.md;03-domain/contexts/BC03/aggregates/AGG-ANALYSIS-CASE.md;05-contracts/asyncapi-slc07.md;05-contracts/openapi-intelligence-slc07.md;13-verification/acceptance/SLC-07/analysis-case-state-machine.md;13-verification/tooling/slice-sources.md"
"EVT-ACS-EVIDENCE-SELECTED","7","yes","03-domain/contexts/BC03/commands-slc07.md;03-domain/contexts/BC03/events-slc07.md;03-domain/contexts/BC03/aggregates/AGG-ANALYSIS-CASE.md;05-contracts/asyncapi-slc07.md;05-contracts/openapi-intelligence-slc07.md;13-verification/acceptance/SLC-07/analysis-case-state-machine.md;13-verification/tooling/slice-sources.md"
"EVT-ACS-HYPOTHESIS-ADDED","7","yes","03-domain/contexts/BC03/commands-slc07.md;03-domain/contexts/BC03/events-slc07.md;03-domain/contexts/BC03/aggregates/AGG-ANALYSIS-CASE.md;05-contracts/asyncapi-slc07.md;05-contracts/openapi-intelligence-slc07.md;13-verification/acceptance/SLC-07/analysis-case-state-machine.md;13-verification/tooling/slice-sources.md"
"EVT-ACS-HYPOTHESIS-UPDATED","7","yes","03-domain/contexts/BC03/commands-slc07.md;03-domain/contexts/BC03/events-slc07.md;03-domain/contexts/BC03/aggregates/AGG-ANALYSIS-CASE.md;05-contracts/asyncapi-slc07.md;05-contracts/openapi-intelligence-slc07.md;13-verification/acceptance/SLC-07/analysis-case-state-machine.md;13-verification/tooling/slice-sources.md"
"EVT-ACS-OPENED","7","yes","03-domain/contexts/BC03/commands-slc07.md;03-domain/contexts/BC03/events-slc07.md;03-domain/contexts/BC03/aggregates/AGG-ANALYSIS-CASE.md;05-contracts/asyncapi-slc07.md;05-contracts/openapi-intelligence-slc07.md;13-verification/acceptance/SLC-07/analysis-case-state-machine.md;13-verification/tooling/slice-sources.md"
"EVT-ACS-RECLASSIFIED","7","yes","03-domain/contexts/BC03/commands-slc07.md;03-domain/contexts/BC03/events-slc07.md;03-domain/contexts/BC03/aggregates/AGG-ANALYSIS-CASE.md;05-contracts/asyncapi-slc07.md;05-contracts/openapi-intelligence-slc07.md;13-verification/acceptance/SLC-07/analysis-case-state-machine.md;13-verification/tooling/slice-sources.md"
"EVT-ACS-REOPENED","7","yes","03-domain/contexts/BC03/commands-slc07.md;03-domain/contexts/BC03/events-slc07.md;03-domain/contexts/BC03/aggregates/AGG-ANALYSIS-CASE.md;05-contracts/asyncapi-slc07.md;05-contracts/openapi-intelligence-slc07.md;13-verification/acceptance/SLC-07/analysis-case-state-machine.md;13-verification/tooling/slice-sources.md"
"EVT-ACS-SCENARIO-DEFINED","7","yes","03-domain/contexts/BC03/commands-slc07.md;03-domain/contexts/BC03/events-slc07.md;03-domain/contexts/BC03/aggregates/AGG-ANALYSIS-CASE.md;05-contracts/asyncapi-slc07.md;05-contracts/openapi-intelligence-slc07.md;13-verification/acceptance/SLC-07/analysis-case-state-machine.md;13-verification/tooling/slice-sources.md"
"EVT-ADP-ACTIVATED","7","yes","03-domain/contexts/BC07/commands-slc02.md;03-domain/contexts/BC07/events-slc02.md;03-domain/contexts/BC07/aggregates/AGG-ADAPTER.md;05-contracts/asyncapi-slc02.md;05-contracts/openapi-integration-slc02.md;13-verification/acceptance/SLC-02/adapter-state-machine.md;13-verification/tooling/slice-sources.md"
"EVT-ADP-MAPPING-UPDATED","7","yes","03-domain/contexts/BC07/commands-slc02.md;03-domain/contexts/BC07/events-slc02.md;03-domain/contexts/BC07/aggregates/AGG-ADAPTER.md;05-contracts/asyncapi-slc02.md;05-contracts/openapi-integration-slc02.md;13-verification/acceptance/SLC-02/adapter-state-machine.md;13-verification/tooling/slice-sources.md"
"EVT-ADP-REGISTERED","7","yes","03-domain/contexts/BC07/commands-slc02.md;03-domain/contexts/BC07/events-slc02.md;03-domain/contexts/BC07/aggregates/AGG-ADAPTER.md;05-contracts/asyncapi-slc02.md;05-contracts/openapi-integration-slc02.md;13-verification/acceptance/SLC-02/adapter-state-machine.md;13-verification/tooling/slice-sources.md"
"EVT-ADP-RESUMED","7","yes","03-domain/contexts/BC07/commands-slc02.md;03-domain/contexts/BC07/events-slc02.md;03-domain/contexts/BC07/aggregates/AGG-ADAPTER.md;05-contracts/asyncapi-slc02.md;05-contracts/openapi-integration-slc02.md;13-verification/acceptance/SLC-02/adapter-state-machine.md;13-verification/tooling/slice-sources.md"
"EVT-ADP-RETIRED","7","yes","03-domain/contexts/BC07/commands-slc02.md;03-domain/contexts/BC07/events-slc02.md;03-domain/contexts/BC07/aggregates/AGG-ADAPTER.md;05-contracts/asyncapi-slc02.md;05-contracts/openapi-integration-slc02.md;13-verification/acceptance/SLC-02/adapter-state-machine.md;13-verification/tooling/slice-sources.md"
"EVT-ADP-SUSPENDED","7","yes","03-domain/contexts/BC07/commands-slc02.md;03-domain/contexts/BC07/events-slc02.md;03-domain/contexts/BC07/aggregates/AGG-ADAPTER.md;05-contracts/asyncapi-slc02.md;05-contracts/openapi-integration-slc02.md;13-verification/acceptance/SLC-02/adapter-state-machine.md;13-verification/tooling/slice-sources.md"
"EVT-AIR-CANCELLED","7","yes","03-domain/contexts/BC07/commands-slc10.md;03-domain/contexts/BC07/events-slc10.md;03-domain/contexts/BC07/aggregates/AGG-AI-REQUEST.md;05-contracts/asyncapi-slc10.md;05-contracts/openapi-ai-slc10.md;13-verification/acceptance/SLC-10/ai-request-state-machine.md;13-verification/tooling/slice-sources.md"
"EVT-AIR-COMPLETED","4","yes","03-domain/contexts/BC07/events-slc10.md;03-domain/contexts/BC07/aggregates/AGG-AI-REQUEST.md;05-contracts/asyncapi-slc10.md;13-verification/tooling/slice-sources.md"
"EVT-AIR-CONTEXT-SEALED","4","yes","03-domain/contexts/BC07/events-slc10.md;03-domain/contexts/BC07/aggregates/AGG-AI-REQUEST.md;05-contracts/asyncapi-slc10.md;13-verification/tooling/slice-sources.md"
"EVT-AIR-FAILED","4","yes","03-domain/contexts/BC07/events-slc10.md;03-domain/contexts/BC07/aggregates/AGG-AI-REQUEST.md;05-contracts/asyncapi-slc10.md;13-verification/tooling/slice-sources.md"
"EVT-AIR-INSUFFICIENT-EVIDENCE","4","yes","03-domain/contexts/BC07/events-slc10.md;03-domain/contexts/BC07/aggregates/AGG-AI-REQUEST.md;05-contracts/asyncapi-slc10.md;13-verification/tooling/slice-sources.md"
"EVT-AIR-RECEIVED","7","yes","03-domain/contexts/BC07/commands-slc10.md;03-domain/contexts/BC07/events-slc10.md;03-domain/contexts/BC07/aggregates/AGG-AI-REQUEST.md;05-contracts/asyncapi-slc10.md;05-contracts/openapi-ai-slc10.md;13-verification/acceptance/SLC-10/ai-request-state-machine.md;13-verification/tooling/slice-sources.md"
"EVT-AIR-REFUSED","4","yes","03-domain/contexts/BC07/events-slc10.md;03-domain/contexts/BC07/aggregates/AGG-AI-REQUEST.md;05-contracts/asyncapi-slc10.md;13-verification/tooling/slice-sources.md"
"EVT-AIR-RETRIEVING","4","yes","03-domain/contexts/BC07/events-slc10.md;03-domain/contexts/BC07/aggregates/AGG-AI-REQUEST.md;05-contracts/asyncapi-slc10.md;13-verification/tooling/slice-sources.md"
"EVT-AIRS-ACCEPTED","7","yes","03-domain/contexts/BC07/commands-slc10.md;03-domain/contexts/BC07/events-slc10.md;03-domain/contexts/BC07/aggregates/AGG-AI-RESULT.md;05-contracts/asyncapi-slc10.md;05-contracts/openapi-ai-slc10.md;13-verification/acceptance/SLC-10/ai-result-state-machine.md;13-verification/tooling/slice-sources.md"
"EVT-AIRS-PARTIALLY-ACCEPTED","7","yes","03-domain/contexts/BC07/commands-slc10.md;03-domain/contexts/BC07/events-slc10.md;03-domain/contexts/BC07/aggregates/AGG-AI-RESULT.md;05-contracts/asyncapi-slc10.md;05-contracts/openapi-ai-slc10.md;13-verification/acceptance/SLC-10/ai-result-state-machine.md;13-verification/tooling/slice-sources.md"
"EVT-AIRS-PROPOSED","4","yes","03-domain/contexts/BC07/events-slc10.md;03-domain/contexts/BC07/aggregates/AGG-AI-RESULT.md;05-contracts/asyncapi-slc10.md;13-verification/tooling/slice-sources.md"
"EVT-AIRS-REJECTED","7","yes","03-domain/contexts/BC07/commands-slc10.md;03-domain/contexts/BC07/events-slc10.md;03-domain/contexts/BC07/aggregates/AGG-AI-RESULT.md;05-contracts/asyncapi-slc10.md;05-contracts/openapi-ai-slc10.md;13-verification/acceptance/SLC-10/ai-result-state-machine.md;13-verification/tooling/slice-sources.md"
"EVT-AIRS-REVIEW-STARTED","7","yes","03-domain/contexts/BC07/commands-slc10.md;03-domain/contexts/BC07/events-slc10.md;03-domain/contexts/BC07/aggregates/AGG-AI-RESULT.md;05-contracts/asyncapi-slc10.md;05-contracts/openapi-ai-slc10.md;13-verification/acceptance/SLC-10/ai-result-state-machine.md;13-verification/tooling/slice-sources.md"
"EVT-ALC-APPROVAL-REQUIRED","6","yes","03-domain/contexts/BC05/events-slc09.md;03-domain/contexts/BC05/aggregates/AGG-ALLOCATION.md;03-domain/contexts/BC05/aggregates/AGG-LOGISTICS-REQUEST.md;05-contracts/asyncapi-slc09.md;13-verification/acceptance/SLC-18/invariants-slc18.md;13-verification/tooling/slice-sources.md"
"EVT-ALC-COMMITTED","13","yes","02-requirements/requirements.md;03-domain/contexts/BC05/commands-slc09.md;03-domain/contexts/BC05/events-slc09.md;03-domain/contexts/BC05/logistics-spec.md;03-domain/contexts/BC05/aggregates/AGG-ALLOCATION.md;03-domain/contexts/BC05/aggregates/AGG-LOGISTICS-REQUEST.md;05-contracts/asyncapi-slc09.md;05-contracts/openapi-readiness-slc09.md;08-security/threat-model-slc18.md;13-verification/acceptance/SLC-09/allocation-state-machine.md;13-verification/acceptance/SLC-18/invariants-slc18.md;13-verification/tooling/slice-sources.md;16-reports/SESSION-W4-W7-SLC18.md"
"EVT-ALC-CONSUMED","7","yes","03-domain/contexts/BC05/commands-slc09.md;03-domain/contexts/BC05/events-slc09.md;03-domain/contexts/BC05/aggregates/AGG-ALLOCATION.md;05-contracts/asyncapi-slc09.md;05-contracts/openapi-readiness-slc09.md;13-verification/acceptance/SLC-09/allocation-state-machine.md;13-verification/tooling/slice-sources.md"
"EVT-ALC-PREEMPTED","7","yes","03-domain/contexts/BC05/commands-slc09.md;03-domain/contexts/BC05/events-slc09.md;03-domain/contexts/BC05/aggregates/AGG-ALLOCATION.md;05-contracts/asyncapi-slc09.md;05-contracts/openapi-readiness-slc09.md;13-verification/acceptance/SLC-09/allocation-state-machine.md;13-verification/tooling/slice-sources.md"
"EVT-ALC-REJECTED","9","yes","03-domain/contexts/BC05/commands-slc09.md;03-domain/contexts/BC05/events-slc09.md;03-domain/contexts/BC05/aggregates/AGG-ALLOCATION.md;03-domain/contexts/BC05/aggregates/AGG-LOGISTICS-REQUEST.md;05-contracts/asyncapi-slc09.md;05-contracts/openapi-readiness-slc09.md;13-verification/acceptance/SLC-09/allocation-state-machine.md;13-verification/acceptance/SLC-18/invariants-slc18.md;13-verification/tooling/slice-sources.md"
"EVT-ALC-RELEASED","7","yes","03-domain/contexts/BC05/commands-slc09.md;03-domain/contexts/BC05/events-slc09.md;03-domain/contexts/BC05/aggregates/AGG-ALLOCATION.md;05-contracts/asyncapi-slc09.md;05-contracts/openapi-readiness-slc09.md;13-verification/acceptance/SLC-09/allocation-state-machine.md;13-verification/tooling/slice-sources.md"
"EVT-ALC-REQUESTED","7","yes","03-domain/contexts/BC05/commands-slc09.md;03-domain/contexts/BC05/events-slc09.md;03-domain/contexts/BC05/aggregates/AGG-ALLOCATION.md;05-contracts/asyncapi-slc09.md;05-contracts/openapi-readiness-slc09.md;13-verification/acceptance/SLC-09/allocation-state-machine.md;13-verification/tooling/slice-sources.md"
"EVT-ALR-ACKNOWLEDGED","7","yes","03-domain/contexts/BC03/commands-slc06.md;03-domain/contexts/BC03/events-slc06.md;03-domain/contexts/BC03/aggregates/AGG-ALERT.md;05-contracts/asyncapi-slc06.md;05-contracts/openapi-intelligence-slc06.md;13-verification/acceptance/SLC-06/alert-state-machine.md;13-verification/tooling/slice-sources.md"
"EVT-ALR-DISMISSED","7","yes","03-domain/contexts/BC03/commands-slc06.md;03-domain/contexts/BC03/events-slc06.md;03-domain/contexts/BC03/aggregates/AGG-ALERT.md;05-contracts/asyncapi-slc06.md;05-contracts/openapi-intelligence-slc06.md;13-verification/acceptance/SLC-06/alert-state-machine.md;13-verification/tooling/slice-sources.md"
"EVT-ALR-ESCALATED","4","yes","03-domain/contexts/BC03/events-slc06.md;03-domain/contexts/BC03/aggregates/AGG-ALERT.md;05-contracts/asyncapi-slc06.md;13-verification/tooling/slice-sources.md"
"EVT-ALR-RAISED","4","yes","03-domain/contexts/BC03/events-slc06.md;03-domain/contexts/BC03/aggregates/AGG-ALERT.md;05-contracts/asyncapi-slc06.md;13-verification/tooling/slice-sources.md"
"EVT-ALR-REPEATED","4","yes","03-domain/contexts/BC03/events-slc06.md;03-domain/contexts/BC03/aggregates/AGG-ALERT.md;05-contracts/asyncapi-slc06.md;13-verification/tooling/slice-sources.md"
"EVT-ALR-RESOLVED","7","yes","03-domain/contexts/BC03/commands-slc06.md;03-domain/contexts/BC03/events-slc06.md;03-domain/contexts/BC03/aggregates/AGG-ALERT.md;05-contracts/asyncapi-slc06.md;05-contracts/openapi-intelligence-slc06.md;13-verification/acceptance/SLC-06/alert-state-machine.md;13-verification/tooling/slice-sources.md"
"EVT-AMT-ACTIVATED","7","yes","03-domain/contexts/BC03/commands-slc07.md;03-domain/contexts/BC03/events-slc07.md;03-domain/contexts/BC03/aggregates/AGG-ANALYSIS-METHOD.md;05-contracts/asyncapi-slc07.md;05-contracts/openapi-intelligence-slc07.md;13-verification/acceptance/SLC-07/analysis-method-state-machine.md;13-verification/tooling/slice-sources.md"
"EVT-AMT-DEPRECATED","7","yes","03-domain/contexts/BC03/commands-slc07.md;03-domain/contexts/BC03/events-slc07.md;03-domain/contexts/BC03/aggregates/AGG-ANALYSIS-METHOD.md;05-contracts/asyncapi-slc07.md;05-contracts/openapi-intelligence-slc07.md;13-verification/acceptance/SLC-07/analysis-method-state-machine.md;13-verification/tooling/slice-sources.md"
"EVT-AMT-REGISTERED","7","yes","03-domain/contexts/BC03/commands-slc07.md;03-domain/contexts/BC03/events-slc07.md;03-domain/contexts/BC03/aggregates/AGG-ANALYSIS-METHOD.md;05-contracts/asyncapi-slc07.md;05-contracts/openapi-intelligence-slc07.md;13-verification/acceptance/SLC-07/analysis-method-state-machine.md;13-verification/tooling/slice-sources.md"
"EVT-AMT-RETIRED","7","yes","03-domain/contexts/BC03/commands-slc07.md;03-domain/contexts/BC03/events-slc07.md;03-domain/contexts/BC03/aggregates/AGG-ANALYSIS-METHOD.md;05-contracts/asyncapi-slc07.md;05-contracts/openapi-intelligence-slc07.md;13-verification/acceptance/SLC-07/analysis-method-state-machine.md;13-verification/tooling/slice-sources.md"
"EVT-ARC-ARCHIVED","4","yes","03-domain/contexts/BC06/events-slc12.md;03-domain/contexts/BC06/aggregates/AGG-ARCHIVE-PACKAGE.md;05-contracts/asyncapi-slc12.md;13-verification/tooling/slice-sources.md"
"EVT-ARC-DISPOSED","4","yes","03-domain/contexts/BC06/events-slc12.md;03-domain/contexts/BC06/aggregates/AGG-ARCHIVE-PACKAGE.md;05-contracts/asyncapi-slc12.md;13-verification/tooling/slice-sources.md"
"EVT-ARC-FORMAT-MIGRATED","7","yes","03-domain/contexts/BC06/commands-slc12.md;03-domain/contexts/BC06/events-slc12.md;03-domain/contexts/BC06/aggregates/AGG-ARCHIVE-PACKAGE.md;05-contracts/asyncapi-slc12.md;05-contracts/openapi-knowledge-slc12.md;13-verification/acceptance/SLC-12/archive-package-state-machine.md;13-verification/tooling/slice-sources.md"
"EVT-ARC-INGEST-FAILED","4","yes","03-domain/contexts/BC06/events-slc12.md;03-domain/contexts/BC06/aggregates/AGG-ARCHIVE-PACKAGE.md;05-contracts/asyncapi-slc12.md;13-verification/tooling/slice-sources.md"
"EVT-ARC-INGEST-STARTED","7","yes","03-domain/contexts/BC06/commands-slc12.md;03-domain/contexts/BC06/events-slc12.md;03-domain/contexts/BC06/aggregates/AGG-ARCHIVE-PACKAGE.md;05-contracts/asyncapi-slc12.md;05-contracts/openapi-knowledge-slc12.md;13-verification/acceptance/SLC-12/archive-package-state-machine.md;13-verification/tooling/slice-sources.md"
"EVT-ARC-INTEGRITY-FAILED","4","yes","03-domain/contexts/BC06/events-slc12.md;03-domain/contexts/BC06/aggregates/AGG-ARCHIVE-PACKAGE.md;05-contracts/asyncapi-slc12.md;13-verification/tooling/slice-sources.md"
"EVT-ARC-REPAIRED","7","yes","03-domain/contexts/BC06/commands-slc12.md;03-domain/contexts/BC06/events-slc12.md;03-domain/contexts/BC06/aggregates/AGG-ARCHIVE-PACKAGE.md;05-contracts/asyncapi-slc12.md;05-contracts/openapi-knowledge-slc12.md;13-verification/acceptance/SLC-12/archive-package-state-machine.md;13-verification/tooling/slice-sources.md"
"EVT-ARC-TRANSFERRED","7","yes","03-domain/contexts/BC06/commands-slc12.md;03-domain/contexts/BC06/events-slc12.md;03-domain/contexts/BC06/aggregates/AGG-ARCHIVE-PACKAGE.md;05-contracts/asyncapi-slc12.md;05-contracts/openapi-knowledge-slc12.md;13-verification/acceptance/SLC-12/archive-package-state-machine.md;13-verification/tooling/slice-sources.md"
"EVT-ARL-ACTIVATED","7","yes","03-domain/contexts/BC03/commands-slc06.md;03-domain/contexts/BC03/events-slc06.md;03-domain/contexts/BC03/aggregates/AGG-ALERT-RULE.md;05-contracts/asyncapi-slc06.md;05-contracts/openapi-intelligence-slc06.md;13-verification/acceptance/SLC-06/alert-rule-state-machine.md;13-verification/tooling/slice-sources.md"
"EVT-ARL-DEFINED","7","yes","03-domain/contexts/BC03/commands-slc06.md;03-domain/contexts/BC03/events-slc06.md;03-domain/contexts/BC03/aggregates/AGG-ALERT-RULE.md;05-contracts/asyncapi-slc06.md;05-contracts/openapi-intelligence-slc06.md;13-verification/acceptance/SLC-06/alert-rule-state-machine.md;13-verification/tooling/slice-sources.md"
"EVT-ARL-DISABLED","7","yes","03-domain/contexts/BC03/commands-slc06.md;03-domain/contexts/BC03/events-slc06.md;03-domain/contexts/BC03/aggregates/AGG-ALERT-RULE.md;05-contracts/asyncapi-slc06.md;05-contracts/openapi-intelligence-slc06.md;13-verification/acceptance/SLC-06/alert-rule-state-machine.md;13-verification/tooling/slice-sources.md"
"EVT-ARL-EDITED","7","yes","03-domain/contexts/BC03/commands-slc06.md;03-domain/contexts/BC03/events-slc06.md;03-domain/contexts/BC03/aggregates/AGG-ALERT-RULE.md;05-contracts/asyncapi-slc06.md;05-contracts/openapi-intelligence-slc06.md;13-verification/acceptance/SLC-06/alert-rule-state-machine.md;13-verification/tooling/slice-sources.md"
"EVT-ARL-ENABLED","7","yes","03-domain/contexts/BC03/commands-slc06.md;03-domain/contexts/BC03/events-slc06.md;03-domain/contexts/BC03/aggregates/AGG-ALERT-RULE.md;05-contracts/asyncapi-slc06.md;05-contracts/openapi-intelligence-slc06.md;13-verification/acceptance/SLC-06/alert-rule-state-machine.md;13-verification/tooling/slice-sources.md"
"EVT-ARL-RETIRED","7","yes","03-domain/contexts/BC03/commands-slc06.md;03-domain/contexts/BC03/events-slc06.md;03-domain/contexts/BC03/aggregates/AGG-ALERT-RULE.md;05-contracts/asyncapi-slc06.md;05-contracts/openapi-intelligence-slc06.md;13-verification/acceptance/SLC-06/alert-rule-state-machine.md;13-verification/tooling/slice-sources.md"
"EVT-ASG-ASSIGNED","7","yes","03-domain/contexts/BC05/commands-slc09.md;03-domain/contexts/BC05/events-slc09.md;03-domain/contexts/BC05/aggregates/AGG-ASSET-ASSIGNMENT.md;05-contracts/asyncapi-slc09.md;05-contracts/openapi-readiness-slc09.md;13-verification/acceptance/SLC-09/asset-assignment-state-machine.md;13-verification/tooling/slice-sources.md"
"EVT-ASG-CANCELLED","7","yes","03-domain/contexts/BC05/commands-slc09.md;03-domain/contexts/BC05/events-slc09.md;03-domain/contexts/BC05/aggregates/AGG-ASSET-ASSIGNMENT.md;05-contracts/asyncapi-slc09.md;05-contracts/openapi-readiness-slc09.md;13-verification/acceptance/SLC-09/asset-assignment-state-machine.md;13-verification/tooling/slice-sources.md"
"EVT-ASG-RETURNED","7","yes","03-domain/contexts/BC05/commands-slc09.md;03-domain/contexts/BC05/events-slc09.md;03-domain/contexts/BC05/aggregates/AGG-ASSET-ASSIGNMENT.md;05-contracts/asyncapi-slc09.md;05-contracts/openapi-readiness-slc09.md;13-verification/acceptance/SLC-09/asset-assignment-state-machine.md;13-verification/tooling/slice-sources.md"
"EVT-ASM-DISCARDED","7","yes","03-domain/contexts/BC03/commands-slc07.md;03-domain/contexts/BC03/events-slc07.md;03-domain/contexts/BC03/aggregates/AGG-ASSESSMENT.md;05-contracts/asyncapi-slc07.md;05-contracts/openapi-intelligence-slc07.md;13-verification/acceptance/SLC-07/assessment-state-machine.md;13-verification/tooling/slice-sources.md"
"EVT-ASM-DRAFTED","7","yes","03-domain/contexts/BC03/commands-slc07.md;03-domain/contexts/BC03/events-slc07.md;03-domain/contexts/BC03/aggregates/AGG-ASSESSMENT.md;05-contracts/asyncapi-slc07.md;05-contracts/openapi-intelligence-slc07.md;13-verification/acceptance/SLC-07/assessment-state-machine.md;13-verification/tooling/slice-sources.md"
"EVT-ASM-EDITED","7","yes","03-domain/contexts/BC03/commands-slc07.md;03-domain/contexts/BC03/events-slc07.md;03-domain/contexts/BC03/aggregates/AGG-ASSESSMENT.md;05-contracts/asyncapi-slc07.md;05-contracts/openapi-intelligence-slc07.md;13-verification/acceptance/SLC-07/assessment-state-machine.md;13-verification/tooling/slice-sources.md"
"EVT-ASM-PUBLISHED","7","yes","03-domain/contexts/BC03/commands-slc07.md;03-domain/contexts/BC03/events-slc07.md;03-domain/contexts/BC03/aggregates/AGG-ASSESSMENT.md;05-contracts/asyncapi-slc07.md;05-contracts/openapi-intelligence-slc07.md;13-verification/acceptance/SLC-07/assessment-state-machine.md;13-verification/tooling/slice-sources.md"
"EVT-ASM-RETURNED","7","yes","03-domain/contexts/BC03/commands-slc07.md;03-domain/contexts/BC03/events-slc07.md;03-domain/contexts/BC03/aggregates/AGG-ASSESSMENT.md;05-contracts/asyncapi-slc07.md;05-contracts/openapi-intelligence-slc07.md;13-verification/acceptance/SLC-07/assessment-state-machine.md;13-verification/tooling/slice-sources.md"
"EVT-ASM-SUBMITTED","7","yes","03-domain/contexts/BC03/commands-slc07.md;03-domain/contexts/BC03/events-slc07.md;03-domain/contexts/BC03/aggregates/AGG-ASSESSMENT.md;05-contracts/asyncapi-slc07.md;05-contracts/openapi-intelligence-slc07.md;13-verification/acceptance/SLC-07/assessment-state-machine.md;13-verification/tooling/slice-sources.md"
"EVT-ASM-SUPERSEDED","4","yes","03-domain/contexts/BC03/events-slc07.md;03-domain/contexts/BC03/aggregates/AGG-ASSESSMENT.md;05-contracts/asyncapi-slc07.md;13-verification/tooling/slice-sources.md"
"EVT-ASM-WITHDRAWN","7","yes","03-domain/contexts/BC03/commands-slc07.md;03-domain/contexts/BC03/events-slc07.md;03-domain/contexts/BC03/aggregates/AGG-ASSESSMENT.md;05-contracts/asyncapi-slc07.md;05-contracts/openapi-intelligence-slc07.md;13-verification/acceptance/SLC-07/assessment-state-machine.md;13-verification/tooling/slice-sources.md"
"EVT-AST-CERTIFICATION-SET","7","yes","03-domain/contexts/BC05/commands-slc09.md;03-domain/contexts/BC05/events-slc09.md;03-domain/contexts/BC05/aggregates/AGG-ASSET.md;05-contracts/asyncapi-slc09.md;05-contracts/openapi-readiness-slc09.md;13-verification/acceptance/SLC-09/asset-state-machine.md;13-verification/tooling/slice-sources.md"
"EVT-AST-CONDITION-UPDATED","7","yes","03-domain/contexts/BC05/commands-slc09.md;03-domain/contexts/BC05/events-slc09.md;03-domain/contexts/BC05/aggregates/AGG-ASSET.md;05-contracts/asyncapi-slc09.md;05-contracts/openapi-readiness-slc09.md;13-verification/acceptance/SLC-09/asset-state-machine.md;13-verification/tooling/slice-sources.md"
"EVT-AST-CUSTODY-TRANSFERRED","7","yes","03-domain/contexts/BC05/commands-slc09.md;03-domain/contexts/BC05/events-slc09.md;03-domain/contexts/BC05/aggregates/AGG-ASSET.md;05-contracts/asyncapi-slc09.md;05-contracts/openapi-readiness-slc09.md;13-verification/acceptance/SLC-09/asset-state-machine.md;13-verification/tooling/slice-sources.md"
"EVT-AST-DISPOSED","7","yes","03-domain/contexts/BC05/commands-slc09.md;03-domain/contexts/BC05/events-slc09.md;03-domain/contexts/BC05/aggregates/AGG-ASSET.md;05-contracts/asyncapi-slc09.md;05-contracts/openapi-readiness-slc09.md;13-verification/acceptance/SLC-09/asset-state-machine.md;13-verification/tooling/slice-sources.md"
"EVT-AST-MAINTENANCE-STARTED","7","yes","03-domain/contexts/BC05/commands-slc09.md;03-domain/contexts/BC05/events-slc09.md;03-domain/contexts/BC05/aggregates/AGG-ASSET.md;05-contracts/asyncapi-slc09.md;05-contracts/openapi-readiness-slc09.md;13-verification/acceptance/SLC-09/asset-state-machine.md;13-verification/tooling/slice-sources.md"
"EVT-AST-RECLASSIFIED","7","yes","03-domain/contexts/BC05/commands-slc09.md;03-domain/contexts/BC05/events-slc09.md;03-domain/contexts/BC05/aggregates/AGG-ASSET.md;05-contracts/asyncapi-slc09.md;05-contracts/openapi-readiness-slc09.md;13-verification/acceptance/SLC-09/asset-state-machine.md;13-verification/tooling/slice-sources.md"
"EVT-AST-RECOVERED","7","yes","03-domain/contexts/BC05/commands-slc09.md;03-domain/contexts/BC05/events-slc09.md;03-domain/contexts/BC05/aggregates/AGG-ASSET.md;05-contracts/asyncapi-slc09.md;05-contracts/openapi-readiness-slc09.md;13-verification/acceptance/SLC-09/asset-state-machine.md;13-verification/tooling/slice-sources.md"
"EVT-AST-REGISTERED","7","yes","03-domain/contexts/BC05/commands-slc09.md;03-domain/contexts/BC05/events-slc09.md;03-domain/contexts/BC05/aggregates/AGG-ASSET.md;05-contracts/asyncapi-slc09.md;05-contracts/openapi-readiness-slc09.md;13-verification/acceptance/SLC-09/asset-state-machine.md;13-verification/tooling/slice-sources.md"
"EVT-AST-REPORTED-LOST","7","yes","03-domain/contexts/BC05/commands-slc09.md;03-domain/contexts/BC05/events-slc09.md;03-domain/contexts/BC05/aggregates/AGG-ASSET.md;05-contracts/asyncapi-slc09.md;05-contracts/openapi-readiness-slc09.md;13-verification/acceptance/SLC-09/asset-state-machine.md;13-verification/tooling/slice-sources.md"
"EVT-AST-RETURNED-TO-SERVICE","7","yes","03-domain/contexts/BC05/commands-slc09.md;03-domain/contexts/BC05/events-slc09.md;03-domain/contexts/BC05/aggregates/AGG-ASSET.md;05-contracts/asyncapi-slc09.md;05-contracts/openapi-readiness-slc09.md;13-verification/acceptance/SLC-09/asset-state-machine.md;13-verification/tooling/slice-sources.md"
"EVT-AST-UNSERVICEABLE","7","yes","03-domain/contexts/BC05/commands-slc09.md;03-domain/contexts/BC05/events-slc09.md;03-domain/contexts/BC05/aggregates/AGG-ASSET.md;05-contracts/asyncapi-slc09.md;05-contracts/openapi-readiness-slc09.md;13-verification/acceptance/SLC-09/asset-state-machine.md;13-verification/tooling/slice-sources.md"
"EVT-ATT-ERASED","7","yes","03-domain/contexts/BC02/commands-slc02.md;03-domain/contexts/BC02/events-slc02.md;03-domain/contexts/BC02/aggregates/AGG-ATTACHMENT.md;05-contracts/asyncapi-slc02.md;05-contracts/openapi-information-slc02.md;13-verification/acceptance/SLC-02/attachment-state-machine.md;13-verification/tooling/slice-sources.md"
"EVT-ATT-EXPIRED","4","yes","03-domain/contexts/BC02/events-slc02.md;03-domain/contexts/BC02/aggregates/AGG-ATTACHMENT.md;05-contracts/asyncapi-slc02.md;13-verification/tooling/slice-sources.md"
"EVT-ATT-QUARANTINED","4","yes","03-domain/contexts/BC02/events-slc02.md;03-domain/contexts/BC02/aggregates/AGG-ATTACHMENT.md;05-contracts/asyncapi-slc02.md;13-verification/tooling/slice-sources.md"
"EVT-ATT-STORED","4","yes","03-domain/contexts/BC02/events-slc02.md;03-domain/contexts/BC02/aggregates/AGG-ATTACHMENT.md;05-contracts/asyncapi-slc02.md;13-verification/tooling/slice-sources.md"
"EVT-ATT-UPLOADED","7","yes","03-domain/contexts/BC02/commands-slc02.md;03-domain/contexts/BC02/events-slc02.md;03-domain/contexts/BC02/aggregates/AGG-ATTACHMENT.md;05-contracts/asyncapi-slc02.md;05-contracts/openapi-information-slc02.md;13-verification/acceptance/SLC-02/attachment-state-machine.md;13-verification/tooling/slice-sources.md"
"EVT-ATT-UPLOAD-INITIATED","7","yes","03-domain/contexts/BC02/commands-slc02.md;03-domain/contexts/BC02/events-slc02.md;03-domain/contexts/BC02/aggregates/AGG-ATTACHMENT.md;05-contracts/asyncapi-slc02.md;05-contracts/openapi-information-slc02.md;13-verification/acceptance/SLC-02/attachment-state-machine.md;13-verification/tooling/slice-sources.md"
"EVT-AUT-DELEGATED","7","yes","03-domain/contexts/BC01/commands-slc01.md;03-domain/contexts/BC01/events-slc01.md;03-domain/contexts/BC01/aggregates/AGG-AUTHORITY-GRANT.md;05-contracts/asyncapi-slc01.md;05-contracts/openapi-foundation-slc01.md;13-verification/acceptance/SLC-01/authority-grant-state-machine.md;13-verification/tooling/slice-sources.md"
"EVT-AUT-EXPIRED","4","yes","03-domain/contexts/BC01/events-slc01.md;03-domain/contexts/BC01/aggregates/AGG-AUTHORITY-GRANT.md;05-contracts/asyncapi-slc01.md;13-verification/tooling/slice-sources.md"
"EVT-AUT-GRANTED","7","yes","03-domain/contexts/BC01/commands-slc01.md;03-domain/contexts/BC01/events-slc01.md;03-domain/contexts/BC01/aggregates/AGG-AUTHORITY-GRANT.md;05-contracts/asyncapi-slc01.md;05-contracts/openapi-foundation-slc01.md;13-verification/acceptance/SLC-01/authority-grant-state-machine.md;13-verification/tooling/slice-sources.md"
"EVT-AUT-GRANT-REJECTED","7","yes","03-domain/contexts/BC01/commands-slc01.md;03-domain/contexts/BC01/events-slc01.md;03-domain/contexts/BC01/aggregates/AGG-AUTHORITY-GRANT.md;05-contracts/asyncapi-slc01.md;05-contracts/openapi-foundation-slc01.md;13-verification/acceptance/SLC-01/authority-grant-state-machine.md;13-verification/tooling/slice-sources.md"
"EVT-AUT-GRANT-REQUESTED","7","yes","03-domain/contexts/BC01/commands-slc01.md;03-domain/contexts/BC01/events-slc01.md;03-domain/contexts/BC01/aggregates/AGG-AUTHORITY-GRANT.md;05-contracts/asyncapi-slc01.md;05-contracts/openapi-foundation-slc01.md;13-verification/acceptance/SLC-01/authority-grant-state-machine.md;13-verification/tooling/slice-sources.md"
"EVT-AUT-RESUMED","7","yes","03-domain/contexts/BC01/commands-slc01.md;03-domain/contexts/BC01/events-slc01.md;03-domain/contexts/BC01/aggregates/AGG-AUTHORITY-GRANT.md;05-contracts/asyncapi-slc01.md;05-contracts/openapi-foundation-slc01.md;13-verification/acceptance/SLC-01/authority-grant-state-machine.md;13-verification/tooling/slice-sources.md"
"EVT-AUT-REVOKED","7","yes","03-domain/contexts/BC01/commands-slc01.md;03-domain/contexts/BC01/events-slc01.md;03-domain/contexts/BC01/aggregates/AGG-AUTHORITY-GRANT.md;05-contracts/asyncapi-slc01.md;05-contracts/openapi-foundation-slc01.md;13-verification/acceptance/SLC-01/authority-grant-state-machine.md;13-verification/tooling/slice-sources.md"
"EVT-AUT-SUSPENDED","7","yes","03-domain/contexts/BC01/commands-slc01.md;03-domain/contexts/BC01/events-slc01.md;03-domain/contexts/BC01/aggregates/AGG-AUTHORITY-GRANT.md;05-contracts/asyncapi-slc01.md;05-contracts/openapi-foundation-slc01.md;13-verification/acceptance/SLC-01/authority-grant-state-machine.md;13-verification/tooling/slice-sources.md"
"EVT-CAP-CANCELLED","7","yes","03-domain/contexts/BC03/commands-slc16.md;03-domain/contexts/BC03/events-slc16.md;03-domain/contexts/BC03/aggregates/AGG-CAP-MESSAGE.md;05-contracts/asyncapi-slc16.md;05-contracts/openapi-intelligence-slc16.md;13-verification/acceptance/SLC-16/cap-message-state-machine.md;13-verification/tooling/slice-sources.md"
"EVT-CAP-FAILED","4","yes","03-domain/contexts/BC03/events-slc16.md;03-domain/contexts/BC03/aggregates/AGG-CAP-MESSAGE.md;05-contracts/asyncapi-slc16.md;13-verification/tooling/slice-sources.md"
"EVT-CAP-PREPARED","7","yes","03-domain/contexts/BC03/commands-slc16.md;03-domain/contexts/BC03/events-slc16.md;03-domain/contexts/BC03/aggregates/AGG-CAP-MESSAGE.md;05-contracts/asyncapi-slc16.md;05-contracts/openapi-intelligence-slc16.md;13-verification/acceptance/SLC-16/cap-message-state-machine.md;13-verification/tooling/slice-sources.md"
"EVT-CAP-RETRY","7","yes","03-domain/contexts/BC03/commands-slc16.md;03-domain/contexts/BC03/events-slc16.md;03-domain/contexts/BC03/aggregates/AGG-CAP-MESSAGE.md;05-contracts/asyncapi-slc16.md;05-contracts/openapi-intelligence-slc16.md;13-verification/acceptance/SLC-16/cap-message-state-machine.md;13-verification/tooling/slice-sources.md"
"EVT-CAP-SENT","7","yes","03-domain/contexts/BC03/commands-slc16.md;03-domain/contexts/BC03/events-slc16.md;03-domain/contexts/BC03/aggregates/AGG-CAP-MESSAGE.md;05-contracts/asyncapi-slc16.md;05-contracts/openapi-intelligence-slc16.md;13-verification/acceptance/SLC-16/cap-message-state-machine.md;13-verification/tooling/slice-sources.md"
"EVT-CAT","1","no","13-verification/tooling/spec-tooling.md"
"EVT-CAT-BC01-SLC01","1","yes","03-domain/contexts/BC01/events-slc01.md"
"EVT-CAT-BC01-SLC11","1","yes","03-domain/contexts/BC01/events-slc11.md"
"EVT-CAT-BC01-SLC16","1","yes","03-domain/contexts/BC01/events-slc16.md"
"EVT-CAT-BC02-SLC02","1","yes","03-domain/contexts/BC02/events-slc02.md"
"EVT-CAT-BC02-SLC04","1","yes","03-domain/contexts/BC02/events-slc04.md"
"EVT-CAT-BC02-SLC14","1","yes","03-domain/contexts/BC02/events-slc14.md"
"EVT-CAT-BC02-SLC15","1","yes","03-domain/contexts/BC02/events-slc15.md"
"EVT-CAT-BC03-SLC06","1","yes","03-domain/contexts/BC03/events-slc06.md"
"EVT-CAT-BC03-SLC07","1","yes","03-domain/contexts/BC03/events-slc07.md"
"EVT-CAT-BC03-SLC16","1","yes","03-domain/contexts/BC03/events-slc16.md"
"EVT-CAT-BC04-SLC03","1","yes","03-domain/contexts/BC04/events-slc03.md"
"EVT-CAT-BC04-SLC06","1","yes","03-domain/contexts/BC04/events-slc06.md"
"EVT-CAT-BC04-SLC08","1","yes","03-domain/contexts/BC04/events-slc08.md"
"EVT-CAT-BC04-SLC15","1","yes","03-domain/contexts/BC04/events-slc15.md"
"EVT-CAT-BC04-SLC17","1","yes","03-domain/contexts/BC04/events-slc17.md"
"EVT-CAT-BC05-SLC03","1","yes","03-domain/contexts/BC05/events-slc03.md"
"EVT-CAT-BC05-SLC09","1","yes","03-domain/contexts/BC05/events-slc09.md"
"EVT-CAT-BC05-SLC18","1","yes","03-domain/contexts/BC05/events-slc18.md"
"EVT-CAT-BC05-SLC19","1","yes","03-domain/contexts/BC05/events-slc19.md"
"EVT-CAT-BC06-SLC12","1","yes","03-domain/contexts/BC06/events-slc12.md"
"EVT-CAT-BC07-SLC02","1","yes","03-domain/contexts/BC07/events-slc02.md"
"EVT-CAT-BC07-SLC05","1","yes","03-domain/contexts/BC07/events-slc05.md"
"EVT-CAT-BC07-SLC10","1","yes","03-domain/contexts/BC07/events-slc10.md"
"EVT-CAT-BC07-SLC11","1","yes","03-domain/contexts/BC07/events-slc11.md"
"EVT-CAT-BC07-SLC16","1","yes","03-domain/contexts/BC07/events-slc16.md"
"EVT-CAT-BC08-SLC01","1","yes","03-domain/contexts/BC08/events-slc01.md"
"EVT-CAT-BC08-SLC12A","1","yes","03-domain/contexts/BC08/events-slc12a.md"
"EVT-CLM-ASSERTED","9","yes","03-domain/contexts/BC02/commands-slc02.md;03-domain/contexts/BC02/conflict-detection-engine.md;03-domain/contexts/BC02/events-slc02.md;03-domain/contexts/BC02/aggregates/AGG-CLAIM.md;03-domain/contexts/BC02/aggregates/AGG-CONFLICT.md;05-contracts/asyncapi-slc02.md;05-contracts/openapi-information-slc02.md;13-verification/acceptance/SLC-02/claim-state-machine.md;13-verification/tooling/slice-sources.md"
"EVT-CLM-ASSESSED","7","yes","03-domain/contexts/BC02/commands-slc02.md;03-domain/contexts/BC02/events-slc02.md;03-domain/contexts/BC02/aggregates/AGG-CLAIM.md;05-contracts/asyncapi-slc02.md;05-contracts/openapi-information-slc02.md;13-verification/acceptance/SLC-02/claim-state-machine.md;13-verification/tooling/slice-sources.md"
"EVT-CLM-CHANGED","7","yes","03-domain/contexts/BC02/commands-slc02.md;03-domain/contexts/BC02/events-slc02.md;03-domain/contexts/BC02/aggregates/AGG-CLAIM.md;05-contracts/asyncapi-slc02.md;05-contracts/openapi-information-slc02.md;13-verification/acceptance/SLC-02/claim-state-machine.md;13-verification/tooling/slice-sources.md"
"EVT-CLM-CORRECTED","7","yes","03-domain/contexts/BC02/commands-slc02.md;03-domain/contexts/BC02/events-slc02.md;03-domain/contexts/BC02/aggregates/AGG-CLAIM.md;05-contracts/asyncapi-slc02.md;05-contracts/openapi-information-slc02.md;13-verification/acceptance/SLC-02/claim-state-machine.md;13-verification/tooling/slice-sources.md"
"EVT-CLM-RECLASSIFIED","7","yes","03-domain/contexts/BC02/commands-slc02.md;03-domain/contexts/BC02/events-slc02.md;03-domain/contexts/BC02/aggregates/AGG-CLAIM.md;05-contracts/asyncapi-slc02.md;05-contracts/openapi-information-slc02.md;13-verification/acceptance/SLC-02/claim-state-machine.md;13-verification/tooling/slice-sources.md"
"EVT-CLM-RETRACTED","8","yes","03-domain/contexts/BC02/commands-slc02.md;03-domain/contexts/BC02/conflict-detection-engine.md;03-domain/contexts/BC02/events-slc02.md;03-domain/contexts/BC02/aggregates/AGG-CLAIM.md;05-contracts/asyncapi-slc02.md;05-contracts/openapi-information-slc02.md;13-verification/acceptance/SLC-02/claim-state-machine.md;13-verification/tooling/slice-sources.md"
"EVT-CLR-EXPIRED","4","yes","03-domain/contexts/BC01/events-slc01.md;03-domain/contexts/BC01/aggregates/AGG-CLEARANCE.md;05-contracts/asyncapi-slc01.md;13-verification/tooling/slice-sources.md"
"EVT-CLR-GRANTED","7","yes","03-domain/contexts/BC01/commands-slc01.md;03-domain/contexts/BC01/events-slc01.md;03-domain/contexts/BC01/aggregates/AGG-CLEARANCE.md;05-contracts/asyncapi-slc01.md;05-contracts/openapi-foundation-slc01.md;13-verification/acceptance/SLC-01/clearance-state-machine.md;13-verification/tooling/slice-sources.md"
"EVT-CLR-MODIFIED","7","yes","03-domain/contexts/BC01/commands-slc01.md;03-domain/contexts/BC01/events-slc01.md;03-domain/contexts/BC01/aggregates/AGG-CLEARANCE.md;05-contracts/asyncapi-slc01.md;05-contracts/openapi-foundation-slc01.md;13-verification/acceptance/SLC-01/clearance-state-machine.md;13-verification/tooling/slice-sources.md"
"EVT-CLR-REINSTATED","7","yes","03-domain/contexts/BC01/commands-slc01.md;03-domain/contexts/BC01/events-slc01.md;03-domain/contexts/BC01/aggregates/AGG-CLEARANCE.md;05-contracts/asyncapi-slc01.md;05-contracts/openapi-foundation-slc01.md;13-verification/acceptance/SLC-01/clearance-state-machine.md;13-verification/tooling/slice-sources.md"
"EVT-CLR-REQUESTED","7","yes","03-domain/contexts/BC01/commands-slc01.md;03-domain/contexts/BC01/events-slc01.md;03-domain/contexts/BC01/aggregates/AGG-CLEARANCE.md;05-contracts/asyncapi-slc01.md;05-contracts/openapi-foundation-slc01.md;13-verification/acceptance/SLC-01/clearance-state-machine.md;13-verification/tooling/slice-sources.md"
"EVT-CLR-REVOKED","7","yes","03-domain/contexts/BC01/commands-slc01.md;03-domain/contexts/BC01/events-slc01.md;03-domain/contexts/BC01/aggregates/AGG-CLEARANCE.md;05-contracts/asyncapi-slc01.md;05-contracts/openapi-foundation-slc01.md;13-verification/acceptance/SLC-01/clearance-state-machine.md;13-verification/tooling/slice-sources.md"
"EVT-CLR-SUSPENDED","7","yes","03-domain/contexts/BC01/commands-slc01.md;03-domain/contexts/BC01/events-slc01.md;03-domain/contexts/BC01/aggregates/AGG-CLEARANCE.md;05-contracts/asyncapi-slc01.md;05-contracts/openapi-foundation-slc01.md;13-verification/acceptance/SLC-01/clearance-state-machine.md;13-verification/tooling/slice-sources.md"
"EVT-CLS-ACTIVATED","7","yes","03-domain/contexts/BC08/commands-slc01.md;03-domain/contexts/BC08/events-slc01.md;03-domain/contexts/BC08/aggregates/AGG-CLASSIFICATION-SCHEME.md;05-contracts/asyncapi-slc01.md;05-contracts/openapi-governance-slc01.md;13-verification/acceptance/SLC-01/classification-scheme-state-machine.md;13-verification/tooling/slice-sources.md"
"EVT-CLS-DISCARDED","7","yes","03-domain/contexts/BC08/commands-slc01.md;03-domain/contexts/BC08/events-slc01.md;03-domain/contexts/BC08/aggregates/AGG-CLASSIFICATION-SCHEME.md;05-contracts/asyncapi-slc01.md;05-contracts/openapi-governance-slc01.md;13-verification/acceptance/SLC-01/classification-scheme-state-machine.md;13-verification/tooling/slice-sources.md"
"EVT-CLS-DRAFTED","7","yes","03-domain/contexts/BC08/commands-slc01.md;03-domain/contexts/BC08/events-slc01.md;03-domain/contexts/BC08/aggregates/AGG-CLASSIFICATION-SCHEME.md;05-contracts/asyncapi-slc01.md;05-contracts/openapi-governance-slc01.md;13-verification/acceptance/SLC-01/classification-scheme-state-machine.md;13-verification/tooling/slice-sources.md"
"EVT-CLS-EDITED","7","yes","03-domain/contexts/BC08/commands-slc01.md;03-domain/contexts/BC08/events-slc01.md;03-domain/contexts/BC08/aggregates/AGG-CLASSIFICATION-SCHEME.md;05-contracts/asyncapi-slc01.md;05-contracts/openapi-governance-slc01.md;13-verification/acceptance/SLC-01/classification-scheme-state-machine.md;13-verification/tooling/slice-sources.md"
"EVT-CLS-SUPERSEDED","4","yes","03-domain/contexts/BC08/events-slc01.md;03-domain/contexts/BC08/aggregates/AGG-CLASSIFICATION-SCHEME.md;05-contracts/asyncapi-slc01.md;13-verification/tooling/slice-sources.md"
"EVT-CNF-ACCEPTED","7","yes","03-domain/contexts/BC02/commands-slc04.md;03-domain/contexts/BC02/events-slc04.md;03-domain/contexts/BC02/aggregates/AGG-CONFLICT.md;05-contracts/asyncapi-slc04.md;05-contracts/openapi-information-slc04.md;13-verification/acceptance/SLC-04/conflict-state-machine.md;13-verification/tooling/slice-sources.md"
"EVT-CNF-ASSIGNED","7","yes","03-domain/contexts/BC02/commands-slc04.md;03-domain/contexts/BC02/events-slc04.md;03-domain/contexts/BC02/aggregates/AGG-CONFLICT.md;05-contracts/asyncapi-slc04.md;05-contracts/openapi-information-slc04.md;13-verification/acceptance/SLC-04/conflict-state-machine.md;13-verification/tooling/slice-sources.md"
"EVT-CNF-CLAIM-ADDED","5","yes","03-domain/contexts/BC02/conflict-detection-engine.md;03-domain/contexts/BC02/events-slc04.md;03-domain/contexts/BC02/aggregates/AGG-CONFLICT.md;05-contracts/asyncapi-slc04.md;13-verification/tooling/slice-sources.md"
"EVT-CNF-DETECTED","5","yes","03-domain/contexts/BC02/conflict-detection-engine.md;03-domain/contexts/BC02/events-slc04.md;03-domain/contexts/BC02/aggregates/AGG-CONFLICT.md;05-contracts/asyncapi-slc04.md;13-verification/tooling/slice-sources.md"
"EVT-CNF-RAISED","7","yes","03-domain/contexts/BC02/commands-slc04.md;03-domain/contexts/BC02/events-slc04.md;03-domain/contexts/BC02/aggregates/AGG-CONFLICT.md;05-contracts/asyncapi-slc04.md;05-contracts/openapi-information-slc04.md;13-verification/acceptance/SLC-04/conflict-state-machine.md;13-verification/tooling/slice-sources.md"
"EVT-CNF-REOPENED","7","yes","03-domain/contexts/BC02/commands-slc04.md;03-domain/contexts/BC02/events-slc04.md;03-domain/contexts/BC02/aggregates/AGG-CONFLICT.md;05-contracts/asyncapi-slc04.md;05-contracts/openapi-information-slc04.md;13-verification/acceptance/SLC-04/conflict-state-machine.md;13-verification/tooling/slice-sources.md"
"EVT-CNF-RESOLVED","7","yes","03-domain/contexts/BC02/commands-slc04.md;03-domain/contexts/BC02/events-slc04.md;03-domain/contexts/BC02/aggregates/AGG-CONFLICT.md;05-contracts/asyncapi-slc04.md;05-contracts/openapi-information-slc04.md;13-verification/acceptance/SLC-04/conflict-state-machine.md;13-verification/tooling/slice-sources.md"
"EVT-CNF-REVIEW-STARTED","7","yes","03-domain/contexts/BC02/commands-slc04.md;03-domain/contexts/BC02/events-slc04.md;03-domain/contexts/BC02/aggregates/AGG-CONFLICT.md;05-contracts/asyncapi-slc04.md;05-contracts/openapi-information-slc04.md;13-verification/acceptance/SLC-04/conflict-state-machine.md;13-verification/tooling/slice-sources.md"
"EVT-CNF-SUPERSEDED","5","yes","03-domain/contexts/BC02/conflict-detection-engine.md;03-domain/contexts/BC02/events-slc04.md;03-domain/contexts/BC02/aggregates/AGG-CONFLICT.md;05-contracts/asyncapi-slc04.md;13-verification/tooling/slice-sources.md"
"EVT-CON-ACTIVATED","7","yes","03-domain/contexts/BC07/commands-slc16.md;03-domain/contexts/BC07/events-slc16.md;03-domain/contexts/BC07/aggregates/AGG-INTEGRATION-CONNECTION.md;05-contracts/asyncapi-slc16.md;05-contracts/openapi-integration-slc16.md;13-verification/acceptance/SLC-16/integration-connection-state-machine.md;13-verification/tooling/slice-sources.md"
"EVT-CON-DEGRADED","4","yes","03-domain/contexts/BC07/events-slc16.md;03-domain/contexts/BC07/aggregates/AGG-INTEGRATION-CONNECTION.md;05-contracts/asyncapi-slc16.md;13-verification/tooling/slice-sources.md"
"EVT-CON-RECOVERED","4","yes","03-domain/contexts/BC07/events-slc16.md;03-domain/contexts/BC07/aggregates/AGG-INTEGRATION-CONNECTION.md;05-contracts/asyncapi-slc16.md;13-verification/tooling/slice-sources.md"
"EVT-CON-REGISTERED","7","yes","03-domain/contexts/BC07/commands-slc16.md;03-domain/contexts/BC07/events-slc16.md;03-domain/contexts/BC07/aggregates/AGG-INTEGRATION-CONNECTION.md;05-contracts/asyncapi-slc16.md;05-contracts/openapi-integration-slc16.md;13-verification/acceptance/SLC-16/integration-connection-state-machine.md;13-verification/tooling/slice-sources.md"
"EVT-CON-RESUMED","7","yes","03-domain/contexts/BC07/commands-slc16.md;03-domain/contexts/BC07/events-slc16.md;03-domain/contexts/BC07/aggregates/AGG-INTEGRATION-CONNECTION.md;05-contracts/asyncapi-slc16.md;05-contracts/openapi-integration-slc16.md;13-verification/acceptance/SLC-16/integration-connection-state-machine.md;13-verification/tooling/slice-sources.md"
"EVT-CON-RETIRED","7","yes","03-domain/contexts/BC07/commands-slc16.md;03-domain/contexts/BC07/events-slc16.md;03-domain/contexts/BC07/aggregates/AGG-INTEGRATION-CONNECTION.md;05-contracts/asyncapi-slc16.md;05-contracts/openapi-integration-slc16.md;13-verification/acceptance/SLC-16/integration-connection-state-machine.md;13-verification/tooling/slice-sources.md"
"EVT-CON-SUSPENDED","7","yes","03-domain/contexts/BC07/commands-slc16.md;03-domain/contexts/BC07/events-slc16.md;03-domain/contexts/BC07/aggregates/AGG-INTEGRATION-CONNECTION.md;05-contracts/asyncapi-slc16.md;05-contracts/openapi-integration-slc16.md;13-verification/acceptance/SLC-16/integration-connection-state-machine.md;13-verification/tooling/slice-sources.md"
"EVT-CON-TEST-FAILED","7","yes","03-domain/contexts/BC07/commands-slc16.md;03-domain/contexts/BC07/events-slc16.md;03-domain/contexts/BC07/aggregates/AGG-INTEGRATION-CONNECTION.md;05-contracts/asyncapi-slc16.md;05-contracts/openapi-integration-slc16.md;13-verification/acceptance/SLC-16/integration-connection-state-machine.md;13-verification/tooling/slice-sources.md"
"EVT-CON-TEST-STARTED","7","yes","03-domain/contexts/BC07/commands-slc16.md;03-domain/contexts/BC07/events-slc16.md;03-domain/contexts/BC07/aggregates/AGG-INTEGRATION-CONNECTION.md;05-contracts/asyncapi-slc16.md;05-contracts/openapi-integration-slc16.md;13-verification/acceptance/SLC-16/integration-connection-state-machine.md;13-verification/tooling/slice-sources.md"
"EVT-CPL-ACTIVATED","7","yes","03-domain/contexts/BC02/commands-slc14.md;03-domain/contexts/BC02/events-slc14.md;03-domain/contexts/BC02/aggregates/AGG-COLLECTION-PLAN.md;05-contracts/asyncapi-slc14.md;05-contracts/openapi-information-slc14.md;13-verification/acceptance/SLC-14/collection-plan-state-machine.md;13-verification/tooling/slice-sources.md"
"EVT-CPL-ACTIVITY-ADDED","7","yes","03-domain/contexts/BC02/commands-slc14.md;03-domain/contexts/BC02/events-slc14.md;03-domain/contexts/BC02/aggregates/AGG-COLLECTION-PLAN.md;05-contracts/asyncapi-slc14.md;05-contracts/openapi-information-slc14.md;13-verification/acceptance/SLC-14/collection-plan-state-machine.md;13-verification/tooling/slice-sources.md"
"EVT-CPL-ACTIVITY-REMOVED","7","yes","03-domain/contexts/BC02/commands-slc14.md;03-domain/contexts/BC02/events-slc14.md;03-domain/contexts/BC02/aggregates/AGG-COLLECTION-PLAN.md;05-contracts/asyncapi-slc14.md;05-contracts/openapi-information-slc14.md;13-verification/acceptance/SLC-14/collection-plan-state-machine.md;13-verification/tooling/slice-sources.md"
"EVT-CPL-CANCELLED","7","yes","03-domain/contexts/BC02/commands-slc14.md;03-domain/contexts/BC02/events-slc14.md;03-domain/contexts/BC02/aggregates/AGG-COLLECTION-PLAN.md;05-contracts/asyncapi-slc14.md;05-contracts/openapi-information-slc14.md;13-verification/acceptance/SLC-14/collection-plan-state-machine.md;13-verification/tooling/slice-sources.md"
"EVT-CPL-COMPLETED","7","yes","03-domain/contexts/BC02/commands-slc14.md;03-domain/contexts/BC02/events-slc14.md;03-domain/contexts/BC02/aggregates/AGG-COLLECTION-PLAN.md;05-contracts/asyncapi-slc14.md;05-contracts/openapi-information-slc14.md;13-verification/acceptance/SLC-14/collection-plan-state-machine.md;13-verification/tooling/slice-sources.md"
"EVT-CPL-CREATED","7","yes","03-domain/contexts/BC02/commands-slc14.md;03-domain/contexts/BC02/events-slc14.md;03-domain/contexts/BC02/aggregates/AGG-COLLECTION-PLAN.md;05-contracts/asyncapi-slc14.md;05-contracts/openapi-information-slc14.md;13-verification/acceptance/SLC-14/collection-plan-state-machine.md;13-verification/tooling/slice-sources.md"
"EVT-CRD-ACTIVATED","7","yes","03-domain/contexts/BC04/commands-slc15.md;03-domain/contexts/BC04/events-slc15.md;03-domain/contexts/BC04/aggregates/AGG-COORDINATION-CASE.md;05-contracts/asyncapi-slc15.md;05-contracts/openapi-operations-slc15.md;13-verification/acceptance/SLC-15/coordination-case-state-machine.md;13-verification/tooling/slice-sources.md"
"EVT-CRD-CANCELLED","7","yes","03-domain/contexts/BC04/commands-slc15.md;03-domain/contexts/BC04/events-slc15.md;03-domain/contexts/BC04/aggregates/AGG-COORDINATION-CASE.md;05-contracts/asyncapi-slc15.md;05-contracts/openapi-operations-slc15.md;13-verification/acceptance/SLC-15/coordination-case-state-machine.md;13-verification/tooling/slice-sources.md"
"EVT-CRD-CLOSED","7","yes","03-domain/contexts/BC04/commands-slc15.md;03-domain/contexts/BC04/events-slc15.md;03-domain/contexts/BC04/aggregates/AGG-COORDINATION-CASE.md;05-contracts/asyncapi-slc15.md;05-contracts/openapi-operations-slc15.md;13-verification/acceptance/SLC-15/coordination-case-state-machine.md;13-verification/tooling/slice-sources.md"
"EVT-CRD-DECISION-RECORDED","4","yes","03-domain/contexts/BC04/events-slc15.md;03-domain/contexts/BC04/aggregates/AGG-COORDINATION-CASE.md;05-contracts/asyncapi-slc15.md;13-verification/tooling/slice-sources.md"
"EVT-CRD-DECISION-REQUESTED","7","yes","03-domain/contexts/BC04/commands-slc15.md;03-domain/contexts/BC04/events-slc15.md;03-domain/contexts/BC04/aggregates/AGG-COORDINATION-CASE.md;05-contracts/asyncapi-slc15.md;05-contracts/openapi-operations-slc15.md;13-verification/acceptance/SLC-15/coordination-case-state-machine.md;13-verification/tooling/slice-sources.md"
"EVT-CRD-OPENED","7","yes","03-domain/contexts/BC04/commands-slc15.md;03-domain/contexts/BC04/events-slc15.md;03-domain/contexts/BC04/aggregates/AGG-COORDINATION-CASE.md;05-contracts/asyncapi-slc15.md;05-contracts/openapi-operations-slc15.md;13-verification/acceptance/SLC-15/coordination-case-state-machine.md;13-verification/tooling/slice-sources.md"
"EVT-CRD-PARTICIPANT-ADDED","7","yes","03-domain/contexts/BC04/commands-slc15.md;03-domain/contexts/BC04/events-slc15.md;03-domain/contexts/BC04/aggregates/AGG-COORDINATION-CASE.md;05-contracts/asyncapi-slc15.md;05-contracts/openapi-operations-slc15.md;13-verification/acceptance/SLC-15/coordination-case-state-machine.md;13-verification/tooling/slice-sources.md"
"EVT-CRD-PARTICIPANT-REMOVED","7","yes","03-domain/contexts/BC04/commands-slc15.md;03-domain/contexts/BC04/events-slc15.md;03-domain/contexts/BC04/aggregates/AGG-COORDINATION-CASE.md;05-contracts/asyncapi-slc15.md;05-contracts/openapi-operations-slc15.md;13-verification/acceptance/SLC-15/coordination-case-state-machine.md;13-verification/tooling/slice-sources.md"
"EVT-CRD-RESPONSIBILITY-ASSIGNED","7","yes","03-domain/contexts/BC04/commands-slc15.md;03-domain/contexts/BC04/events-slc15.md;03-domain/contexts/BC04/aggregates/AGG-COORDINATION-CASE.md;05-contracts/asyncapi-slc15.md;05-contracts/openapi-operations-slc15.md;13-verification/acceptance/SLC-15/coordination-case-state-machine.md;13-verification/tooling/slice-sources.md"
"EVT-CRD-RESPONSIBILITY-UPDATED","7","yes","03-domain/contexts/BC04/commands-slc15.md;03-domain/contexts/BC04/events-slc15.md;03-domain/contexts/BC04/aggregates/AGG-COORDINATION-CASE.md;05-contracts/asyncapi-slc15.md;05-contracts/openapi-operations-slc15.md;13-verification/acceptance/SLC-15/coordination-case-state-machine.md;13-verification/tooling/slice-sources.md"
"EVT-CRP-ACCEPTED","7","yes","03-domain/contexts/BC02/commands-slc15.md;03-domain/contexts/BC02/events-slc15.md;03-domain/contexts/BC02/aggregates/AGG-CORRELATION-PROPOSAL.md;05-contracts/asyncapi-slc15.md;05-contracts/openapi-information-slc15.md;13-verification/acceptance/SLC-15/correlation-proposal-state-machine.md;13-verification/tooling/slice-sources.md"
"EVT-CRP-EXPIRED","4","yes","03-domain/contexts/BC02/events-slc15.md;03-domain/contexts/BC02/aggregates/AGG-CORRELATION-PROPOSAL.md;05-contracts/asyncapi-slc15.md;13-verification/tooling/slice-sources.md"
"EVT-CRP-PROPOSED","7","yes","03-domain/contexts/BC02/commands-slc15.md;03-domain/contexts/BC02/events-slc15.md;03-domain/contexts/BC02/aggregates/AGG-CORRELATION-PROPOSAL.md;05-contracts/asyncapi-slc15.md;05-contracts/openapi-information-slc15.md;13-verification/acceptance/SLC-15/correlation-proposal-state-machine.md;13-verification/tooling/slice-sources.md"
"EVT-CRP-REJECTED","7","yes","03-domain/contexts/BC02/commands-slc15.md;03-domain/contexts/BC02/events-slc15.md;03-domain/contexts/BC02/aggregates/AGG-CORRELATION-PROPOSAL.md;05-contracts/asyncapi-slc15.md;05-contracts/openapi-information-slc15.md;13-verification/acceptance/SLC-15/correlation-proposal-state-machine.md;13-verification/tooling/slice-sources.md"
"EVT-CRP-REVIEW-STARTED","7","yes","03-domain/contexts/BC02/commands-slc15.md;03-domain/contexts/BC02/events-slc15.md;03-domain/contexts/BC02/aggregates/AGG-CORRELATION-PROPOSAL.md;05-contracts/asyncapi-slc15.md;05-contracts/openapi-information-slc15.md;13-verification/acceptance/SLC-15/correlation-proposal-state-machine.md;13-verification/tooling/slice-sources.md"
"EVT-CRQ-AMENDED","7","yes","03-domain/contexts/BC02/commands-slc14.md;03-domain/contexts/BC02/events-slc14.md;03-domain/contexts/BC02/aggregates/AGG-COLLECTION-REQUIREMENT.md;05-contracts/asyncapi-slc14.md;05-contracts/openapi-information-slc14.md;13-verification/acceptance/SLC-14/collection-requirement-state-machine.md;13-verification/tooling/slice-sources.md"
"EVT-CRQ-APPROVED","7","yes","03-domain/contexts/BC02/commands-slc14.md;03-domain/contexts/BC02/events-slc14.md;03-domain/contexts/BC02/aggregates/AGG-COLLECTION-REQUIREMENT.md;05-contracts/asyncapi-slc14.md;05-contracts/openapi-information-slc14.md;13-verification/acceptance/SLC-14/collection-requirement-state-machine.md;13-verification/tooling/slice-sources.md"
"EVT-CRQ-CANCELLED","7","yes","03-domain/contexts/BC02/commands-slc14.md;03-domain/contexts/BC02/events-slc14.md;03-domain/contexts/BC02/aggregates/AGG-COLLECTION-REQUIREMENT.md;05-contracts/asyncapi-slc14.md;05-contracts/openapi-information-slc14.md;13-verification/acceptance/SLC-14/collection-requirement-state-machine.md;13-verification/tooling/slice-sources.md"
"EVT-CRQ-DRAFTED","7","yes","03-domain/contexts/BC02/commands-slc14.md;03-domain/contexts/BC02/events-slc14.md;03-domain/contexts/BC02/aggregates/AGG-COLLECTION-REQUIREMENT.md;05-contracts/asyncapi-slc14.md;05-contracts/openapi-information-slc14.md;13-verification/acceptance/SLC-14/collection-requirement-state-machine.md;13-verification/tooling/slice-sources.md"
"EVT-CRQ-EDITED","7","yes","03-domain/contexts/BC02/commands-slc14.md;03-domain/contexts/BC02/events-slc14.md;03-domain/contexts/BC02/aggregates/AGG-COLLECTION-REQUIREMENT.md;05-contracts/asyncapi-slc14.md;05-contracts/openapi-information-slc14.md;13-verification/acceptance/SLC-14/collection-requirement-state-machine.md;13-verification/tooling/slice-sources.md"
"EVT-CRQ-EXPIRED","4","yes","03-domain/contexts/BC02/events-slc14.md;03-domain/contexts/BC02/aggregates/AGG-COLLECTION-REQUIREMENT.md;05-contracts/asyncapi-slc14.md;13-verification/tooling/slice-sources.md"
"EVT-CRQ-FULFILMENT-UPDATED","5","yes","03-domain/contexts/BC02/collection-spec.md;03-domain/contexts/BC02/events-slc14.md;03-domain/contexts/BC02/aggregates/AGG-COLLECTION-REQUIREMENT.md;05-contracts/asyncapi-slc14.md;13-verification/tooling/slice-sources.md"
"EVT-CRQ-REJECTED","7","yes","03-domain/contexts/BC02/commands-slc14.md;03-domain/contexts/BC02/events-slc14.md;03-domain/contexts/BC02/aggregates/AGG-COLLECTION-REQUIREMENT.md;05-contracts/asyncapi-slc14.md;05-contracts/openapi-information-slc14.md;13-verification/acceptance/SLC-14/collection-requirement-state-machine.md;13-verification/tooling/slice-sources.md"
"EVT-CRQ-SATISFIED","7","yes","03-domain/contexts/BC02/commands-slc14.md;03-domain/contexts/BC02/events-slc14.md;03-domain/contexts/BC02/aggregates/AGG-COLLECTION-REQUIREMENT.md;05-contracts/asyncapi-slc14.md;05-contracts/openapi-information-slc14.md;13-verification/acceptance/SLC-14/collection-requirement-state-machine.md;13-verification/tooling/slice-sources.md"
"EVT-CRQ-SUBMITTED","7","yes","03-domain/contexts/BC02/commands-slc14.md;03-domain/contexts/BC02/events-slc14.md;03-domain/contexts/BC02/aggregates/AGG-COLLECTION-REQUIREMENT.md;05-contracts/asyncapi-slc14.md;05-contracts/openapi-information-slc14.md;13-verification/acceptance/SLC-14/collection-requirement-state-machine.md;13-verification/tooling/slice-sources.md"
"EVT-CRR-ACTIVATED","7","yes","03-domain/contexts/BC02/commands-slc15.md;03-domain/contexts/BC02/events-slc15.md;03-domain/contexts/BC02/aggregates/AGG-CORRELATION-RULE.md;05-contracts/asyncapi-slc15.md;05-contracts/openapi-information-slc15.md;13-verification/acceptance/SLC-15/correlation-rule-state-machine.md;13-verification/tooling/slice-sources.md"
"EVT-CRR-DEFINED","7","yes","03-domain/contexts/BC02/commands-slc15.md;03-domain/contexts/BC02/events-slc15.md;03-domain/contexts/BC02/aggregates/AGG-CORRELATION-RULE.md;05-contracts/asyncapi-slc15.md;05-contracts/openapi-information-slc15.md;13-verification/acceptance/SLC-15/correlation-rule-state-machine.md;13-verification/tooling/slice-sources.md"
"EVT-CRR-EDITED","7","yes","03-domain/contexts/BC02/commands-slc15.md;03-domain/contexts/BC02/events-slc15.md;03-domain/contexts/BC02/aggregates/AGG-CORRELATION-RULE.md;05-contracts/asyncapi-slc15.md;05-contracts/openapi-information-slc15.md;13-verification/acceptance/SLC-15/correlation-rule-state-machine.md;13-verification/tooling/slice-sources.md"
"EVT-CRR-RETIRED","7","yes","03-domain/contexts/BC02/commands-slc15.md;03-domain/contexts/BC02/events-slc15.md;03-domain/contexts/BC02/aggregates/AGG-CORRELATION-RULE.md;05-contracts/asyncapi-slc15.md;05-contracts/openapi-information-slc15.md;13-verification/acceptance/SLC-15/correlation-rule-state-machine.md;13-verification/tooling/slice-sources.md"
"EVT-DEC-ANNULLED","7","yes","03-domain/contexts/BC04/commands-slc08.md;03-domain/contexts/BC04/events-slc08.md;03-domain/contexts/BC04/aggregates/AGG-DECISION.md;05-contracts/asyncapi-slc08.md;05-contracts/openapi-operations-slc08.md;13-verification/acceptance/SLC-08/decision-state-machine.md;13-verification/tooling/slice-sources.md"
"EVT-DEC-RECORDED","8","yes","03-domain/contexts/BC04/commands-slc08.md;03-domain/contexts/BC04/events-slc08.md;03-domain/contexts/BC04/aggregates/AGG-DECISION-REQUEST.md;03-domain/contexts/BC04/aggregates/AGG-DECISION.md;05-contracts/asyncapi-slc08.md;05-contracts/openapi-operations-slc08.md;13-verification/acceptance/SLC-08/decision-state-machine.md;13-verification/tooling/slice-sources.md"
"EVT-DEC-SUPERSEDED","4","yes","03-domain/contexts/BC04/events-slc08.md;03-domain/contexts/BC04/aggregates/AGG-DECISION.md;05-contracts/asyncapi-slc08.md;13-verification/tooling/slice-sources.md"
"EVT-DEV-ACTIVATED","7","yes","03-domain/contexts/BC01/commands-slc11.md;03-domain/contexts/BC01/events-slc11.md;03-domain/contexts/BC01/aggregates/AGG-DEVICE.md;05-contracts/asyncapi-slc11.md;05-contracts/openapi-foundation-slc11.md;13-verification/acceptance/SLC-11/device-state-machine.md;13-verification/tooling/slice-sources.md"
"EVT-DEV-ENROLL-REQUESTED","7","yes","03-domain/contexts/BC01/commands-slc11.md;03-domain/contexts/BC01/events-slc11.md;03-domain/contexts/BC01/aggregates/AGG-DEVICE.md;05-contracts/asyncapi-slc11.md;05-contracts/openapi-foundation-slc11.md;13-verification/acceptance/SLC-11/device-state-machine.md;13-verification/tooling/slice-sources.md"
"EVT-DEV-KEY-ROTATED","7","yes","03-domain/contexts/BC01/commands-slc11.md;03-domain/contexts/BC01/events-slc11.md;03-domain/contexts/BC01/aggregates/AGG-DEVICE.md;05-contracts/asyncapi-slc11.md;05-contracts/openapi-foundation-slc11.md;13-verification/acceptance/SLC-11/device-state-machine.md;13-verification/tooling/slice-sources.md"
"EVT-DEV-REINSTATED","7","yes","03-domain/contexts/BC01/commands-slc11.md;03-domain/contexts/BC01/events-slc11.md;03-domain/contexts/BC01/aggregates/AGG-DEVICE.md;05-contracts/asyncapi-slc11.md;05-contracts/openapi-foundation-slc11.md;13-verification/acceptance/SLC-11/device-state-machine.md;13-verification/tooling/slice-sources.md"
"EVT-DEV-REPORTED-LOST","7","yes","03-domain/contexts/BC01/commands-slc11.md;03-domain/contexts/BC01/events-slc11.md;03-domain/contexts/BC01/aggregates/AGG-DEVICE.md;05-contracts/asyncapi-slc11.md;05-contracts/openapi-foundation-slc11.md;13-verification/acceptance/SLC-11/device-state-machine.md;13-verification/tooling/slice-sources.md"
"EVT-DEV-RETIRED","7","yes","03-domain/contexts/BC01/commands-slc11.md;03-domain/contexts/BC01/events-slc11.md;03-domain/contexts/BC01/aggregates/AGG-DEVICE.md;05-contracts/asyncapi-slc11.md;05-contracts/openapi-foundation-slc11.md;13-verification/acceptance/SLC-11/device-state-machine.md;13-verification/tooling/slice-sources.md"
"EVT-DEV-SUSPENDED","7","yes","03-domain/contexts/BC01/commands-slc11.md;03-domain/contexts/BC01/events-slc11.md;03-domain/contexts/BC01/aggregates/AGG-DEVICE.md;05-contracts/asyncapi-slc11.md;05-contracts/openapi-foundation-slc11.md;13-verification/acceptance/SLC-11/device-state-machine.md;13-verification/tooling/slice-sources.md"
"EVT-DEV-WIPED","4","yes","03-domain/contexts/BC01/events-slc11.md;03-domain/contexts/BC01/aggregates/AGG-DEVICE.md;05-contracts/asyncapi-slc11.md;13-verification/tooling/slice-sources.md"
"EVT-DRQ-CITED","7","yes","03-domain/contexts/BC04/commands-slc08.md;03-domain/contexts/BC04/events-slc08.md;03-domain/contexts/BC04/aggregates/AGG-DECISION-REQUEST.md;05-contracts/asyncapi-slc08.md;05-contracts/openapi-operations-slc08.md;13-verification/acceptance/SLC-08/decision-request-state-machine.md;13-verification/tooling/slice-sources.md"
"EVT-DRQ-CREATED","7","yes","03-domain/contexts/BC04/commands-slc08.md;03-domain/contexts/BC04/events-slc08.md;03-domain/contexts/BC04/aggregates/AGG-DECISION-REQUEST.md;05-contracts/asyncapi-slc08.md;05-contracts/openapi-operations-slc08.md;13-verification/acceptance/SLC-08/decision-request-state-machine.md;13-verification/tooling/slice-sources.md"
"EVT-DRQ-DECIDED","4","yes","03-domain/contexts/BC04/events-slc08.md;03-domain/contexts/BC04/aggregates/AGG-DECISION-REQUEST.md;05-contracts/asyncapi-slc08.md;13-verification/tooling/slice-sources.md"
"EVT-DRQ-ESCALATED","4","yes","03-domain/contexts/BC04/events-slc08.md;03-domain/contexts/BC04/aggregates/AGG-DECISION-REQUEST.md;05-contracts/asyncapi-slc08.md;13-verification/tooling/slice-sources.md"
"EVT-DRQ-OPENED","7","yes","03-domain/contexts/BC04/commands-slc08.md;03-domain/contexts/BC04/events-slc08.md;03-domain/contexts/BC04/aggregates/AGG-DECISION-REQUEST.md;05-contracts/asyncapi-slc08.md;05-contracts/openapi-operations-slc08.md;13-verification/acceptance/SLC-08/decision-request-state-machine.md;13-verification/tooling/slice-sources.md"
"EVT-DRQ-OPTION-ADDED","7","yes","03-domain/contexts/BC04/commands-slc08.md;03-domain/contexts/BC04/events-slc08.md;03-domain/contexts/BC04/aggregates/AGG-DECISION-REQUEST.md;05-contracts/asyncapi-slc08.md;05-contracts/openapi-operations-slc08.md;13-verification/acceptance/SLC-08/decision-request-state-machine.md;13-verification/tooling/slice-sources.md"
"EVT-DRQ-WITHDRAWN","7","yes","03-domain/contexts/BC04/commands-slc08.md;03-domain/contexts/BC04/events-slc08.md;03-domain/contexts/BC04/aggregates/AGG-DECISION-REQUEST.md;05-contracts/asyncapi-slc08.md;05-contracts/openapi-operations-slc08.md;13-verification/acceptance/SLC-08/decision-request-state-machine.md;13-verification/tooling/slice-sources.md"
"EVT-DSP-APPROVED","7","yes","03-domain/contexts/BC08/commands-slc12a.md;03-domain/contexts/BC08/events-slc12a.md;03-domain/contexts/BC08/aggregates/AGG-DISPOSITION-RUN.md;05-contracts/asyncapi-slc12a.md;05-contracts/openapi-governance-slc12a.md;13-verification/acceptance/SLC-12a/disposition-run-state-machine.md;13-verification/tooling/slice-sources.md"
"EVT-DSP-CANCELLED","7","yes","03-domain/contexts/BC08/commands-slc12a.md;03-domain/contexts/BC08/events-slc12a.md;03-domain/contexts/BC08/aggregates/AGG-DISPOSITION-RUN.md;05-contracts/asyncapi-slc12a.md;05-contracts/openapi-governance-slc12a.md;13-verification/acceptance/SLC-12a/disposition-run-state-machine.md;13-verification/tooling/slice-sources.md"
"EVT-DSP-COMPLETED","4","yes","03-domain/contexts/BC08/events-slc12a.md;03-domain/contexts/BC08/aggregates/AGG-DISPOSITION-RUN.md;05-contracts/asyncapi-slc12a.md;13-verification/tooling/slice-sources.md"
"EVT-DSP-COMPLETED-WITH-EXCEPTIONS","4","yes","03-domain/contexts/BC08/events-slc12a.md;03-domain/contexts/BC08/aggregates/AGG-DISPOSITION-RUN.md;05-contracts/asyncapi-slc12a.md;13-verification/tooling/slice-sources.md"
"EVT-DSP-EXECUTING","4","yes","03-domain/contexts/BC08/events-slc12a.md;03-domain/contexts/BC08/aggregates/AGG-DISPOSITION-RUN.md;05-contracts/asyncapi-slc12a.md;13-verification/tooling/slice-sources.md"
"EVT-DSP-PLANNED","4","yes","03-domain/contexts/BC08/events-slc12a.md;03-domain/contexts/BC08/aggregates/AGG-DISPOSITION-RUN.md;05-contracts/asyncapi-slc12a.md;13-verification/tooling/slice-sources.md"
"EVT-DSP-SUBMITTED","7","yes","03-domain/contexts/BC08/commands-slc12a.md;03-domain/contexts/BC08/events-slc12a.md;03-domain/contexts/BC08/aggregates/AGG-DISPOSITION-RUN.md;05-contracts/asyncapi-slc12a.md;05-contracts/openapi-governance-slc12a.md;13-verification/acceptance/SLC-12a/disposition-run-state-machine.md;13-verification/tooling/slice-sources.md"
"EVT-DST-CANCELLED","7","yes","03-domain/contexts/BC06/commands-slc12.md;03-domain/contexts/BC06/events-slc12.md;03-domain/contexts/BC06/aggregates/AGG-DISTRIBUTION.md;05-contracts/asyncapi-slc12.md;05-contracts/openapi-knowledge-slc12.md;13-verification/acceptance/SLC-12/distribution-state-machine.md;13-verification/tooling/slice-sources.md"
"EVT-DST-COMPLETED","4","yes","03-domain/contexts/BC06/events-slc12.md;03-domain/contexts/BC06/aggregates/AGG-DISTRIBUTION.md;05-contracts/asyncapi-slc12.md;13-verification/tooling/slice-sources.md"
"EVT-DST-COMPLETED-WITH-EXCLUSIONS","4","yes","03-domain/contexts/BC06/events-slc12.md;03-domain/contexts/BC06/aggregates/AGG-DISTRIBUTION.md;05-contracts/asyncapi-slc12.md;13-verification/tooling/slice-sources.md"
"EVT-DST-STARTED","7","yes","03-domain/contexts/BC06/commands-slc12.md;03-domain/contexts/BC06/events-slc12.md;03-domain/contexts/BC06/aggregates/AGG-DISTRIBUTION.md;05-contracts/asyncapi-slc12.md;05-contracts/openapi-knowledge-slc12.md;13-verification/acceptance/SLC-12/distribution-state-machine.md;13-verification/tooling/slice-sources.md"
"EVT-ENT-RECLASSIFIED","7","yes","03-domain/contexts/BC02/commands-slc02.md;03-domain/contexts/BC02/events-slc02.md;03-domain/contexts/BC02/aggregates/AGG-ENTITY.md;05-contracts/asyncapi-slc02.md;05-contracts/openapi-information-slc02.md;13-verification/acceptance/SLC-02/entity-state-machine.md;13-verification/tooling/slice-sources.md"
"EVT-ENT-REGISTERED","8","yes","03-domain/contexts/BC02/candidate-generation.md;03-domain/contexts/BC02/commands-slc02.md;03-domain/contexts/BC02/events-slc02.md;03-domain/contexts/BC02/aggregates/AGG-ENTITY.md;05-contracts/asyncapi-slc02.md;05-contracts/openapi-information-slc02.md;13-verification/acceptance/SLC-02/entity-state-machine.md;13-verification/tooling/slice-sources.md"
"EVT-ENT-REINSTATED","7","yes","03-domain/contexts/BC02/commands-slc02.md;03-domain/contexts/BC02/events-slc02.md;03-domain/contexts/BC02/aggregates/AGG-ENTITY.md;05-contracts/asyncapi-slc02.md;05-contracts/openapi-information-slc02.md;13-verification/acceptance/SLC-02/entity-state-machine.md;13-verification/tooling/slice-sources.md"
"EVT-ENT-RETIRED","7","yes","03-domain/contexts/BC02/commands-slc02.md;03-domain/contexts/BC02/events-slc02.md;03-domain/contexts/BC02/aggregates/AGG-ENTITY.md;05-contracts/asyncapi-slc02.md;05-contracts/openapi-information-slc02.md;13-verification/acceptance/SLC-02/entity-state-machine.md;13-verification/tooling/slice-sources.md"
"EVT-ENT-TYPE-CHANGED","7","yes","03-domain/contexts/BC02/commands-slc02.md;03-domain/contexts/BC02/events-slc02.md;03-domain/contexts/BC02/aggregates/AGG-ENTITY.md;05-contracts/asyncapi-slc02.md;05-contracts/openapi-information-slc02.md;13-verification/acceptance/SLC-02/entity-state-machine.md;13-verification/tooling/slice-sources.md"
"EVT-ER-MATCH-CONFIRMED","7","yes","03-domain/contexts/BC02/commands-slc04.md;03-domain/contexts/BC02/events-slc04.md;03-domain/contexts/BC02/aggregates/AGG-ER-CASE.md;05-contracts/asyncapi-slc04.md;05-contracts/openapi-information-slc04.md;13-verification/acceptance/SLC-04/er-case-state-machine.md;13-verification/tooling/slice-sources.md"
"EVT-ER-MATCHED","8","yes","03-domain/contexts/BC02/commands-slc04.md;03-domain/contexts/BC02/conflict-detection-engine.md;03-domain/contexts/BC02/events-slc04.md;03-domain/contexts/BC02/aggregates/AGG-ER-CASE.md;05-contracts/asyncapi-slc04.md;05-contracts/openapi-information-slc04.md;13-verification/acceptance/SLC-04/er-case-state-machine.md;13-verification/tooling/slice-sources.md"
"EVT-ER-NOT-MATCHED","7","yes","03-domain/contexts/BC02/commands-slc04.md;03-domain/contexts/BC02/events-slc04.md;03-domain/contexts/BC02/aggregates/AGG-ER-CASE.md;05-contracts/asyncapi-slc04.md;05-contracts/openapi-information-slc04.md;13-verification/acceptance/SLC-04/er-case-state-machine.md;13-verification/tooling/slice-sources.md"
"EVT-ER-PARKED","7","yes","03-domain/contexts/BC02/commands-slc04.md;03-domain/contexts/BC02/events-slc04.md;03-domain/contexts/BC02/aggregates/AGG-ER-CASE.md;05-contracts/asyncapi-slc04.md;05-contracts/openapi-information-slc04.md;13-verification/acceptance/SLC-04/er-case-state-machine.md;13-verification/tooling/slice-sources.md"
"EVT-ER-PROPOSED","8","yes","03-domain/contexts/BC02/candidate-generation.md;03-domain/contexts/BC02/commands-slc04.md;03-domain/contexts/BC02/events-slc04.md;03-domain/contexts/BC02/aggregates/AGG-ER-CASE.md;05-contracts/asyncapi-slc04.md;05-contracts/openapi-information-slc04.md;13-verification/acceptance/SLC-04/er-case-state-machine.md;13-verification/tooling/slice-sources.md"
"EVT-ER-RESUMED","7","yes","03-domain/contexts/BC02/commands-slc04.md;03-domain/contexts/BC02/events-slc04.md;03-domain/contexts/BC02/aggregates/AGG-ER-CASE.md;05-contracts/asyncapi-slc04.md;05-contracts/openapi-information-slc04.md;13-verification/acceptance/SLC-04/er-case-state-machine.md;13-verification/tooling/slice-sources.md"
"EVT-ER-REVIEW-STARTED","7","yes","03-domain/contexts/BC02/commands-slc04.md;03-domain/contexts/BC02/events-slc04.md;03-domain/contexts/BC02/aggregates/AGG-ER-CASE.md;05-contracts/asyncapi-slc04.md;05-contracts/openapi-information-slc04.md;13-verification/acceptance/SLC-04/er-case-state-machine.md;13-verification/tooling/slice-sources.md"
"EVT-ERS-APPROVED","7","yes","03-domain/contexts/BC08/commands-slc12a.md;03-domain/contexts/BC08/events-slc12a.md;03-domain/contexts/BC08/aggregates/AGG-ERASURE-REQUEST.md;05-contracts/asyncapi-slc12a.md;05-contracts/openapi-governance-slc12a.md;13-verification/acceptance/SLC-12a/erasure-request-state-machine.md;13-verification/tooling/slice-sources.md"
"EVT-ERS-BLOCKED","4","yes","03-domain/contexts/BC08/events-slc12a.md;03-domain/contexts/BC08/aggregates/AGG-ERASURE-REQUEST.md;05-contracts/asyncapi-slc12a.md;13-verification/tooling/slice-sources.md"
"EVT-ERS-COMPLETED","4","yes","03-domain/contexts/BC08/events-slc12a.md;03-domain/contexts/BC08/aggregates/AGG-ERASURE-REQUEST.md;05-contracts/asyncapi-slc12a.md;13-verification/tooling/slice-sources.md"
"EVT-ERS-EXECUTING","4","yes","03-domain/contexts/BC08/events-slc12a.md;03-domain/contexts/BC08/aggregates/AGG-ERASURE-REQUEST.md;05-contracts/asyncapi-slc12a.md;13-verification/tooling/slice-sources.md"
"EVT-ER-SPLIT","8","yes","03-domain/contexts/BC02/commands-slc04.md;03-domain/contexts/BC02/conflict-detection-engine.md;03-domain/contexts/BC02/events-slc04.md;03-domain/contexts/BC02/aggregates/AGG-ER-CASE.md;05-contracts/asyncapi-slc04.md;05-contracts/openapi-information-slc04.md;13-verification/acceptance/SLC-04/er-case-state-machine.md;13-verification/tooling/slice-sources.md"
"EVT-ER-SPLIT-REQUESTED","7","yes","03-domain/contexts/BC02/commands-slc04.md;03-domain/contexts/BC02/events-slc04.md;03-domain/contexts/BC02/aggregates/AGG-ER-CASE.md;05-contracts/asyncapi-slc04.md;05-contracts/openapi-information-slc04.md;13-verification/acceptance/SLC-04/er-case-state-machine.md;13-verification/tooling/slice-sources.md"
"EVT-ERS-RECEIVED","7","yes","03-domain/contexts/BC08/commands-slc12a.md;03-domain/contexts/BC08/events-slc12a.md;03-domain/contexts/BC08/aggregates/AGG-ERASURE-REQUEST.md;05-contracts/asyncapi-slc12a.md;05-contracts/openapi-governance-slc12a.md;13-verification/acceptance/SLC-12a/erasure-request-state-machine.md;13-verification/tooling/slice-sources.md"
"EVT-ERS-REJECTED","7","yes","03-domain/contexts/BC08/commands-slc12a.md;03-domain/contexts/BC08/events-slc12a.md;03-domain/contexts/BC08/aggregates/AGG-ERASURE-REQUEST.md;05-contracts/asyncapi-slc12a.md;05-contracts/openapi-governance-slc12a.md;13-verification/acceptance/SLC-12a/erasure-request-state-machine.md;13-verification/tooling/slice-sources.md"
"EVT-ERS-SCOPED","4","yes","03-domain/contexts/BC08/events-slc12a.md;03-domain/contexts/BC08/aggregates/AGG-ERASURE-REQUEST.md;05-contracts/asyncapi-slc12a.md;13-verification/tooling/slice-sources.md"
"EVT-ERS-UNBLOCKED","4","yes","03-domain/contexts/BC08/events-slc12a.md;03-domain/contexts/BC08/aggregates/AGG-ERASURE-REQUEST.md;05-contracts/asyncapi-slc12a.md;13-verification/tooling/slice-sources.md"
"EVT-ER-WITHDRAWN","7","yes","03-domain/contexts/BC02/commands-slc04.md;03-domain/contexts/BC02/events-slc04.md;03-domain/contexts/BC02/aggregates/AGG-ER-CASE.md;05-contracts/asyncapi-slc04.md;05-contracts/openapi-information-slc04.md;13-verification/acceptance/SLC-04/er-case-state-machine.md;13-verification/tooling/slice-sources.md"
"EVT-EVD-CUSTODY-TRANSFERRED","7","yes","03-domain/contexts/BC02/commands-slc02.md;03-domain/contexts/BC02/events-slc02.md;03-domain/contexts/BC02/aggregates/AGG-EVIDENCE.md;05-contracts/asyncapi-slc02.md;05-contracts/openapi-information-slc02.md;13-verification/acceptance/SLC-02/evidence-state-machine.md;13-verification/tooling/slice-sources.md"
"EVT-EVD-LOCATOR-UPDATED","7","yes","03-domain/contexts/BC02/commands-slc02.md;03-domain/contexts/BC02/events-slc02.md;03-domain/contexts/BC02/aggregates/AGG-EVIDENCE.md;05-contracts/asyncapi-slc02.md;05-contracts/openapi-information-slc02.md;13-verification/acceptance/SLC-02/evidence-state-machine.md;13-verification/tooling/slice-sources.md"
"EVT-EVD-RECLASSIFIED","7","yes","03-domain/contexts/BC02/commands-slc02.md;03-domain/contexts/BC02/events-slc02.md;03-domain/contexts/BC02/aggregates/AGG-EVIDENCE.md;05-contracts/asyncapi-slc02.md;05-contracts/openapi-information-slc02.md;13-verification/acceptance/SLC-02/evidence-state-machine.md;13-verification/tooling/slice-sources.md"
"EVT-EVD-REGISTERED","7","yes","03-domain/contexts/BC02/commands-slc02.md;03-domain/contexts/BC02/events-slc02.md;03-domain/contexts/BC02/aggregates/AGG-EVIDENCE.md;05-contracts/asyncapi-slc02.md;05-contracts/openapi-information-slc02.md;13-verification/acceptance/SLC-02/evidence-state-machine.md;13-verification/tooling/slice-sources.md"
"EVT-EVD-SEALED","7","yes","03-domain/contexts/BC02/commands-slc02.md;03-domain/contexts/BC02/events-slc02.md;03-domain/contexts/BC02/aggregates/AGG-EVIDENCE.md;05-contracts/asyncapi-slc02.md;05-contracts/openapi-information-slc02.md;13-verification/acceptance/SLC-02/evidence-state-machine.md;13-verification/tooling/slice-sources.md"
"EVT-EVD-WITHDRAWN","7","yes","03-domain/contexts/BC02/commands-slc02.md;03-domain/contexts/BC02/events-slc02.md;03-domain/contexts/BC02/aggregates/AGG-EVIDENCE.md;05-contracts/asyncapi-slc02.md;05-contracts/openapi-information-slc02.md;13-verification/acceptance/SLC-02/evidence-state-machine.md;13-verification/tooling/slice-sources.md"
"EVT-EVL-LINKED","7","yes","03-domain/contexts/BC02/commands-slc02.md;03-domain/contexts/BC02/events-slc02.md;03-domain/contexts/BC02/aggregates/AGG-EVIDENCE-LINK.md;05-contracts/asyncapi-slc02.md;05-contracts/openapi-information-slc02.md;13-verification/acceptance/SLC-02/evidence-link-state-machine.md;13-verification/tooling/slice-sources.md"
"EVT-EVL-UNLINKED","7","yes","03-domain/contexts/BC02/commands-slc02.md;03-domain/contexts/BC02/events-slc02.md;03-domain/contexts/BC02/aggregates/AGG-EVIDENCE-LINK.md;05-contracts/asyncapi-slc02.md;05-contracts/openapi-information-slc02.md;13-verification/acceptance/SLC-02/evidence-link-state-machine.md;13-verification/tooling/slice-sources.md"
"EVT-EVS-ACTIVATED","7","yes","03-domain/contexts/BC07/commands-slc10.md;03-domain/contexts/BC07/events-slc10.md;03-domain/contexts/BC07/aggregates/AGG-EVAL-SUITE.md;05-contracts/asyncapi-slc10.md;05-contracts/openapi-ai-slc10.md;13-verification/acceptance/SLC-10/eval-suite-state-machine.md;13-verification/tooling/slice-sources.md"
"EVT-EVS-DRAFTED","7","yes","03-domain/contexts/BC07/commands-slc10.md;03-domain/contexts/BC07/events-slc10.md;03-domain/contexts/BC07/aggregates/AGG-EVAL-SUITE.md;05-contracts/asyncapi-slc10.md;05-contracts/openapi-ai-slc10.md;13-verification/acceptance/SLC-10/eval-suite-state-machine.md;13-verification/tooling/slice-sources.md"
"EVT-EVS-EDITED","7","yes","03-domain/contexts/BC07/commands-slc10.md;03-domain/contexts/BC07/events-slc10.md;03-domain/contexts/BC07/aggregates/AGG-EVAL-SUITE.md;05-contracts/asyncapi-slc10.md;05-contracts/openapi-ai-slc10.md;13-verification/acceptance/SLC-10/eval-suite-state-machine.md;13-verification/tooling/slice-sources.md"
"EVT-EVS-SUPERSEDED","4","yes","03-domain/contexts/BC07/events-slc10.md;03-domain/contexts/BC07/aggregates/AGG-EVAL-SUITE.md;05-contracts/asyncapi-slc10.md;13-verification/tooling/slice-sources.md"
"EVT-EXC-ACTIVATED","7","yes","03-domain/contexts/BC08/commands-slc01.md;03-domain/contexts/BC08/events-slc01.md;03-domain/contexts/BC08/aggregates/AGG-SECURITY-EXCEPTION.md;05-contracts/asyncapi-slc01.md;05-contracts/openapi-governance-slc01.md;13-verification/acceptance/SLC-01/security-exception-state-machine.md;13-verification/tooling/slice-sources.md"
"EVT-EXC-EXPIRED","4","yes","03-domain/contexts/BC08/events-slc01.md;03-domain/contexts/BC08/aggregates/AGG-SECURITY-EXCEPTION.md;05-contracts/asyncapi-slc01.md;13-verification/tooling/slice-sources.md"
"EVT-EXC-FIRST-APPROVED","7","yes","03-domain/contexts/BC08/commands-slc01.md;03-domain/contexts/BC08/events-slc01.md;03-domain/contexts/BC08/aggregates/AGG-SECURITY-EXCEPTION.md;05-contracts/asyncapi-slc01.md;05-contracts/openapi-governance-slc01.md;13-verification/acceptance/SLC-01/security-exception-state-machine.md;13-verification/tooling/slice-sources.md"
"EVT-EXC-REJECTED","7","yes","03-domain/contexts/BC08/commands-slc01.md;03-domain/contexts/BC08/events-slc01.md;03-domain/contexts/BC08/aggregates/AGG-SECURITY-EXCEPTION.md;05-contracts/asyncapi-slc01.md;05-contracts/openapi-governance-slc01.md;13-verification/acceptance/SLC-01/security-exception-state-machine.md;13-verification/tooling/slice-sources.md"
"EVT-EXC-REQUESTED","7","yes","03-domain/contexts/BC08/commands-slc01.md;03-domain/contexts/BC08/events-slc01.md;03-domain/contexts/BC08/aggregates/AGG-SECURITY-EXCEPTION.md;05-contracts/asyncapi-slc01.md;05-contracts/openapi-governance-slc01.md;13-verification/acceptance/SLC-01/security-exception-state-machine.md;13-verification/tooling/slice-sources.md"
"EVT-EXC-REVOKED","7","yes","03-domain/contexts/BC08/commands-slc01.md;03-domain/contexts/BC08/events-slc01.md;03-domain/contexts/BC08/aggregates/AGG-SECURITY-EXCEPTION.md;05-contracts/asyncapi-slc01.md;05-contracts/openapi-governance-slc01.md;13-verification/acceptance/SLC-01/security-exception-state-machine.md;13-verification/tooling/slice-sources.md"
"EVT-EXR-ABORTED","4","yes","03-domain/contexts/BC05/events-slc19.md;03-domain/contexts/BC05/aggregates/AGG-EXERCISE.md;05-contracts/asyncapi-slc19.md;13-verification/tooling/slice-sources.md"
"EVT-EXR-CANCELLED","7","yes","03-domain/contexts/BC05/commands-slc19.md;03-domain/contexts/BC05/events-slc19.md;03-domain/contexts/BC05/aggregates/AGG-EXERCISE.md;05-contracts/asyncapi-slc19.md;05-contracts/openapi-readiness-slc19.md;13-verification/acceptance/SLC-19/exercise-state-machine.md;13-verification/tooling/slice-sources.md"
"EVT-EXR-COMPLETED","4","yes","03-domain/contexts/BC05/events-slc19.md;03-domain/contexts/BC05/aggregates/AGG-EXERCISE.md;05-contracts/asyncapi-slc19.md;13-verification/tooling/slice-sources.md"
"EVT-EXR-PLANNED","7","yes","03-domain/contexts/BC05/commands-slc19.md;03-domain/contexts/BC05/events-slc19.md;03-domain/contexts/BC05/aggregates/AGG-EXERCISE.md;05-contracts/asyncapi-slc19.md;05-contracts/openapi-readiness-slc19.md;13-verification/acceptance/SLC-19/exercise-state-machine.md;13-verification/tooling/slice-sources.md"
"EVT-EXR-SCHEDULED","7","yes","03-domain/contexts/BC05/commands-slc19.md;03-domain/contexts/BC05/events-slc19.md;03-domain/contexts/BC05/aggregates/AGG-EXERCISE.md;05-contracts/asyncapi-slc19.md;05-contracts/openapi-readiness-slc19.md;13-verification/acceptance/SLC-19/exercise-state-machine.md;13-verification/tooling/slice-sources.md"
"EVT-EXR-STARTED","9","yes","02-requirements/requirements.md;03-domain/contexts/BC05/commands-slc19.md;03-domain/contexts/BC05/events-slc19.md;03-domain/contexts/BC05/aggregates/AGG-EXERCISE.md;05-contracts/asyncapi-slc19.md;05-contracts/openapi-readiness-slc19.md;06-data/logical-model/slc-19.md;13-verification/acceptance/SLC-19/exercise-state-machine.md;13-verification/tooling/slice-sources.md"
"EVT-EXT-ENDED","7","yes","03-domain/contexts/BC02/commands-slc02.md;03-domain/contexts/BC02/events-slc02.md;03-domain/contexts/BC02/aggregates/AGG-EXTERNAL-ID.md;05-contracts/asyncapi-slc02.md;05-contracts/openapi-information-slc02.md;13-verification/acceptance/SLC-02/external-id-state-machine.md;13-verification/tooling/slice-sources.md"
"EVT-EXT-MAPPED","7","yes","03-domain/contexts/BC02/commands-slc02.md;03-domain/contexts/BC02/events-slc02.md;03-domain/contexts/BC02/aggregates/AGG-EXTERNAL-ID.md;05-contracts/asyncapi-slc02.md;05-contracts/openapi-information-slc02.md;13-verification/acceptance/SLC-02/external-id-state-machine.md;13-verification/tooling/slice-sources.md"
"EVT-FND-ACCEPTED","7","yes","03-domain/contexts/BC03/commands-slc07.md;03-domain/contexts/BC03/events-slc07.md;03-domain/contexts/BC03/aggregates/AGG-FINDING.md;05-contracts/asyncapi-slc07.md;05-contracts/openapi-intelligence-slc07.md;13-verification/acceptance/SLC-07/finding-state-machine.md;13-verification/tooling/slice-sources.md"
"EVT-FND-EDITED","7","yes","03-domain/contexts/BC03/commands-slc07.md;03-domain/contexts/BC03/events-slc07.md;03-domain/contexts/BC03/aggregates/AGG-FINDING.md;05-contracts/asyncapi-slc07.md;05-contracts/openapi-intelligence-slc07.md;13-verification/acceptance/SLC-07/finding-state-machine.md;13-verification/tooling/slice-sources.md"
"EVT-FND-RECORDED","7","yes","03-domain/contexts/BC03/commands-slc07.md;03-domain/contexts/BC03/events-slc07.md;03-domain/contexts/BC03/aggregates/AGG-FINDING.md;05-contracts/asyncapi-slc07.md;05-contracts/openapi-intelligence-slc07.md;13-verification/acceptance/SLC-07/finding-state-machine.md;13-verification/tooling/slice-sources.md"
"EVT-FND-WITHDRAWN","7","yes","03-domain/contexts/BC03/commands-slc07.md;03-domain/contexts/BC03/events-slc07.md;03-domain/contexts/BC03/aggregates/AGG-FINDING.md;05-contracts/asyncapi-slc07.md;05-contracts/openapi-intelligence-slc07.md;13-verification/acceptance/SLC-07/finding-state-machine.md;13-verification/tooling/slice-sources.md"
"EVT-HRS-APPROVED","7","yes","03-domain/contexts/BC01/commands-slc16.md;03-domain/contexts/BC01/events-slc16.md;03-domain/contexts/BC01/aggregates/AGG-HR-SYNC-PROPOSAL.md;05-contracts/asyncapi-slc16.md;05-contracts/openapi-foundation-slc16.md;13-verification/acceptance/SLC-16/hr-sync-proposal-state-machine.md;13-verification/tooling/slice-sources.md"
"EVT-HRS-EXPIRED","4","yes","03-domain/contexts/BC01/events-slc16.md;03-domain/contexts/BC01/aggregates/AGG-HR-SYNC-PROPOSAL.md;05-contracts/asyncapi-slc16.md;13-verification/tooling/slice-sources.md"
"EVT-HRS-PROPOSED","4","yes","03-domain/contexts/BC01/events-slc16.md;03-domain/contexts/BC01/aggregates/AGG-HR-SYNC-PROPOSAL.md;05-contracts/asyncapi-slc16.md;13-verification/tooling/slice-sources.md"
"EVT-HRS-REJECTED","7","yes","03-domain/contexts/BC01/commands-slc16.md;03-domain/contexts/BC01/events-slc16.md;03-domain/contexts/BC01/aggregates/AGG-HR-SYNC-PROPOSAL.md;05-contracts/asyncapi-slc16.md;05-contracts/openapi-foundation-slc16.md;13-verification/acceptance/SLC-16/hr-sync-proposal-state-machine.md;13-verification/tooling/slice-sources.md"
"EVT-HRS-SUPERSEDED","4","yes","03-domain/contexts/BC01/events-slc16.md;03-domain/contexts/BC01/aggregates/AGG-HR-SYNC-PROPOSAL.md;05-contracts/asyncapi-slc16.md;13-verification/tooling/slice-sources.md"
"EVT-IMP-CANCELLED","7","yes","03-domain/contexts/BC02/commands-slc02.md;03-domain/contexts/BC02/events-slc02.md;03-domain/contexts/BC02/aggregates/AGG-IMPORT-BATCH.md;05-contracts/asyncapi-slc02.md;05-contracts/openapi-information-slc02.md;13-verification/acceptance/SLC-02/import-batch-state-machine.md;13-verification/tooling/slice-sources.md"
"EVT-IMP-COMPLETED","4","yes","03-domain/contexts/BC02/events-slc02.md;03-domain/contexts/BC02/aggregates/AGG-IMPORT-BATCH.md;05-contracts/asyncapi-slc02.md;13-verification/tooling/slice-sources.md"
"EVT-IMP-COMPLETED-WITH-QUARANTINE","4","yes","03-domain/contexts/BC02/events-slc02.md;03-domain/contexts/BC02/aggregates/AGG-IMPORT-BATCH.md;05-contracts/asyncapi-slc02.md;13-verification/tooling/slice-sources.md"
"EVT-IMP-FAILED","4","yes","03-domain/contexts/BC02/events-slc02.md;03-domain/contexts/BC02/aggregates/AGG-IMPORT-BATCH.md;05-contracts/asyncapi-slc02.md;13-verification/tooling/slice-sources.md"
"EVT-IMP-PROCESSING-STARTED","4","yes","03-domain/contexts/BC02/events-slc02.md;03-domain/contexts/BC02/aggregates/AGG-IMPORT-BATCH.md;05-contracts/asyncapi-slc02.md;13-verification/tooling/slice-sources.md"
"EVT-IMP-QUARANTINE-ACCEPTED","7","yes","03-domain/contexts/BC02/commands-slc02.md;03-domain/contexts/BC02/events-slc02.md;03-domain/contexts/BC02/aggregates/AGG-IMPORT-BATCH.md;05-contracts/asyncapi-slc02.md;05-contracts/openapi-information-slc02.md;13-verification/acceptance/SLC-02/import-batch-state-machine.md;13-verification/tooling/slice-sources.md"
"EVT-IMP-RECEIVED","7","yes","03-domain/contexts/BC02/commands-slc02.md;03-domain/contexts/BC02/events-slc02.md;03-domain/contexts/BC02/aggregates/AGG-IMPORT-BATCH.md;05-contracts/asyncapi-slc02.md;05-contracts/openapi-information-slc02.md;13-verification/acceptance/SLC-02/import-batch-state-machine.md;13-verification/tooling/slice-sources.md"
"EVT-IMP-REPROCESSING","7","yes","03-domain/contexts/BC02/commands-slc02.md;03-domain/contexts/BC02/events-slc02.md;03-domain/contexts/BC02/aggregates/AGG-IMPORT-BATCH.md;05-contracts/asyncapi-slc02.md;05-contracts/openapi-information-slc02.md;13-verification/acceptance/SLC-02/import-batch-state-machine.md;13-verification/tooling/slice-sources.md"
"EVT-INC-ASSESSED","7","yes","03-domain/contexts/BC04/commands-slc17.md;03-domain/contexts/BC04/events-slc17.md;03-domain/contexts/BC04/aggregates/AGG-INCIDENT.md;05-contracts/asyncapi-slc17.md;05-contracts/openapi-operations-slc17.md;13-verification/acceptance/SLC-17/incident-state-machine.md;13-verification/tooling/slice-sources.md"
"EVT-INC-CANCELLED","7","yes","03-domain/contexts/BC04/commands-slc17.md;03-domain/contexts/BC04/events-slc17.md;03-domain/contexts/BC04/aggregates/AGG-INCIDENT.md;05-contracts/asyncapi-slc17.md;05-contracts/openapi-operations-slc17.md;13-verification/acceptance/SLC-17/incident-state-machine.md;13-verification/tooling/slice-sources.md"
"EVT-INC-CLOSED","7","yes","03-domain/contexts/BC04/commands-slc17.md;03-domain/contexts/BC04/events-slc17.md;03-domain/contexts/BC04/aggregates/AGG-INCIDENT.md;05-contracts/asyncapi-slc17.md;05-contracts/openapi-operations-slc17.md;13-verification/acceptance/SLC-17/incident-state-machine.md;13-verification/tooling/slice-sources.md"
"EVT-INC-CONTAINED","7","yes","03-domain/contexts/BC04/commands-slc17.md;03-domain/contexts/BC04/events-slc17.md;03-domain/contexts/BC04/aggregates/AGG-INCIDENT.md;05-contracts/asyncapi-slc17.md;05-contracts/openapi-operations-slc17.md;13-verification/acceptance/SLC-17/incident-state-machine.md;13-verification/tooling/slice-sources.md"
"EVT-INC-CONTINGENCY-ACTIVATED","7","yes","03-domain/contexts/BC04/commands-slc17.md;03-domain/contexts/BC04/events-slc17.md;03-domain/contexts/BC04/aggregates/AGG-INCIDENT.md;05-contracts/asyncapi-slc17.md;05-contracts/openapi-operations-slc17.md;13-verification/acceptance/SLC-17/incident-state-machine.md;13-verification/tooling/slice-sources.md"
"EVT-INC-DE-ESCALATED","7","yes","03-domain/contexts/BC04/commands-slc17.md;03-domain/contexts/BC04/events-slc17.md;03-domain/contexts/BC04/aggregates/AGG-INCIDENT.md;05-contracts/asyncapi-slc17.md;05-contracts/openapi-operations-slc17.md;13-verification/acceptance/SLC-17/incident-state-machine.md;13-verification/tooling/slice-sources.md"
"EVT-INC-ESCALATED","7","yes","03-domain/contexts/BC04/commands-slc17.md;03-domain/contexts/BC04/events-slc17.md;03-domain/contexts/BC04/aggregates/AGG-INCIDENT.md;05-contracts/asyncapi-slc17.md;05-contracts/openapi-operations-slc17.md;13-verification/acceptance/SLC-17/incident-state-machine.md;13-verification/tooling/slice-sources.md"
"EVT-INC-REPORTED","7","yes","03-domain/contexts/BC04/commands-slc17.md;03-domain/contexts/BC04/events-slc17.md;03-domain/contexts/BC04/aggregates/AGG-INCIDENT.md;05-contracts/asyncapi-slc17.md;05-contracts/openapi-operations-slc17.md;13-verification/acceptance/SLC-17/incident-state-machine.md;13-verification/tooling/slice-sources.md"
"EVT-INC-RESOLVED","7","yes","03-domain/contexts/BC04/commands-slc17.md;03-domain/contexts/BC04/events-slc17.md;03-domain/contexts/BC04/aggregates/AGG-INCIDENT.md;05-contracts/asyncapi-slc17.md;05-contracts/openapi-operations-slc17.md;13-verification/acceptance/SLC-17/incident-state-machine.md;13-verification/tooling/slice-sources.md"
"EVT-INC-RESPONSE-DISPATCHED","7","yes","03-domain/contexts/BC04/commands-slc17.md;03-domain/contexts/BC04/events-slc17.md;03-domain/contexts/BC04/aggregates/AGG-INCIDENT.md;05-contracts/asyncapi-slc17.md;05-contracts/openapi-operations-slc17.md;13-verification/acceptance/SLC-17/incident-state-machine.md;13-verification/tooling/slice-sources.md"
"EVT-INC-SLA-BREACHED","4","yes","03-domain/contexts/BC04/events-slc17.md;03-domain/contexts/BC04/aggregates/AGG-INCIDENT.md;05-contracts/asyncapi-slc17.md;13-verification/tooling/slice-sources.md"
"EVT-KNO-DISCARDED","7","yes","03-domain/contexts/BC06/commands-slc12.md;03-domain/contexts/BC06/events-slc12.md;03-domain/contexts/BC06/aggregates/AGG-KNOWLEDGE-OBJECT.md;05-contracts/asyncapi-slc12.md;05-contracts/openapi-knowledge-slc12.md;13-verification/acceptance/SLC-12/knowledge-object-state-machine.md;13-verification/tooling/slice-sources.md"
"EVT-KNO-DRAFTED","7","yes","03-domain/contexts/BC06/commands-slc12.md;03-domain/contexts/BC06/events-slc12.md;03-domain/contexts/BC06/aggregates/AGG-KNOWLEDGE-OBJECT.md;05-contracts/asyncapi-slc12.md;05-contracts/openapi-knowledge-slc12.md;13-verification/acceptance/SLC-12/knowledge-object-state-machine.md;13-verification/tooling/slice-sources.md"
"EVT-KNO-EDITED","7","yes","03-domain/contexts/BC06/commands-slc12.md;03-domain/contexts/BC06/events-slc12.md;03-domain/contexts/BC06/aggregates/AGG-KNOWLEDGE-OBJECT.md;05-contracts/asyncapi-slc12.md;05-contracts/openapi-knowledge-slc12.md;13-verification/acceptance/SLC-12/knowledge-object-state-machine.md;13-verification/tooling/slice-sources.md"
"EVT-KNO-PUBLISHED","7","yes","03-domain/contexts/BC06/commands-slc12.md;03-domain/contexts/BC06/events-slc12.md;03-domain/contexts/BC06/aggregates/AGG-KNOWLEDGE-OBJECT.md;05-contracts/asyncapi-slc12.md;05-contracts/openapi-knowledge-slc12.md;13-verification/acceptance/SLC-12/knowledge-object-state-machine.md;13-verification/tooling/slice-sources.md"
"EVT-KNO-REJECTED","7","yes","03-domain/contexts/BC06/commands-slc12.md;03-domain/contexts/BC06/events-slc12.md;03-domain/contexts/BC06/aggregates/AGG-KNOWLEDGE-OBJECT.md;05-contracts/asyncapi-slc12.md;05-contracts/openapi-knowledge-slc12.md;13-verification/acceptance/SLC-12/knowledge-object-state-machine.md;13-verification/tooling/slice-sources.md"
"EVT-KNO-RETIRED","7","yes","03-domain/contexts/BC06/commands-slc12.md;03-domain/contexts/BC06/events-slc12.md;03-domain/contexts/BC06/aggregates/AGG-KNOWLEDGE-OBJECT.md;05-contracts/asyncapi-slc12.md;05-contracts/openapi-knowledge-slc12.md;13-verification/acceptance/SLC-12/knowledge-object-state-machine.md;13-verification/tooling/slice-sources.md"
"EVT-KNO-RETURNED","7","yes","03-domain/contexts/BC06/commands-slc12.md;03-domain/contexts/BC06/events-slc12.md;03-domain/contexts/BC06/aggregates/AGG-KNOWLEDGE-OBJECT.md;05-contracts/asyncapi-slc12.md;05-contracts/openapi-knowledge-slc12.md;13-verification/acceptance/SLC-12/knowledge-object-state-machine.md;13-verification/tooling/slice-sources.md"
"EVT-KNO-REUSED","7","yes","03-domain/contexts/BC06/commands-slc12.md;03-domain/contexts/BC06/events-slc12.md;03-domain/contexts/BC06/aggregates/AGG-KNOWLEDGE-OBJECT.md;05-contracts/asyncapi-slc12.md;05-contracts/openapi-knowledge-slc12.md;13-verification/acceptance/SLC-12/knowledge-object-state-machine.md;13-verification/tooling/slice-sources.md"
"EVT-KNO-SUBMITTED","7","yes","03-domain/contexts/BC06/commands-slc12.md;03-domain/contexts/BC06/events-slc12.md;03-domain/contexts/BC06/aggregates/AGG-KNOWLEDGE-OBJECT.md;05-contracts/asyncapi-slc12.md;05-contracts/openapi-knowledge-slc12.md;13-verification/acceptance/SLC-12/knowledge-object-state-machine.md;13-verification/tooling/slice-sources.md"
"EVT-KNO-SUPERSEDED","4","yes","03-domain/contexts/BC06/events-slc12.md;03-domain/contexts/BC06/aggregates/AGG-KNOWLEDGE-OBJECT.md;05-contracts/asyncapi-slc12.md;13-verification/tooling/slice-sources.md"
"EVT-LGR-APPROVED","4","yes","03-domain/contexts/BC05/events-slc18.md;03-domain/contexts/BC05/aggregates/AGG-LOGISTICS-REQUEST.md;05-contracts/asyncapi-slc18.md;13-verification/tooling/slice-sources.md"
"EVT-LGR-CANCELLED","7","yes","03-domain/contexts/BC05/commands-slc18.md;03-domain/contexts/BC05/events-slc18.md;03-domain/contexts/BC05/aggregates/AGG-LOGISTICS-REQUEST.md;05-contracts/asyncapi-slc18.md;05-contracts/openapi-readiness-slc18.md;13-verification/acceptance/SLC-18/logistics-request-state-machine.md;13-verification/tooling/slice-sources.md"
"EVT-LGR-DISPATCHED","7","yes","03-domain/contexts/BC05/commands-slc18.md;03-domain/contexts/BC05/events-slc18.md;03-domain/contexts/BC05/aggregates/AGG-LOGISTICS-REQUEST.md;05-contracts/asyncapi-slc18.md;05-contracts/openapi-readiness-slc18.md;13-verification/acceptance/SLC-18/logistics-request-state-machine.md;13-verification/tooling/slice-sources.md"
"EVT-LGR-FULFILLED","4","yes","03-domain/contexts/BC05/events-slc18.md;03-domain/contexts/BC05/aggregates/AGG-LOGISTICS-REQUEST.md;05-contracts/asyncapi-slc18.md;13-verification/tooling/slice-sources.md"
"EVT-LGR-PARTIALLY-FULFILLED","4","yes","03-domain/contexts/BC05/events-slc18.md;03-domain/contexts/BC05/aggregates/AGG-LOGISTICS-REQUEST.md;05-contracts/asyncapi-slc18.md;13-verification/tooling/slice-sources.md"
"EVT-LGR-PENDING-APPROVAL","4","yes","03-domain/contexts/BC05/events-slc18.md;03-domain/contexts/BC05/aggregates/AGG-LOGISTICS-REQUEST.md;05-contracts/asyncapi-slc18.md;13-verification/tooling/slice-sources.md"
"EVT-LGR-REJECTED","4","yes","03-domain/contexts/BC05/events-slc18.md;03-domain/contexts/BC05/aggregates/AGG-LOGISTICS-REQUEST.md;05-contracts/asyncapi-slc18.md;13-verification/tooling/slice-sources.md"
"EVT-LGR-REQUESTED","7","yes","03-domain/contexts/BC05/commands-slc18.md;03-domain/contexts/BC05/events-slc18.md;03-domain/contexts/BC05/aggregates/AGG-LOGISTICS-REQUEST.md;05-contracts/asyncapi-slc18.md;05-contracts/openapi-readiness-slc18.md;13-verification/acceptance/SLC-18/logistics-request-state-machine.md;13-verification/tooling/slice-sources.md"
"EVT-LHD-EXTENDED","7","yes","03-domain/contexts/BC08/commands-slc12a.md;03-domain/contexts/BC08/events-slc12a.md;03-domain/contexts/BC08/aggregates/AGG-LEGAL-HOLD.md;05-contracts/asyncapi-slc12a.md;05-contracts/openapi-governance-slc12a.md;13-verification/acceptance/SLC-12a/legal-hold-state-machine.md;13-verification/tooling/slice-sources.md"
"EVT-LHD-PLACED","7","yes","03-domain/contexts/BC08/commands-slc12a.md;03-domain/contexts/BC08/events-slc12a.md;03-domain/contexts/BC08/aggregates/AGG-LEGAL-HOLD.md;05-contracts/asyncapi-slc12a.md;05-contracts/openapi-governance-slc12a.md;13-verification/acceptance/SLC-12a/legal-hold-state-machine.md;13-verification/tooling/slice-sources.md"
"EVT-LHD-RELEASE-CANCELLED","7","yes","03-domain/contexts/BC08/commands-slc12a.md;03-domain/contexts/BC08/events-slc12a.md;03-domain/contexts/BC08/aggregates/AGG-LEGAL-HOLD.md;05-contracts/asyncapi-slc12a.md;05-contracts/openapi-governance-slc12a.md;13-verification/acceptance/SLC-12a/legal-hold-state-machine.md;13-verification/tooling/slice-sources.md"
"EVT-LHD-RELEASED","7","yes","03-domain/contexts/BC08/commands-slc12a.md;03-domain/contexts/BC08/events-slc12a.md;03-domain/contexts/BC08/aggregates/AGG-LEGAL-HOLD.md;05-contracts/asyncapi-slc12a.md;05-contracts/openapi-governance-slc12a.md;13-verification/acceptance/SLC-12a/legal-hold-state-machine.md;13-verification/tooling/slice-sources.md"
"EVT-LHD-RELEASE-REQUESTED","7","yes","03-domain/contexts/BC08/commands-slc12a.md;03-domain/contexts/BC08/events-slc12a.md;03-domain/contexts/BC08/aggregates/AGG-LEGAL-HOLD.md;05-contracts/asyncapi-slc12a.md;05-contracts/openapi-governance-slc12a.md;13-verification/acceptance/SLC-12a/legal-hold-state-machine.md;13-verification/tooling/slice-sources.md"
"EVT-MDL-APPROVED","7","yes","03-domain/contexts/BC07/commands-slc10.md;03-domain/contexts/BC07/events-slc10.md;03-domain/contexts/BC07/aggregates/AGG-MODEL-VERSION.md;05-contracts/asyncapi-slc10.md;05-contracts/openapi-ai-slc10.md;13-verification/acceptance/SLC-10/model-version-state-machine.md;13-verification/tooling/slice-sources.md"
"EVT-MDL-DEPRECATED","7","yes","03-domain/contexts/BC07/commands-slc10.md;03-domain/contexts/BC07/events-slc10.md;03-domain/contexts/BC07/aggregates/AGG-MODEL-VERSION.md;05-contracts/asyncapi-slc10.md;05-contracts/openapi-ai-slc10.md;13-verification/acceptance/SLC-10/model-version-state-machine.md;13-verification/tooling/slice-sources.md"
"EVT-MDL-DRIFT-DETECTED","4","yes","03-domain/contexts/BC07/events-slc10.md;03-domain/contexts/BC07/aggregates/AGG-MODEL-VERSION.md;05-contracts/asyncapi-slc10.md;13-verification/tooling/slice-sources.md"
"EVT-MDL-EVALUATION-FAILED","7","yes","03-domain/contexts/BC07/commands-slc10.md;03-domain/contexts/BC07/events-slc10.md;03-domain/contexts/BC07/aggregates/AGG-MODEL-VERSION.md;05-contracts/asyncapi-slc10.md;05-contracts/openapi-ai-slc10.md;13-verification/acceptance/SLC-10/model-version-state-machine.md;13-verification/tooling/slice-sources.md"
"EVT-MDL-EVALUATION-STARTED","7","yes","03-domain/contexts/BC07/commands-slc10.md;03-domain/contexts/BC07/events-slc10.md;03-domain/contexts/BC07/aggregates/AGG-MODEL-VERSION.md;05-contracts/asyncapi-slc10.md;05-contracts/openapi-ai-slc10.md;13-verification/acceptance/SLC-10/model-version-state-machine.md;13-verification/tooling/slice-sources.md"
"EVT-MDL-PROMOTED","7","yes","03-domain/contexts/BC07/commands-slc10.md;03-domain/contexts/BC07/events-slc10.md;03-domain/contexts/BC07/aggregates/AGG-MODEL-VERSION.md;05-contracts/asyncapi-slc10.md;05-contracts/openapi-ai-slc10.md;13-verification/acceptance/SLC-10/model-version-state-machine.md;13-verification/tooling/slice-sources.md"
"EVT-MDL-REGISTERED","7","yes","03-domain/contexts/BC07/commands-slc10.md;03-domain/contexts/BC07/events-slc10.md;03-domain/contexts/BC07/aggregates/AGG-MODEL-VERSION.md;05-contracts/asyncapi-slc10.md;05-contracts/openapi-ai-slc10.md;13-verification/acceptance/SLC-10/model-version-state-machine.md;13-verification/tooling/slice-sources.md"
"EVT-MDL-REINSTATED","7","yes","03-domain/contexts/BC07/commands-slc10.md;03-domain/contexts/BC07/events-slc10.md;03-domain/contexts/BC07/aggregates/AGG-MODEL-VERSION.md;05-contracts/asyncapi-slc10.md;05-contracts/openapi-ai-slc10.md;13-verification/acceptance/SLC-10/model-version-state-machine.md;13-verification/tooling/slice-sources.md"
"EVT-MDL-RETIRED","7","yes","03-domain/contexts/BC07/commands-slc10.md;03-domain/contexts/BC07/events-slc10.md;03-domain/contexts/BC07/aggregates/AGG-MODEL-VERSION.md;05-contracts/asyncapi-slc10.md;05-contracts/openapi-ai-slc10.md;13-verification/acceptance/SLC-10/model-version-state-machine.md;13-verification/tooling/slice-sources.md"
"EVT-MDL-STAGED","7","yes","03-domain/contexts/BC07/commands-slc10.md;03-domain/contexts/BC07/events-slc10.md;03-domain/contexts/BC07/aggregates/AGG-MODEL-VERSION.md;05-contracts/asyncapi-slc10.md;05-contracts/openapi-ai-slc10.md;13-verification/acceptance/SLC-10/model-version-state-machine.md;13-verification/tooling/slice-sources.md"
"EVT-MNT-CANCELLED","7","yes","03-domain/contexts/BC05/commands-slc09.md;03-domain/contexts/BC05/events-slc09.md;03-domain/contexts/BC05/aggregates/AGG-MAINTENANCE-ORDER.md;05-contracts/asyncapi-slc09.md;05-contracts/openapi-readiness-slc09.md;13-verification/acceptance/SLC-09/maintenance-order-state-machine.md;13-verification/tooling/slice-sources.md"
"EVT-MNT-COMPLETED","7","yes","03-domain/contexts/BC05/commands-slc09.md;03-domain/contexts/BC05/events-slc09.md;03-domain/contexts/BC05/aggregates/AGG-MAINTENANCE-ORDER.md;05-contracts/asyncapi-slc09.md;05-contracts/openapi-readiness-slc09.md;13-verification/acceptance/SLC-09/maintenance-order-state-machine.md;13-verification/tooling/slice-sources.md"
"EVT-MNT-PLANNED","7","yes","03-domain/contexts/BC05/commands-slc09.md;03-domain/contexts/BC05/events-slc09.md;03-domain/contexts/BC05/aggregates/AGG-MAINTENANCE-ORDER.md;05-contracts/asyncapi-slc09.md;05-contracts/openapi-readiness-slc09.md;13-verification/acceptance/SLC-09/maintenance-order-state-machine.md;13-verification/tooling/slice-sources.md"
"EVT-MNT-RESCHEDULED","7","yes","03-domain/contexts/BC05/commands-slc09.md;03-domain/contexts/BC05/events-slc09.md;03-domain/contexts/BC05/aggregates/AGG-MAINTENANCE-ORDER.md;05-contracts/asyncapi-slc09.md;05-contracts/openapi-readiness-slc09.md;13-verification/acceptance/SLC-09/maintenance-order-state-machine.md;13-verification/tooling/slice-sources.md"
"EVT-MNT-STARTED","7","yes","03-domain/contexts/BC05/commands-slc09.md;03-domain/contexts/BC05/events-slc09.md;03-domain/contexts/BC05/aggregates/AGG-MAINTENANCE-ORDER.md;05-contracts/asyncapi-slc09.md;05-contracts/openapi-readiness-slc09.md;13-verification/acceptance/SLC-09/maintenance-order-state-machine.md;13-verification/tooling/slice-sources.md"
"EVT-MRS","1","no","03-domain/contexts/BC02/conflict-detection-engine.md"
"EVT-MRS-ACTIVATED","7","yes","03-domain/contexts/BC02/commands-slc04.md;03-domain/contexts/BC02/events-slc04.md;03-domain/contexts/BC02/aggregates/AGG-MATCH-RULESET.md;05-contracts/asyncapi-slc04.md;05-contracts/openapi-information-slc04.md;13-verification/acceptance/SLC-04/match-ruleset-state-machine.md;13-verification/tooling/slice-sources.md"
"EVT-MRS-DRAFTED","7","yes","03-domain/contexts/BC02/commands-slc04.md;03-domain/contexts/BC02/events-slc04.md;03-domain/contexts/BC02/aggregates/AGG-MATCH-RULESET.md;05-contracts/asyncapi-slc04.md;05-contracts/openapi-information-slc04.md;13-verification/acceptance/SLC-04/match-ruleset-state-machine.md;13-verification/tooling/slice-sources.md"
"EVT-MRS-EDITED","7","yes","03-domain/contexts/BC02/commands-slc04.md;03-domain/contexts/BC02/events-slc04.md;03-domain/contexts/BC02/aggregates/AGG-MATCH-RULESET.md;05-contracts/asyncapi-slc04.md;05-contracts/openapi-information-slc04.md;13-verification/acceptance/SLC-04/match-ruleset-state-machine.md;13-verification/tooling/slice-sources.md"
"EVT-MRS-SUPERSEDED","4","yes","03-domain/contexts/BC02/events-slc04.md;03-domain/contexts/BC02/aggregates/AGG-MATCH-RULESET.md;05-contracts/asyncapi-slc04.md;13-verification/tooling/slice-sources.md"
"EVT-NTF-EXPIRED","4","yes","03-domain/contexts/BC04/events-slc06.md;03-domain/contexts/BC04/aggregates/AGG-NOTIFICATION.md;05-contracts/asyncapi-slc06.md;13-verification/tooling/slice-sources.md"
"EVT-NTF-FAILED","4","yes","03-domain/contexts/BC04/events-slc06.md;03-domain/contexts/BC04/aggregates/AGG-NOTIFICATION.md;05-contracts/asyncapi-slc06.md;13-verification/tooling/slice-sources.md"
"EVT-NTF-QUEUED","4","yes","03-domain/contexts/BC04/events-slc06.md;03-domain/contexts/BC04/aggregates/AGG-NOTIFICATION.md;05-contracts/asyncapi-slc06.md;13-verification/tooling/slice-sources.md"
"EVT-NTF-READ","7","yes","03-domain/contexts/BC04/commands-slc06.md;03-domain/contexts/BC04/events-slc06.md;03-domain/contexts/BC04/aggregates/AGG-NOTIFICATION.md;05-contracts/asyncapi-slc06.md;05-contracts/openapi-operations-slc06.md;13-verification/acceptance/SLC-06/notification-state-machine.md;13-verification/tooling/slice-sources.md"
"EVT-NTF-SENT","4","yes","03-domain/contexts/BC04/events-slc06.md;03-domain/contexts/BC04/aggregates/AGG-NOTIFICATION.md;05-contracts/asyncapi-slc06.md;13-verification/tooling/slice-sources.md"
"EVT-NTF-WITHHELD","4","yes","03-domain/contexts/BC04/events-slc06.md;03-domain/contexts/BC04/aggregates/AGG-NOTIFICATION.md;05-contracts/asyncapi-slc06.md;13-verification/tooling/slice-sources.md"
"EVT-OBS-AMENDED","7","yes","03-domain/contexts/BC02/commands-slc02.md;03-domain/contexts/BC02/events-slc02.md;03-domain/contexts/BC02/aggregates/AGG-OBSERVATION.md;05-contracts/asyncapi-slc02.md;05-contracts/openapi-information-slc02.md;13-verification/acceptance/SLC-02/observation-state-machine.md;13-verification/tooling/slice-sources.md"
"EVT-OBS-EVIDENCE-ATTACHED","7","yes","03-domain/contexts/BC02/commands-slc02.md;03-domain/contexts/BC02/events-slc02.md;03-domain/contexts/BC02/aggregates/AGG-OBSERVATION.md;05-contracts/asyncapi-slc02.md;05-contracts/openapi-information-slc02.md;13-verification/acceptance/SLC-02/observation-state-machine.md;13-verification/tooling/slice-sources.md"
"EVT-OBS-RECLASSIFIED","7","yes","03-domain/contexts/BC02/commands-slc02.md;03-domain/contexts/BC02/events-slc02.md;03-domain/contexts/BC02/aggregates/AGG-OBSERVATION.md;05-contracts/asyncapi-slc02.md;05-contracts/openapi-information-slc02.md;13-verification/acceptance/SLC-02/observation-state-machine.md;13-verification/tooling/slice-sources.md"
"EVT-OBS-RECORDED","7","yes","03-domain/contexts/BC02/commands-slc02.md;03-domain/contexts/BC02/events-slc02.md;03-domain/contexts/BC02/aggregates/AGG-OBSERVATION.md;05-contracts/asyncapi-slc02.md;05-contracts/openapi-information-slc02.md;13-verification/acceptance/SLC-02/observation-state-machine.md;13-verification/tooling/slice-sources.md"
"EVT-OBS-REJECTED","7","yes","03-domain/contexts/BC02/commands-slc02.md;03-domain/contexts/BC02/events-slc02.md;03-domain/contexts/BC02/aggregates/AGG-OBSERVATION.md;05-contracts/asyncapi-slc02.md;05-contracts/openapi-information-slc02.md;13-verification/acceptance/SLC-02/observation-state-machine.md;13-verification/tooling/slice-sources.md"
"EVT-OBS-VALIDATED","8","yes","03-domain/contexts/BC02/collection-spec.md;03-domain/contexts/BC02/commands-slc02.md;03-domain/contexts/BC02/events-slc02.md;03-domain/contexts/BC02/aggregates/AGG-OBSERVATION.md;05-contracts/asyncapi-slc02.md;05-contracts/openapi-information-slc02.md;13-verification/acceptance/SLC-02/observation-state-machine.md;13-verification/tooling/slice-sources.md"
"EVT-ORG-CREATED","7","yes","03-domain/contexts/BC01/commands-slc01.md;03-domain/contexts/BC01/events-slc01.md;03-domain/contexts/BC01/aggregates/AGG-ORGANIZATION.md;05-contracts/asyncapi-slc01.md;05-contracts/openapi-foundation-slc01.md;13-verification/acceptance/SLC-01/organization-state-machine.md;13-verification/tooling/slice-sources.md"
"EVT-ORG-DEACTIVATED","7","yes","03-domain/contexts/BC01/commands-slc01.md;03-domain/contexts/BC01/events-slc01.md;03-domain/contexts/BC01/aggregates/AGG-ORGANIZATION.md;05-contracts/asyncapi-slc01.md;05-contracts/openapi-foundation-slc01.md;13-verification/acceptance/SLC-01/organization-state-machine.md;13-verification/tooling/slice-sources.md"
"EVT-ORG-REACTIVATED","7","yes","03-domain/contexts/BC01/commands-slc01.md;03-domain/contexts/BC01/events-slc01.md;03-domain/contexts/BC01/aggregates/AGG-ORGANIZATION.md;05-contracts/asyncapi-slc01.md;05-contracts/openapi-foundation-slc01.md;13-verification/acceptance/SLC-01/organization-state-machine.md;13-verification/tooling/slice-sources.md"
"EVT-ORG-RENAMED","7","yes","03-domain/contexts/BC01/commands-slc01.md;03-domain/contexts/BC01/events-slc01.md;03-domain/contexts/BC01/aggregates/AGG-ORGANIZATION.md;05-contracts/asyncapi-slc01.md;05-contracts/openapi-foundation-slc01.md;13-verification/acceptance/SLC-01/organization-state-machine.md;13-verification/tooling/slice-sources.md"
"EVT-ORG-UNIT-ADDED","7","yes","03-domain/contexts/BC01/commands-slc01.md;03-domain/contexts/BC01/events-slc01.md;03-domain/contexts/BC01/aggregates/AGG-ORGANIZATION.md;05-contracts/asyncapi-slc01.md;05-contracts/openapi-foundation-slc01.md;13-verification/acceptance/SLC-01/organization-state-machine.md;13-verification/tooling/slice-sources.md"
"EVT-ORG-UNIT-DEACTIVATED","7","yes","03-domain/contexts/BC01/commands-slc01.md;03-domain/contexts/BC01/events-slc01.md;03-domain/contexts/BC01/aggregates/AGG-ORGANIZATION.md;05-contracts/asyncapi-slc01.md;05-contracts/openapi-foundation-slc01.md;13-verification/acceptance/SLC-01/organization-state-machine.md;13-verification/tooling/slice-sources.md"
"EVT-ORG-UNIT-MOVED","7","yes","03-domain/contexts/BC01/commands-slc01.md;03-domain/contexts/BC01/events-slc01.md;03-domain/contexts/BC01/aggregates/AGG-ORGANIZATION.md;05-contracts/asyncapi-slc01.md;05-contracts/openapi-foundation-slc01.md;13-verification/acceptance/SLC-01/organization-state-machine.md;13-verification/tooling/slice-sources.md"
"EVT-ORG-UNIT-RENAMED","7","yes","03-domain/contexts/BC01/commands-slc01.md;03-domain/contexts/BC01/events-slc01.md;03-domain/contexts/BC01/aggregates/AGG-ORGANIZATION.md;05-contracts/asyncapi-slc01.md;05-contracts/openapi-foundation-slc01.md;13-verification/acceptance/SLC-01/organization-state-machine.md;13-verification/tooling/slice-sources.md"
"EVT-OUT-MEASURED","7","yes","03-domain/contexts/BC04/commands-slc08.md;03-domain/contexts/BC04/events-slc08.md;03-domain/contexts/BC04/aggregates/AGG-OUTCOME-TRACKER.md;05-contracts/asyncapi-slc08.md;05-contracts/openapi-operations-slc08.md;13-verification/acceptance/SLC-08/outcome-tracker-state-machine.md;13-verification/tooling/slice-sources.md"
"EVT-OUT-MEASUREMENT-CORRECTED","7","yes","03-domain/contexts/BC04/commands-slc08.md;03-domain/contexts/BC04/events-slc08.md;03-domain/contexts/BC04/aggregates/AGG-OUTCOME-TRACKER.md;05-contracts/asyncapi-slc08.md;05-contracts/openapi-operations-slc08.md;13-verification/acceptance/SLC-08/outcome-tracker-state-machine.md;13-verification/tooling/slice-sources.md"
"EVT-OUT-TARGET-CHANGED","4","yes","03-domain/contexts/BC04/events-slc08.md;03-domain/contexts/BC04/aggregates/AGG-OUTCOME-TRACKER.md;05-contracts/asyncapi-slc08.md;13-verification/tooling/slice-sources.md"
"EVT-OUT-TRACKER-CLOSED","4","yes","03-domain/contexts/BC04/events-slc08.md;03-domain/contexts/BC04/aggregates/AGG-OUTCOME-TRACKER.md;05-contracts/asyncapi-slc08.md;13-verification/tooling/slice-sources.md"
"EVT-OUT-TRACKER-CREATED","4","yes","03-domain/contexts/BC04/events-slc08.md;03-domain/contexts/BC04/aggregates/AGG-OUTCOME-TRACKER.md;05-contracts/asyncapi-slc08.md;13-verification/tooling/slice-sources.md"
"EVT-PER-DEACTIVATED","7","yes","03-domain/contexts/BC01/commands-slc01.md;03-domain/contexts/BC01/events-slc01.md;03-domain/contexts/BC01/aggregates/AGG-PERSON.md;05-contracts/asyncapi-slc01.md;05-contracts/openapi-foundation-slc01.md;13-verification/acceptance/SLC-01/person-state-machine.md;13-verification/tooling/slice-sources.md"
"EVT-PER-DETAILS-UPDATED","7","yes","03-domain/contexts/BC01/commands-slc01.md;03-domain/contexts/BC01/events-slc01.md;03-domain/contexts/BC01/aggregates/AGG-PERSON.md;05-contracts/asyncapi-slc01.md;05-contracts/openapi-foundation-slc01.md;13-verification/acceptance/SLC-01/person-state-machine.md;13-verification/tooling/slice-sources.md"
"EVT-PER-ERASED","7","yes","03-domain/contexts/BC01/commands-slc01.md;03-domain/contexts/BC01/events-slc01.md;03-domain/contexts/BC01/aggregates/AGG-PERSON.md;05-contracts/asyncapi-slc01.md;05-contracts/openapi-foundation-slc01.md;13-verification/acceptance/SLC-01/person-state-machine.md;13-verification/tooling/slice-sources.md"
"EVT-PER-REACTIVATED","7","yes","03-domain/contexts/BC01/commands-slc01.md;03-domain/contexts/BC01/events-slc01.md;03-domain/contexts/BC01/aggregates/AGG-PERSON.md;05-contracts/asyncapi-slc01.md;05-contracts/openapi-foundation-slc01.md;13-verification/acceptance/SLC-01/person-state-machine.md;13-verification/tooling/slice-sources.md"
"EVT-PER-REGISTERED","7","yes","03-domain/contexts/BC01/commands-slc01.md;03-domain/contexts/BC01/events-slc01.md;03-domain/contexts/BC01/aggregates/AGG-PERSON.md;05-contracts/asyncapi-slc01.md;05-contracts/openapi-foundation-slc01.md;13-verification/acceptance/SLC-01/person-state-machine.md;13-verification/tooling/slice-sources.md"
"EVT-PKG-BUILDING","4","yes","03-domain/contexts/BC07/events-slc11.md;03-domain/contexts/BC07/aggregates/AGG-PRELOAD-PACKAGE.md;05-contracts/asyncapi-slc11.md;13-verification/tooling/slice-sources.md"
"EVT-PKG-DOWNLOADED","7","yes","03-domain/contexts/BC07/commands-slc11.md;03-domain/contexts/BC07/events-slc11.md;03-domain/contexts/BC07/aggregates/AGG-PRELOAD-PACKAGE.md;05-contracts/asyncapi-slc11.md;05-contracts/openapi-field-slc11.md;13-verification/acceptance/SLC-11/preload-package-state-machine.md;13-verification/tooling/slice-sources.md"
"EVT-PKG-EXPIRED","4","yes","03-domain/contexts/BC07/events-slc11.md;03-domain/contexts/BC07/aggregates/AGG-PRELOAD-PACKAGE.md;05-contracts/asyncapi-slc11.md;13-verification/tooling/slice-sources.md"
"EVT-PKG-READY","4","yes","03-domain/contexts/BC07/events-slc11.md;03-domain/contexts/BC07/aggregates/AGG-PRELOAD-PACKAGE.md;05-contracts/asyncapi-slc11.md;13-verification/tooling/slice-sources.md"
"EVT-PKG-REQUESTED","7","yes","03-domain/contexts/BC07/commands-slc11.md;03-domain/contexts/BC07/events-slc11.md;03-domain/contexts/BC07/aggregates/AGG-PRELOAD-PACKAGE.md;05-contracts/asyncapi-slc11.md;05-contracts/openapi-field-slc11.md;13-verification/acceptance/SLC-11/preload-package-state-machine.md;13-verification/tooling/slice-sources.md"
"EVT-PKG-REVOKED","7","yes","03-domain/contexts/BC07/commands-slc11.md;03-domain/contexts/BC07/events-slc11.md;03-domain/contexts/BC07/aggregates/AGG-PRELOAD-PACKAGE.md;05-contracts/asyncapi-slc11.md;05-contracts/openapi-field-slc11.md;13-verification/acceptance/SLC-11/preload-package-state-machine.md;13-verification/tooling/slice-sources.md"
"EVT-PLN-ACTIVATED","4","yes","03-domain/contexts/BC04/events-slc08.md;03-domain/contexts/BC04/aggregates/AGG-PLAN.md;05-contracts/asyncapi-slc08.md;13-verification/tooling/slice-sources.md"
"EVT-PLN-CANCELLED","7","yes","03-domain/contexts/BC04/commands-slc08.md;03-domain/contexts/BC04/events-slc08.md;03-domain/contexts/BC04/aggregates/AGG-PLAN.md;05-contracts/asyncapi-slc08.md;05-contracts/openapi-operations-slc08.md;13-verification/acceptance/SLC-08/plan-state-machine.md;13-verification/tooling/slice-sources.md"
"EVT-PLN-CLOSED","7","yes","03-domain/contexts/BC04/commands-slc08.md;03-domain/contexts/BC04/events-slc08.md;03-domain/contexts/BC04/aggregates/AGG-PLAN.md;05-contracts/asyncapi-slc08.md;05-contracts/openapi-operations-slc08.md;13-verification/acceptance/SLC-08/plan-state-machine.md;13-verification/tooling/slice-sources.md"
"EVT-PLN-COMPLETED","7","yes","03-domain/contexts/BC04/commands-slc08.md;03-domain/contexts/BC04/events-slc08.md;03-domain/contexts/BC04/aggregates/AGG-PLAN.md;05-contracts/asyncapi-slc08.md;05-contracts/openapi-operations-slc08.md;13-verification/acceptance/SLC-08/plan-state-machine.md;13-verification/tooling/slice-sources.md"
"EVT-PLN-CREATED","7","yes","03-domain/contexts/BC04/commands-slc08.md;03-domain/contexts/BC04/events-slc08.md;03-domain/contexts/BC04/aggregates/AGG-PLAN.md;05-contracts/asyncapi-slc08.md;05-contracts/openapi-operations-slc08.md;13-verification/acceptance/SLC-08/plan-state-machine.md;13-verification/tooling/slice-sources.md"
"EVT-PLN-RECLASSIFIED","7","yes","03-domain/contexts/BC04/commands-slc08.md;03-domain/contexts/BC04/events-slc08.md;03-domain/contexts/BC04/aggregates/AGG-PLAN.md;05-contracts/asyncapi-slc08.md;05-contracts/openapi-operations-slc08.md;13-verification/acceptance/SLC-08/plan-state-machine.md;13-verification/tooling/slice-sources.md"
"EVT-PLN-RESUMED","7","yes","03-domain/contexts/BC04/commands-slc08.md;03-domain/contexts/BC04/events-slc08.md;03-domain/contexts/BC04/aggregates/AGG-PLAN.md;05-contracts/asyncapi-slc08.md;05-contracts/openapi-operations-slc08.md;13-verification/acceptance/SLC-08/plan-state-machine.md;13-verification/tooling/slice-sources.md"
"EVT-PLN-REVIEW-FLAGGED","4","yes","03-domain/contexts/BC04/events-slc08.md;03-domain/contexts/BC04/aggregates/AGG-PLAN.md;05-contracts/asyncapi-slc08.md;13-verification/tooling/slice-sources.md"
"EVT-PLN-SUSPENDED","7","yes","03-domain/contexts/BC04/commands-slc08.md;03-domain/contexts/BC04/events-slc08.md;03-domain/contexts/BC04/aggregates/AGG-PLAN.md;05-contracts/asyncapi-slc08.md;05-contracts/openapi-operations-slc08.md;13-verification/acceptance/SLC-08/plan-state-machine.md;13-verification/tooling/slice-sources.md"
"EVT-PLV-BASELINED","9","yes","03-domain/contexts/BC04/commands-slc08.md;03-domain/contexts/BC04/decision-plan-spec.md;03-domain/contexts/BC04/events-slc08.md;03-domain/contexts/BC04/aggregates/AGG-PLAN-VERSION.md;03-domain/contexts/BC04/aggregates/AGG-PLAN.md;05-contracts/asyncapi-slc08.md;05-contracts/openapi-operations-slc08.md;13-verification/acceptance/SLC-08/plan-version-state-machine.md;13-verification/tooling/slice-sources.md"
"EVT-PLV-DISCARDED","7","yes","03-domain/contexts/BC04/commands-slc08.md;03-domain/contexts/BC04/events-slc08.md;03-domain/contexts/BC04/aggregates/AGG-PLAN-VERSION.md;05-contracts/asyncapi-slc08.md;05-contracts/openapi-operations-slc08.md;13-verification/acceptance/SLC-08/plan-version-state-machine.md;13-verification/tooling/slice-sources.md"
"EVT-PLV-DRAFTED","7","yes","03-domain/contexts/BC04/commands-slc08.md;03-domain/contexts/BC04/events-slc08.md;03-domain/contexts/BC04/aggregates/AGG-PLAN-VERSION.md;05-contracts/asyncapi-slc08.md;05-contracts/openapi-operations-slc08.md;13-verification/acceptance/SLC-08/plan-version-state-machine.md;13-verification/tooling/slice-sources.md"
"EVT-PLV-EDITED","7","yes","03-domain/contexts/BC04/commands-slc08.md;03-domain/contexts/BC04/events-slc08.md;03-domain/contexts/BC04/aggregates/AGG-PLAN-VERSION.md;05-contracts/asyncapi-slc08.md;05-contracts/openapi-operations-slc08.md;13-verification/acceptance/SLC-08/plan-version-state-machine.md;13-verification/tooling/slice-sources.md"
"EVT-PLV-MINOR-AMENDED","7","yes","03-domain/contexts/BC04/commands-slc08.md;03-domain/contexts/BC04/events-slc08.md;03-domain/contexts/BC04/aggregates/AGG-PLAN-VERSION.md;05-contracts/asyncapi-slc08.md;05-contracts/openapi-operations-slc08.md;13-verification/acceptance/SLC-08/plan-version-state-machine.md;13-verification/tooling/slice-sources.md"
"EVT-PLV-REJECTED","7","yes","03-domain/contexts/BC04/commands-slc08.md;03-domain/contexts/BC04/events-slc08.md;03-domain/contexts/BC04/aggregates/AGG-PLAN-VERSION.md;05-contracts/asyncapi-slc08.md;05-contracts/openapi-operations-slc08.md;13-verification/acceptance/SLC-08/plan-version-state-machine.md;13-verification/tooling/slice-sources.md"
"EVT-PLV-RETURNED","7","yes","03-domain/contexts/BC04/commands-slc08.md;03-domain/contexts/BC04/events-slc08.md;03-domain/contexts/BC04/aggregates/AGG-PLAN-VERSION.md;05-contracts/asyncapi-slc08.md;05-contracts/openapi-operations-slc08.md;13-verification/acceptance/SLC-08/plan-version-state-machine.md;13-verification/tooling/slice-sources.md"
"EVT-PLV-SUBMITTED","7","yes","03-domain/contexts/BC04/commands-slc08.md;03-domain/contexts/BC04/events-slc08.md;03-domain/contexts/BC04/aggregates/AGG-PLAN-VERSION.md;05-contracts/asyncapi-slc08.md;05-contracts/openapi-operations-slc08.md;13-verification/acceptance/SLC-08/plan-version-state-machine.md;13-verification/tooling/slice-sources.md"
"EVT-PLV-SUPERSEDED","4","yes","03-domain/contexts/BC04/events-slc08.md;03-domain/contexts/BC04/aggregates/AGG-PLAN-VERSION.md;05-contracts/asyncapi-slc08.md;13-verification/tooling/slice-sources.md"
"EVT-POL-ACTIVATED","4","yes","03-domain/contexts/BC08/events-slc01.md;03-domain/contexts/BC08/aggregates/AGG-POLICY-SET.md;05-contracts/asyncapi-slc01.md;13-verification/tooling/slice-sources.md"
"EVT-POL-APPROVED","7","yes","03-domain/contexts/BC08/commands-slc01.md;03-domain/contexts/BC08/events-slc01.md;03-domain/contexts/BC08/aggregates/AGG-POLICY-SET.md;05-contracts/asyncapi-slc01.md;05-contracts/openapi-governance-slc01.md;13-verification/acceptance/SLC-01/policy-set-state-machine.md;13-verification/tooling/slice-sources.md"
"EVT-POL-DRAFTED","7","yes","03-domain/contexts/BC08/commands-slc01.md;03-domain/contexts/BC08/events-slc01.md;03-domain/contexts/BC08/aggregates/AGG-POLICY-SET.md;05-contracts/asyncapi-slc01.md;05-contracts/openapi-governance-slc01.md;13-verification/acceptance/SLC-01/policy-set-state-machine.md;13-verification/tooling/slice-sources.md"
"EVT-POL-EDITED","7","yes","03-domain/contexts/BC08/commands-slc01.md;03-domain/contexts/BC08/events-slc01.md;03-domain/contexts/BC08/aggregates/AGG-POLICY-SET.md;05-contracts/asyncapi-slc01.md;05-contracts/openapi-governance-slc01.md;13-verification/acceptance/SLC-01/policy-set-state-machine.md;13-verification/tooling/slice-sources.md"
"EVT-POL-REJECTED","7","yes","03-domain/contexts/BC08/commands-slc01.md;03-domain/contexts/BC08/events-slc01.md;03-domain/contexts/BC08/aggregates/AGG-POLICY-SET.md;05-contracts/asyncapi-slc01.md;05-contracts/openapi-governance-slc01.md;13-verification/acceptance/SLC-01/policy-set-state-machine.md;13-verification/tooling/slice-sources.md"
"EVT-POL-SUBMITTED","7","yes","03-domain/contexts/BC08/commands-slc01.md;03-domain/contexts/BC08/events-slc01.md;03-domain/contexts/BC08/aggregates/AGG-POLICY-SET.md;05-contracts/asyncapi-slc01.md;05-contracts/openapi-governance-slc01.md;13-verification/acceptance/SLC-01/policy-set-state-machine.md;13-verification/tooling/slice-sources.md"
"EVT-POL-SUPERSEDED","4","yes","03-domain/contexts/BC08/events-slc01.md;03-domain/contexts/BC08/aggregates/AGG-POLICY-SET.md;05-contracts/asyncapi-slc01.md;13-verification/tooling/slice-sources.md"
"EVT-PRD-APPROVED","7","yes","03-domain/contexts/BC06/commands-slc12.md;03-domain/contexts/BC06/events-slc12.md;03-domain/contexts/BC06/aggregates/AGG-PRODUCT.md;05-contracts/asyncapi-slc12.md;05-contracts/openapi-knowledge-slc12.md;13-verification/acceptance/SLC-12/product-state-machine.md;13-verification/tooling/slice-sources.md"
"EVT-PRD-CREATED","7","yes","03-domain/contexts/BC06/commands-slc12.md;03-domain/contexts/BC06/events-slc12.md;03-domain/contexts/BC06/aggregates/AGG-PRODUCT.md;05-contracts/asyncapi-slc12.md;05-contracts/openapi-knowledge-slc12.md;13-verification/acceptance/SLC-12/product-state-machine.md;13-verification/tooling/slice-sources.md"
"EVT-PRD-DISCARDED","7","yes","03-domain/contexts/BC06/commands-slc12.md;03-domain/contexts/BC06/events-slc12.md;03-domain/contexts/BC06/aggregates/AGG-PRODUCT.md;05-contracts/asyncapi-slc12.md;05-contracts/openapi-knowledge-slc12.md;13-verification/acceptance/SLC-12/product-state-machine.md;13-verification/tooling/slice-sources.md"
"EVT-PRD-GENERATED","4","yes","03-domain/contexts/BC06/events-slc12.md;03-domain/contexts/BC06/aggregates/AGG-PRODUCT.md;05-contracts/asyncapi-slc12.md;13-verification/tooling/slice-sources.md"
"EVT-PRD-GENERATION-FAILED","4","yes","03-domain/contexts/BC06/events-slc12.md;03-domain/contexts/BC06/aggregates/AGG-PRODUCT.md;05-contracts/asyncapi-slc12.md;13-verification/tooling/slice-sources.md"
"EVT-PRD-GENERATION-STARTED","7","yes","03-domain/contexts/BC06/commands-slc12.md;03-domain/contexts/BC06/events-slc12.md;03-domain/contexts/BC06/aggregates/AGG-PRODUCT.md;05-contracts/asyncapi-slc12.md;05-contracts/openapi-knowledge-slc12.md;13-verification/acceptance/SLC-12/product-state-machine.md;13-verification/tooling/slice-sources.md"
"EVT-PRD-NARRATIVE-EDITED","7","yes","03-domain/contexts/BC06/commands-slc12.md;03-domain/contexts/BC06/events-slc12.md;03-domain/contexts/BC06/aggregates/AGG-PRODUCT.md;05-contracts/asyncapi-slc12.md;05-contracts/openapi-knowledge-slc12.md;13-verification/acceptance/SLC-12/product-state-machine.md;13-verification/tooling/slice-sources.md"
"EVT-PRD-RETURNED","7","yes","03-domain/contexts/BC06/commands-slc12.md;03-domain/contexts/BC06/events-slc12.md;03-domain/contexts/BC06/aggregates/AGG-PRODUCT.md;05-contracts/asyncapi-slc12.md;05-contracts/openapi-knowledge-slc12.md;13-verification/acceptance/SLC-12/product-state-machine.md;13-verification/tooling/slice-sources.md"
"EVT-PRD-SUBMITTED","7","yes","03-domain/contexts/BC06/commands-slc12.md;03-domain/contexts/BC06/events-slc12.md;03-domain/contexts/BC06/aggregates/AGG-PRODUCT.md;05-contracts/asyncapi-slc12.md;05-contracts/openapi-knowledge-slc12.md;13-verification/acceptance/SLC-12/product-state-machine.md;13-verification/tooling/slice-sources.md"
"EVT-PRD-SUPERSEDED","4","yes","03-domain/contexts/BC06/events-slc12.md;03-domain/contexts/BC06/aggregates/AGG-PRODUCT.md;05-contracts/asyncapi-slc12.md;13-verification/tooling/slice-sources.md"
"EVT-PRD-WITHDRAWN","7","yes","03-domain/contexts/BC06/commands-slc12.md;03-domain/contexts/BC06/events-slc12.md;03-domain/contexts/BC06/aggregates/AGG-PRODUCT.md;05-contracts/asyncapi-slc12.md;05-contracts/openapi-knowledge-slc12.md;13-verification/acceptance/SLC-12/product-state-machine.md;13-verification/tooling/slice-sources.md"
"EVT-PRJ-BUILD-STARTED","7","yes","03-domain/contexts/BC07/commands-slc05.md;03-domain/contexts/BC07/events-slc05.md;03-domain/contexts/BC07/aggregates/AGG-PROJECTION-VERSION.md;05-contracts/asyncapi-slc05.md;05-contracts/openapi-discovery-slc05.md;13-verification/acceptance/SLC-05/projection-version-state-machine.md;13-verification/tooling/slice-sources.md"
"EVT-PRJ-DEGRADED","4","yes","03-domain/contexts/BC07/events-slc05.md;03-domain/contexts/BC07/aggregates/AGG-PROJECTION-VERSION.md;05-contracts/asyncapi-slc05.md;13-verification/tooling/slice-sources.md"
"EVT-PRJ-FAILED","7","yes","03-domain/contexts/BC07/commands-slc05.md;03-domain/contexts/BC07/events-slc05.md;03-domain/contexts/BC07/aggregates/AGG-PROJECTION-VERSION.md;05-contracts/asyncapi-slc05.md;05-contracts/openapi-discovery-slc05.md;13-verification/acceptance/SLC-05/projection-version-state-machine.md;13-verification/tooling/slice-sources.md"
"EVT-PRJ-PROMOTED","7","yes","03-domain/contexts/BC07/commands-slc05.md;03-domain/contexts/BC07/events-slc05.md;03-domain/contexts/BC07/aggregates/AGG-PROJECTION-VERSION.md;05-contracts/asyncapi-slc05.md;05-contracts/openapi-discovery-slc05.md;13-verification/acceptance/SLC-05/projection-version-state-machine.md;13-verification/tooling/slice-sources.md"
"EVT-PRJ-READY","4","yes","03-domain/contexts/BC07/events-slc05.md;03-domain/contexts/BC07/aggregates/AGG-PROJECTION-VERSION.md;05-contracts/asyncapi-slc05.md;13-verification/tooling/slice-sources.md"
"EVT-PRJ-RECOVERED","4","yes","03-domain/contexts/BC07/events-slc05.md;03-domain/contexts/BC07/aggregates/AGG-PROJECTION-VERSION.md;05-contracts/asyncapi-slc05.md;13-verification/tooling/slice-sources.md"
"EVT-PRJ-RETIRED","7","yes","03-domain/contexts/BC07/commands-slc05.md;03-domain/contexts/BC07/events-slc05.md;03-domain/contexts/BC07/aggregates/AGG-PROJECTION-VERSION.md;05-contracts/asyncapi-slc05.md;05-contracts/openapi-discovery-slc05.md;13-verification/acceptance/SLC-05/projection-version-state-machine.md;13-verification/tooling/slice-sources.md"
"EVT-PTM-ACTIVATED","7","yes","03-domain/contexts/BC06/commands-slc12.md;03-domain/contexts/BC06/events-slc12.md;03-domain/contexts/BC06/aggregates/AGG-PRODUCT-TEMPLATE.md;05-contracts/asyncapi-slc12.md;05-contracts/openapi-knowledge-slc12.md;13-verification/acceptance/SLC-12/product-template-state-machine.md;13-verification/tooling/slice-sources.md"
"EVT-PTM-DEFINED","7","yes","03-domain/contexts/BC06/commands-slc12.md;03-domain/contexts/BC06/events-slc12.md;03-domain/contexts/BC06/aggregates/AGG-PRODUCT-TEMPLATE.md;05-contracts/asyncapi-slc12.md;05-contracts/openapi-knowledge-slc12.md;13-verification/acceptance/SLC-12/product-template-state-machine.md;13-verification/tooling/slice-sources.md"
"EVT-PTM-EDITED","7","yes","03-domain/contexts/BC06/commands-slc12.md;03-domain/contexts/BC06/events-slc12.md;03-domain/contexts/BC06/aggregates/AGG-PRODUCT-TEMPLATE.md;05-contracts/asyncapi-slc12.md;05-contracts/openapi-knowledge-slc12.md;13-verification/acceptance/SLC-12/product-template-state-machine.md;13-verification/tooling/slice-sources.md"
"EVT-PTM-RETIRED","7","yes","03-domain/contexts/BC06/commands-slc12.md;03-domain/contexts/BC06/events-slc12.md;03-domain/contexts/BC06/aggregates/AGG-PRODUCT-TEMPLATE.md;05-contracts/asyncapi-slc12.md;05-contracts/openapi-knowledge-slc12.md;13-verification/acceptance/SLC-12/product-template-state-machine.md;13-verification/tooling/slice-sources.md"
"EVT-QUAL-EXPIRED","4","yes","03-domain/contexts/BC05/events-slc03.md;03-domain/contexts/BC05/aggregates/AGG-QUALIFICATION-RECORD.md;05-contracts/asyncapi-slc03.md;13-verification/tooling/slice-sources.md"
"EVT-QUAL-RECORDED","7","yes","03-domain/contexts/BC05/commands-slc03.md;03-domain/contexts/BC05/events-slc03.md;03-domain/contexts/BC05/aggregates/AGG-QUALIFICATION-RECORD.md;05-contracts/asyncapi-slc03.md;05-contracts/openapi-readiness-slc03.md;13-verification/acceptance/SLC-03/qualification-record-state-machine.md;13-verification/tooling/slice-sources.md"
"EVT-QUAL-REINSTATED","7","yes","03-domain/contexts/BC05/commands-slc03.md;03-domain/contexts/BC05/events-slc03.md;03-domain/contexts/BC05/aggregates/AGG-QUALIFICATION-RECORD.md;05-contracts/asyncapi-slc03.md;05-contracts/openapi-readiness-slc03.md;13-verification/acceptance/SLC-03/qualification-record-state-machine.md;13-verification/tooling/slice-sources.md"
"EVT-QUAL-RENEWED","7","yes","03-domain/contexts/BC05/commands-slc03.md;03-domain/contexts/BC05/events-slc03.md;03-domain/contexts/BC05/aggregates/AGG-QUALIFICATION-RECORD.md;05-contracts/asyncapi-slc03.md;05-contracts/openapi-readiness-slc03.md;13-verification/acceptance/SLC-03/qualification-record-state-machine.md;13-verification/tooling/slice-sources.md"
"EVT-QUAL-REVOKED","7","yes","03-domain/contexts/BC05/commands-slc03.md;03-domain/contexts/BC05/events-slc03.md;03-domain/contexts/BC05/aggregates/AGG-QUALIFICATION-RECORD.md;05-contracts/asyncapi-slc03.md;05-contracts/openapi-readiness-slc03.md;13-verification/acceptance/SLC-03/qualification-record-state-machine.md;13-verification/tooling/slice-sources.md"
"EVT-QUAL-SUSPENDED","7","yes","03-domain/contexts/BC05/commands-slc03.md;03-domain/contexts/BC05/events-slc03.md;03-domain/contexts/BC05/aggregates/AGG-QUALIFICATION-RECORD.md;05-contracts/asyncapi-slc03.md;05-contracts/openapi-readiness-slc03.md;13-verification/acceptance/SLC-03/qualification-record-state-machine.md;13-verification/tooling/slice-sources.md"
"EVT-RAS-ASSIGNED","7","yes","03-domain/contexts/BC01/commands-slc01.md;03-domain/contexts/BC01/events-slc01.md;03-domain/contexts/BC01/aggregates/AGG-ROLE-ASSIGNMENT.md;05-contracts/asyncapi-slc01.md;05-contracts/openapi-foundation-slc01.md;13-verification/acceptance/SLC-01/role-assignment-state-machine.md;13-verification/tooling/slice-sources.md"
"EVT-RAS-EXPIRED","4","yes","03-domain/contexts/BC01/events-slc01.md;03-domain/contexts/BC01/aggregates/AGG-ROLE-ASSIGNMENT.md;05-contracts/asyncapi-slc01.md;13-verification/tooling/slice-sources.md"
"EVT-RAS-REVOKED","7","yes","03-domain/contexts/BC01/commands-slc01.md;03-domain/contexts/BC01/events-slc01.md;03-domain/contexts/BC01/aggregates/AGG-ROLE-ASSIGNMENT.md;05-contracts/asyncapi-slc01.md;05-contracts/openapi-foundation-slc01.md;13-verification/acceptance/SLC-01/role-assignment-state-machine.md;13-verification/tooling/slice-sources.md"
"EVT-REC-CANCELLED","7","yes","03-domain/contexts/BC06/commands-slc12.md;03-domain/contexts/BC06/events-slc12.md;03-domain/contexts/BC06/aggregates/AGG-RECONSTRUCTION.md;05-contracts/asyncapi-slc12.md;05-contracts/openapi-knowledge-slc12.md;13-verification/acceptance/SLC-12/reconstruction-state-machine.md;13-verification/tooling/slice-sources.md"
"EVT-REC-COMPLETED","4","yes","03-domain/contexts/BC06/events-slc12.md;03-domain/contexts/BC06/aggregates/AGG-RECONSTRUCTION.md;05-contracts/asyncapi-slc12.md;13-verification/tooling/slice-sources.md"
"EVT-REC-FAILED","4","yes","03-domain/contexts/BC06/events-slc12.md;03-domain/contexts/BC06/aggregates/AGG-RECONSTRUCTION.md;05-contracts/asyncapi-slc12.md;13-verification/tooling/slice-sources.md"
"EVT-REC-REQUESTED","7","yes","03-domain/contexts/BC06/commands-slc12.md;03-domain/contexts/BC06/events-slc12.md;03-domain/contexts/BC06/aggregates/AGG-RECONSTRUCTION.md;05-contracts/asyncapi-slc12.md;05-contracts/openapi-knowledge-slc12.md;13-verification/acceptance/SLC-12/reconstruction-state-machine.md;13-verification/tooling/slice-sources.md"
"EVT-REC-STARTED","4","yes","03-domain/contexts/BC06/events-slc12.md;03-domain/contexts/BC06/aggregates/AGG-RECONSTRUCTION.md;05-contracts/asyncapi-slc12.md;13-verification/tooling/slice-sources.md"
"EVT-REL-RECLASSIFIED","7","yes","03-domain/contexts/BC02/commands-slc02.md;03-domain/contexts/BC02/events-slc02.md;03-domain/contexts/BC02/aggregates/AGG-RELATIONSHIP.md;05-contracts/asyncapi-slc02.md;05-contracts/openapi-information-slc02.md;13-verification/acceptance/SLC-02/relationship-state-machine.md;13-verification/tooling/slice-sources.md"
"EVT-REL-REGISTERED","7","yes","03-domain/contexts/BC02/commands-slc02.md;03-domain/contexts/BC02/events-slc02.md;03-domain/contexts/BC02/aggregates/AGG-RELATIONSHIP.md;05-contracts/asyncapi-slc02.md;05-contracts/openapi-information-slc02.md;13-verification/acceptance/SLC-02/relationship-state-machine.md;13-verification/tooling/slice-sources.md"
"EVT-REL-REINSTATED","7","yes","03-domain/contexts/BC02/commands-slc02.md;03-domain/contexts/BC02/events-slc02.md;03-domain/contexts/BC02/aggregates/AGG-RELATIONSHIP.md;05-contracts/asyncapi-slc02.md;05-contracts/openapi-information-slc02.md;13-verification/acceptance/SLC-02/relationship-state-machine.md;13-verification/tooling/slice-sources.md"
"EVT-REL-RETIRED","7","yes","03-domain/contexts/BC02/commands-slc02.md;03-domain/contexts/BC02/events-slc02.md;03-domain/contexts/BC02/aggregates/AGG-RELATIONSHIP.md;05-contracts/asyncapi-slc02.md;05-contracts/openapi-information-slc02.md;13-verification/acceptance/SLC-02/relationship-state-machine.md;13-verification/tooling/slice-sources.md"
"EVT-RIS-ASSESSED","7","yes","03-domain/contexts/BC04/commands-slc17.md;03-domain/contexts/BC04/events-slc17.md;03-domain/contexts/BC04/aggregates/AGG-RISK.md;05-contracts/asyncapi-slc17.md;05-contracts/openapi-operations-slc17.md;13-verification/acceptance/SLC-17/risk-state-machine.md;13-verification/tooling/slice-sources.md"
"EVT-RIS-CLOSED","7","yes","03-domain/contexts/BC04/commands-slc17.md;03-domain/contexts/BC04/events-slc17.md;03-domain/contexts/BC04/aggregates/AGG-RISK.md;05-contracts/asyncapi-slc17.md;05-contracts/openapi-operations-slc17.md;13-verification/acceptance/SLC-17/risk-state-machine.md;13-verification/tooling/slice-sources.md"
"EVT-RIS-IDENTIFIED","7","yes","03-domain/contexts/BC04/commands-slc17.md;03-domain/contexts/BC04/events-slc17.md;03-domain/contexts/BC04/aggregates/AGG-RISK.md;05-contracts/asyncapi-slc17.md;05-contracts/openapi-operations-slc17.md;13-verification/acceptance/SLC-17/risk-state-machine.md;13-verification/tooling/slice-sources.md"
"EVT-RIS-MATERIALIZATION-LINKED","4","yes","03-domain/contexts/BC04/events-slc17.md;03-domain/contexts/BC04/aggregates/AGG-RISK.md;05-contracts/asyncapi-slc17.md;13-verification/tooling/slice-sources.md"
"EVT-RIS-REASSESSED","7","yes","03-domain/contexts/BC04/commands-slc17.md;03-domain/contexts/BC04/events-slc17.md;03-domain/contexts/BC04/aggregates/AGG-RISK.md;05-contracts/asyncapi-slc17.md;05-contracts/openapi-operations-slc17.md;13-verification/acceptance/SLC-17/risk-state-machine.md;13-verification/tooling/slice-sources.md"
"EVT-RIS-TREATMENT-PLANNED","7","yes","03-domain/contexts/BC04/commands-slc17.md;03-domain/contexts/BC04/events-slc17.md;03-domain/contexts/BC04/aggregates/AGG-RISK.md;05-contracts/asyncapi-slc17.md;05-contracts/openapi-operations-slc17.md;13-verification/acceptance/SLC-17/risk-state-machine.md;13-verification/tooling/slice-sources.md"
"EVT-ROL-ACTIVATED","7","yes","03-domain/contexts/BC01/commands-slc01.md;03-domain/contexts/BC01/events-slc01.md;03-domain/contexts/BC01/aggregates/AGG-ROLE.md;05-contracts/asyncapi-slc01.md;05-contracts/openapi-foundation-slc01.md;13-verification/acceptance/SLC-01/role-state-machine.md;13-verification/tooling/slice-sources.md"
"EVT-ROL-DEFINED","7","yes","03-domain/contexts/BC01/commands-slc01.md;03-domain/contexts/BC01/events-slc01.md;03-domain/contexts/BC01/aggregates/AGG-ROLE.md;05-contracts/asyncapi-slc01.md;05-contracts/openapi-foundation-slc01.md;13-verification/acceptance/SLC-01/role-state-machine.md;13-verification/tooling/slice-sources.md"
"EVT-ROL-PERMISSIONS-CHANGED","7","yes","03-domain/contexts/BC01/commands-slc01.md;03-domain/contexts/BC01/events-slc01.md;03-domain/contexts/BC01/aggregates/AGG-ROLE.md;05-contracts/asyncapi-slc01.md;05-contracts/openapi-foundation-slc01.md;13-verification/acceptance/SLC-01/role-state-machine.md;13-verification/tooling/slice-sources.md"
"EVT-ROL-RETIRED","7","yes","03-domain/contexts/BC01/commands-slc01.md;03-domain/contexts/BC01/events-slc01.md;03-domain/contexts/BC01/aggregates/AGG-ROLE.md;05-contracts/asyncapi-slc01.md;05-contracts/openapi-foundation-slc01.md;13-verification/acceptance/SLC-01/role-state-machine.md;13-verification/tooling/slice-sources.md"
"EVT-RPL-CAPACITY-ADJUSTED","7","yes","03-domain/contexts/BC05/commands-slc09.md;03-domain/contexts/BC05/events-slc09.md;03-domain/contexts/BC05/aggregates/AGG-RESOURCE-POOL.md;05-contracts/asyncapi-slc09.md;05-contracts/openapi-readiness-slc09.md;13-verification/acceptance/SLC-09/resource-pool-state-machine.md;13-verification/tooling/slice-sources.md"
"EVT-RPL-CLOSED","7","yes","03-domain/contexts/BC05/commands-slc09.md;03-domain/contexts/BC05/events-slc09.md;03-domain/contexts/BC05/aggregates/AGG-RESOURCE-POOL.md;05-contracts/asyncapi-slc09.md;05-contracts/openapi-readiness-slc09.md;13-verification/acceptance/SLC-09/resource-pool-state-machine.md;13-verification/tooling/slice-sources.md"
"EVT-RPL-CREATED","7","yes","03-domain/contexts/BC05/commands-slc09.md;03-domain/contexts/BC05/events-slc09.md;03-domain/contexts/BC05/aggregates/AGG-RESOURCE-POOL.md;05-contracts/asyncapi-slc09.md;05-contracts/openapi-readiness-slc09.md;13-verification/acceptance/SLC-09/resource-pool-state-machine.md;13-verification/tooling/slice-sources.md"
"EVT-RPL-RESUMED","7","yes","03-domain/contexts/BC05/commands-slc09.md;03-domain/contexts/BC05/events-slc09.md;03-domain/contexts/BC05/aggregates/AGG-RESOURCE-POOL.md;05-contracts/asyncapi-slc09.md;05-contracts/openapi-readiness-slc09.md;13-verification/acceptance/SLC-09/resource-pool-state-machine.md;13-verification/tooling/slice-sources.md"
"EVT-RPL-SUSPENDED","7","yes","03-domain/contexts/BC05/commands-slc09.md;03-domain/contexts/BC05/events-slc09.md;03-domain/contexts/BC05/aggregates/AGG-RESOURCE-POOL.md;05-contracts/asyncapi-slc09.md;05-contracts/openapi-readiness-slc09.md;13-verification/acceptance/SLC-09/resource-pool-state-machine.md;13-verification/tooling/slice-sources.md"
"EVT-RRQ-ACTIVATED","7","yes","03-domain/contexts/BC05/commands-slc09.md;03-domain/contexts/BC05/events-slc09.md;03-domain/contexts/BC05/aggregates/AGG-ROLE-REQUIREMENT.md;05-contracts/asyncapi-slc09.md;05-contracts/openapi-readiness-slc09.md;13-verification/acceptance/SLC-09/role-requirement-state-machine.md;13-verification/tooling/slice-sources.md"
"EVT-RRQ-DEFINED","7","yes","03-domain/contexts/BC05/commands-slc09.md;03-domain/contexts/BC05/events-slc09.md;03-domain/contexts/BC05/aggregates/AGG-ROLE-REQUIREMENT.md;05-contracts/asyncapi-slc09.md;05-contracts/openapi-readiness-slc09.md;13-verification/acceptance/SLC-09/role-requirement-state-machine.md;13-verification/tooling/slice-sources.md"
"EVT-RRQ-EDITED","7","yes","03-domain/contexts/BC05/commands-slc09.md;03-domain/contexts/BC05/events-slc09.md;03-domain/contexts/BC05/aggregates/AGG-ROLE-REQUIREMENT.md;05-contracts/asyncapi-slc09.md;05-contracts/openapi-readiness-slc09.md;13-verification/acceptance/SLC-09/role-requirement-state-machine.md;13-verification/tooling/slice-sources.md"
"EVT-RRQ-RETIRED","7","yes","03-domain/contexts/BC05/commands-slc09.md;03-domain/contexts/BC05/events-slc09.md;03-domain/contexts/BC05/aggregates/AGG-ROLE-REQUIREMENT.md;05-contracts/asyncapi-slc09.md;05-contracts/openapi-readiness-slc09.md;13-verification/acceptance/SLC-09/role-requirement-state-machine.md;13-verification/tooling/slice-sources.md"
"EVT-RSV-CANCELLED","7","yes","03-domain/contexts/BC05/commands-slc09.md;03-domain/contexts/BC05/events-slc09.md;03-domain/contexts/BC05/aggregates/AGG-ASSET-RESERVATION.md;05-contracts/asyncapi-slc09.md;05-contracts/openapi-readiness-slc09.md;13-verification/acceptance/SLC-09/asset-reservation-state-machine.md;13-verification/tooling/slice-sources.md"
"EVT-RSV-CONFIRMED","7","yes","03-domain/contexts/BC05/commands-slc09.md;03-domain/contexts/BC05/events-slc09.md;03-domain/contexts/BC05/aggregates/AGG-ASSET-RESERVATION.md;05-contracts/asyncapi-slc09.md;05-contracts/openapi-readiness-slc09.md;13-verification/acceptance/SLC-09/asset-reservation-state-machine.md;13-verification/tooling/slice-sources.md"
"EVT-RSV-EXPIRED","4","yes","03-domain/contexts/BC05/events-slc09.md;03-domain/contexts/BC05/aggregates/AGG-ASSET-RESERVATION.md;05-contracts/asyncapi-slc09.md;13-verification/tooling/slice-sources.md"
"EVT-RSV-HELD","7","yes","03-domain/contexts/BC05/commands-slc09.md;03-domain/contexts/BC05/events-slc09.md;03-domain/contexts/BC05/aggregates/AGG-ASSET-RESERVATION.md;05-contracts/asyncapi-slc09.md;05-contracts/openapi-readiness-slc09.md;13-verification/acceptance/SLC-09/asset-reservation-state-machine.md;13-verification/tooling/slice-sources.md"
"EVT-RSV-RELEASED","7","yes","03-domain/contexts/BC05/commands-slc09.md;03-domain/contexts/BC05/events-slc09.md;03-domain/contexts/BC05/aggregates/AGG-ASSET-RESERVATION.md;05-contracts/asyncapi-slc09.md;05-contracts/openapi-readiness-slc09.md;13-verification/acceptance/SLC-09/asset-reservation-state-machine.md;13-verification/tooling/slice-sources.md"
"EVT-RTG-ACTIVATED","7","yes","03-domain/contexts/BC07/commands-slc10.md;03-domain/contexts/BC07/events-slc10.md;03-domain/contexts/BC07/aggregates/AGG-AI-ROUTING.md;05-contracts/asyncapi-slc10.md;05-contracts/openapi-ai-slc10.md;13-verification/acceptance/SLC-10/ai-routing-state-machine.md;13-verification/tooling/slice-sources.md"
"EVT-RTG-DISCARDED","7","yes","03-domain/contexts/BC07/commands-slc10.md;03-domain/contexts/BC07/events-slc10.md;03-domain/contexts/BC07/aggregates/AGG-AI-ROUTING.md;05-contracts/asyncapi-slc10.md;05-contracts/openapi-ai-slc10.md;13-verification/acceptance/SLC-10/ai-routing-state-machine.md;13-verification/tooling/slice-sources.md"
"EVT-RTG-DRAFTED","7","yes","03-domain/contexts/BC07/commands-slc10.md;03-domain/contexts/BC07/events-slc10.md;03-domain/contexts/BC07/aggregates/AGG-AI-ROUTING.md;05-contracts/asyncapi-slc10.md;05-contracts/openapi-ai-slc10.md;13-verification/acceptance/SLC-10/ai-routing-state-machine.md;13-verification/tooling/slice-sources.md"
"EVT-RTG-EDITED","7","yes","03-domain/contexts/BC07/commands-slc10.md;03-domain/contexts/BC07/events-slc10.md;03-domain/contexts/BC07/aggregates/AGG-AI-ROUTING.md;05-contracts/asyncapi-slc10.md;05-contracts/openapi-ai-slc10.md;13-verification/acceptance/SLC-10/ai-routing-state-machine.md;13-verification/tooling/slice-sources.md"
"EVT-RTG-SUPERSEDED","4","yes","03-domain/contexts/BC07/events-slc10.md;03-domain/contexts/BC07/aggregates/AGG-AI-ROUTING.md;05-contracts/asyncapi-slc10.md;13-verification/tooling/slice-sources.md"
"EVT-RTS-ACTIVATED","7","yes","03-domain/contexts/BC08/commands-slc12a.md;03-domain/contexts/BC08/events-slc12a.md;03-domain/contexts/BC08/aggregates/AGG-RETENTION-SCHEDULE.md;05-contracts/asyncapi-slc12a.md;05-contracts/openapi-governance-slc12a.md;13-verification/acceptance/SLC-12a/retention-schedule-state-machine.md;13-verification/tooling/slice-sources.md"
"EVT-RTS-DISCARDED","7","yes","03-domain/contexts/BC08/commands-slc12a.md;03-domain/contexts/BC08/events-slc12a.md;03-domain/contexts/BC08/aggregates/AGG-RETENTION-SCHEDULE.md;05-contracts/asyncapi-slc12a.md;05-contracts/openapi-governance-slc12a.md;13-verification/acceptance/SLC-12a/retention-schedule-state-machine.md;13-verification/tooling/slice-sources.md"
"EVT-RTS-DRAFTED","7","yes","03-domain/contexts/BC08/commands-slc12a.md;03-domain/contexts/BC08/events-slc12a.md;03-domain/contexts/BC08/aggregates/AGG-RETENTION-SCHEDULE.md;05-contracts/asyncapi-slc12a.md;05-contracts/openapi-governance-slc12a.md;13-verification/acceptance/SLC-12a/retention-schedule-state-machine.md;13-verification/tooling/slice-sources.md"
"EVT-RTS-EDITED","7","yes","03-domain/contexts/BC08/commands-slc12a.md;03-domain/contexts/BC08/events-slc12a.md;03-domain/contexts/BC08/aggregates/AGG-RETENTION-SCHEDULE.md;05-contracts/asyncapi-slc12a.md;05-contracts/openapi-governance-slc12a.md;13-verification/acceptance/SLC-12a/retention-schedule-state-machine.md;13-verification/tooling/slice-sources.md"
"EVT-RTS-SUPERSEDED","4","yes","03-domain/contexts/BC08/events-slc12a.md;03-domain/contexts/BC08/aggregates/AGG-RETENTION-SCHEDULE.md;05-contracts/asyncapi-slc12a.md;13-verification/tooling/slice-sources.md"
"EVT-RUN-CANCELLED","7","yes","03-domain/contexts/BC03/commands-slc07.md;03-domain/contexts/BC03/events-slc07.md;03-domain/contexts/BC03/aggregates/AGG-ANALYSIS-RUN.md;05-contracts/asyncapi-slc07.md;05-contracts/openapi-intelligence-slc07.md;13-verification/acceptance/SLC-07/analysis-run-state-machine.md;13-verification/tooling/slice-sources.md"
"EVT-RUN-FAILED","4","yes","03-domain/contexts/BC03/events-slc07.md;03-domain/contexts/BC03/aggregates/AGG-ANALYSIS-RUN.md;05-contracts/asyncapi-slc07.md;13-verification/tooling/slice-sources.md"
"EVT-RUN-QUEUED","7","yes","03-domain/contexts/BC03/commands-slc07.md;03-domain/contexts/BC03/events-slc07.md;03-domain/contexts/BC03/aggregates/AGG-ANALYSIS-RUN.md;05-contracts/asyncapi-slc07.md;05-contracts/openapi-intelligence-slc07.md;13-verification/acceptance/SLC-07/analysis-run-state-machine.md;13-verification/tooling/slice-sources.md"
"EVT-RUN-STARTED","4","yes","03-domain/contexts/BC03/events-slc07.md;03-domain/contexts/BC03/aggregates/AGG-ANALYSIS-RUN.md;05-contracts/asyncapi-slc07.md;13-verification/tooling/slice-sources.md"
"EVT-RUN-SUCCEEDED","4","yes","03-domain/contexts/BC03/events-slc07.md;03-domain/contexts/BC03/aggregates/AGG-ANALYSIS-RUN.md;05-contracts/asyncapi-slc07.md;13-verification/tooling/slice-sources.md"
"EVT-RWE-RECLASSIFIED","7","yes","03-domain/contexts/BC02/commands-slc02.md;03-domain/contexts/BC02/events-slc02.md;03-domain/contexts/BC02/aggregates/AGG-REALWORLD-EVENT.md;05-contracts/asyncapi-slc02.md;05-contracts/openapi-information-slc02.md;13-verification/acceptance/SLC-02/realworld-event-state-machine.md;13-verification/tooling/slice-sources.md"
"EVT-RWE-REGISTERED","7","yes","03-domain/contexts/BC02/commands-slc02.md;03-domain/contexts/BC02/events-slc02.md;03-domain/contexts/BC02/aggregates/AGG-REALWORLD-EVENT.md;05-contracts/asyncapi-slc02.md;05-contracts/openapi-information-slc02.md;13-verification/acceptance/SLC-02/realworld-event-state-machine.md;13-verification/tooling/slice-sources.md"
"EVT-RWE-REINSTATED","7","yes","03-domain/contexts/BC02/commands-slc02.md;03-domain/contexts/BC02/events-slc02.md;03-domain/contexts/BC02/aggregates/AGG-REALWORLD-EVENT.md;05-contracts/asyncapi-slc02.md;05-contracts/openapi-information-slc02.md;13-verification/acceptance/SLC-02/realworld-event-state-machine.md;13-verification/tooling/slice-sources.md"
"EVT-RWE-RETIRED","7","yes","03-domain/contexts/BC02/commands-slc02.md;03-domain/contexts/BC02/events-slc02.md;03-domain/contexts/BC02/aggregates/AGG-REALWORLD-EVENT.md;05-contracts/asyncapi-slc02.md;05-contracts/openapi-information-slc02.md;13-verification/acceptance/SLC-02/realworld-event-state-machine.md;13-verification/tooling/slice-sources.md"
"EVT-RWE-TYPE-CHANGED","7","yes","03-domain/contexts/BC02/commands-slc02.md;03-domain/contexts/BC02/events-slc02.md;03-domain/contexts/BC02/aggregates/AGG-REALWORLD-EVENT.md;05-contracts/asyncapi-slc02.md;05-contracts/openapi-information-slc02.md;13-verification/acceptance/SLC-02/realworld-event-state-machine.md;13-verification/tooling/slice-sources.md"
"EVT-SCF-ASSIGNED","7","yes","03-domain/contexts/BC07/commands-slc11.md;03-domain/contexts/BC07/events-slc11.md;03-domain/contexts/BC07/aggregates/AGG-SYNC-CONFLICT.md;05-contracts/asyncapi-slc11.md;05-contracts/openapi-field-slc11.md;13-verification/acceptance/SLC-11/sync-conflict-state-machine.md;13-verification/tooling/slice-sources.md"
"EVT-SCF-DISCARDED","7","yes","03-domain/contexts/BC07/commands-slc11.md;03-domain/contexts/BC07/events-slc11.md;03-domain/contexts/BC07/aggregates/AGG-SYNC-CONFLICT.md;05-contracts/asyncapi-slc11.md;05-contracts/openapi-field-slc11.md;13-verification/acceptance/SLC-11/sync-conflict-state-machine.md;13-verification/tooling/slice-sources.md"
"EVT-SCF-OPENED","4","yes","03-domain/contexts/BC07/events-slc11.md;03-domain/contexts/BC07/aggregates/AGG-SYNC-CONFLICT.md;05-contracts/asyncapi-slc11.md;13-verification/tooling/slice-sources.md"
"EVT-SCF-REAPPLIED","7","yes","03-domain/contexts/BC07/commands-slc11.md;03-domain/contexts/BC07/events-slc11.md;03-domain/contexts/BC07/aggregates/AGG-SYNC-CONFLICT.md;05-contracts/asyncapi-slc11.md;05-contracts/openapi-field-slc11.md;13-verification/acceptance/SLC-11/sync-conflict-state-machine.md;13-verification/tooling/slice-sources.md"
"EVT-SCF-RESOLVED-MANUALLY","7","yes","03-domain/contexts/BC07/commands-slc11.md;03-domain/contexts/BC07/events-slc11.md;03-domain/contexts/BC07/aggregates/AGG-SYNC-CONFLICT.md;05-contracts/asyncapi-slc11.md;05-contracts/openapi-field-slc11.md;13-verification/acceptance/SLC-11/sync-conflict-state-machine.md;13-verification/tooling/slice-sources.md"
"EVT-SCN-ACTIVATED","7","yes","03-domain/contexts/BC05/commands-slc19.md;03-domain/contexts/BC05/events-slc19.md;03-domain/contexts/BC05/aggregates/AGG-SCENARIO.md;05-contracts/asyncapi-slc19.md;05-contracts/openapi-readiness-slc19.md;13-verification/acceptance/SLC-19/scenario-state-machine.md;13-verification/tooling/slice-sources.md"
"EVT-SCN-DEFINED","7","yes","03-domain/contexts/BC05/commands-slc19.md;03-domain/contexts/BC05/events-slc19.md;03-domain/contexts/BC05/aggregates/AGG-SCENARIO.md;05-contracts/asyncapi-slc19.md;05-contracts/openapi-readiness-slc19.md;13-verification/acceptance/SLC-19/scenario-state-machine.md;13-verification/tooling/slice-sources.md"
"EVT-SCN-EDITED","7","yes","03-domain/contexts/BC05/commands-slc19.md;03-domain/contexts/BC05/events-slc19.md;03-domain/contexts/BC05/aggregates/AGG-SCENARIO.md;05-contracts/asyncapi-slc19.md;05-contracts/openapi-readiness-slc19.md;13-verification/acceptance/SLC-19/scenario-state-machine.md;13-verification/tooling/slice-sources.md"
"EVT-SCN-RETIRED","7","yes","03-domain/contexts/BC05/commands-slc19.md;03-domain/contexts/BC05/events-slc19.md;03-domain/contexts/BC05/aggregates/AGG-SCENARIO.md;05-contracts/asyncapi-slc19.md;05-contracts/openapi-readiness-slc19.md;13-verification/acceptance/SLC-19/scenario-state-machine.md;13-verification/tooling/slice-sources.md"
"EVT-SEC-VERSION-INCREMENTED","25","yes","03-domain/contexts/BC01/events-slc01.md;03-domain/contexts/BC01/events-slc11.md;03-domain/contexts/BC01/events-slc16.md;03-domain/contexts/BC02/events-slc02.md;03-domain/contexts/BC03/events-slc06.md;03-domain/contexts/BC03/events-slc07.md;03-domain/contexts/BC04/events-slc03.md;03-domain/contexts/BC04/events-slc08.md;03-domain/contexts/BC05/events-slc09.md;03-domain/contexts/BC07/events-slc10.md;03-domain/contexts/BC07/events-slc16.md;03-domain/contexts/BC08/events-slc01.md;05-contracts/asyncapi-slc01.md;05-contracts/asyncapi-slc02.md;05-contracts/asyncapi-slc03.md;05-contracts/asyncapi-slc06.md;05-contracts/asyncapi-slc07.md;05-contracts/asyncapi-slc08.md;05-contracts/asyncapi-slc09.md;05-contracts/asyncapi-slc10.md;05-contracts/asyncapi-slc11.md;05-contracts/asyncapi-slc16.md;07-quality/workloads-slc01.md;13-verification/tooling/spec-tooling.md;15-traceability/trace-slc01.md"
"EVT-SHP-CANCELLED","7","yes","03-domain/contexts/BC05/commands-slc18.md;03-domain/contexts/BC05/events-slc18.md;03-domain/contexts/BC05/aggregates/AGG-SHIPMENT.md;05-contracts/asyncapi-slc18.md;05-contracts/openapi-readiness-slc18.md;13-verification/acceptance/SLC-18/shipment-state-machine.md;13-verification/tooling/slice-sources.md"
"EVT-SHP-CHECKPOINT-RECORDED","7","yes","03-domain/contexts/BC05/commands-slc18.md;03-domain/contexts/BC05/events-slc18.md;03-domain/contexts/BC05/aggregates/AGG-SHIPMENT.md;05-contracts/asyncapi-slc18.md;05-contracts/openapi-readiness-slc18.md;13-verification/acceptance/SLC-18/shipment-state-machine.md;13-verification/tooling/slice-sources.md"
"EVT-SHP-DAMAGED","8","yes","03-domain/contexts/BC05/commands-slc18.md;03-domain/contexts/BC05/events-slc18.md;03-domain/contexts/BC05/aggregates/AGG-LOGISTICS-REQUEST.md;03-domain/contexts/BC05/aggregates/AGG-SHIPMENT.md;05-contracts/asyncapi-slc18.md;05-contracts/openapi-readiness-slc18.md;13-verification/acceptance/SLC-18/shipment-state-machine.md;13-verification/tooling/slice-sources.md"
"EVT-SHP-DELIVERED","8","yes","03-domain/contexts/BC05/commands-slc18.md;03-domain/contexts/BC05/events-slc18.md;03-domain/contexts/BC05/aggregates/AGG-LOGISTICS-REQUEST.md;03-domain/contexts/BC05/aggregates/AGG-SHIPMENT.md;05-contracts/asyncapi-slc18.md;05-contracts/openapi-readiness-slc18.md;13-verification/acceptance/SLC-18/shipment-state-machine.md;13-verification/tooling/slice-sources.md"
"EVT-SHP-DEPARTED","7","yes","03-domain/contexts/BC05/commands-slc18.md;03-domain/contexts/BC05/events-slc18.md;03-domain/contexts/BC05/aggregates/AGG-SHIPMENT.md;05-contracts/asyncapi-slc18.md;05-contracts/openapi-readiness-slc18.md;13-verification/acceptance/SLC-18/shipment-state-machine.md;13-verification/tooling/slice-sources.md"
"EVT-SHP-LOST","8","yes","03-domain/contexts/BC05/commands-slc18.md;03-domain/contexts/BC05/events-slc18.md;03-domain/contexts/BC05/aggregates/AGG-LOGISTICS-REQUEST.md;03-domain/contexts/BC05/aggregates/AGG-SHIPMENT.md;05-contracts/asyncapi-slc18.md;05-contracts/openapi-readiness-slc18.md;13-verification/acceptance/SLC-18/shipment-state-machine.md;13-verification/tooling/slice-sources.md"
"EVT-SHP-PLANNED","7","yes","03-domain/contexts/BC05/commands-slc18.md;03-domain/contexts/BC05/events-slc18.md;03-domain/contexts/BC05/aggregates/AGG-SHIPMENT.md;05-contracts/asyncapi-slc18.md;05-contracts/openapi-readiness-slc18.md;13-verification/acceptance/SLC-18/shipment-state-machine.md;13-verification/tooling/slice-sources.md"
"EVT-SIM-ABORTED","11","yes","03-domain/contexts/BC05/commands-slc19.md;03-domain/contexts/BC05/events-slc19.md;03-domain/contexts/BC05/aggregates/AGG-EXERCISE.md;03-domain/contexts/BC05/aggregates/AGG-SIMULATION.md;05-contracts/asyncapi-slc19.md;05-contracts/openapi-readiness-slc19.md;08-security/threat-model-slc19.md;13-verification/acceptance/SLC-19/exercise-state-machine.md;13-verification/acceptance/SLC-19/simulation-state-machine.md;13-verification/tooling/slice-sources.md;16-reports/SESSION-W4-W7-SLC19.md"
"EVT-SIM-COMPLETED","12","yes","03-domain/contexts/BC05/commands-slc19.md;03-domain/contexts/BC05/events-slc19.md;03-domain/contexts/BC05/training-exercise-spec.md;03-domain/contexts/BC05/aggregates/AGG-EXERCISE.md;03-domain/contexts/BC05/aggregates/AGG-SIMULATION.md;05-contracts/asyncapi-slc19.md;05-contracts/openapi-readiness-slc19.md;08-security/threat-model-slc19.md;13-verification/acceptance/SLC-19/exercise-state-machine.md;13-verification/acceptance/SLC-19/simulation-state-machine.md;13-verification/tooling/slice-sources.md;16-reports/SESSION-W4-W7-SLC19.md"
"EVT-SIM-EVALUATION-RECORDED","7","yes","03-domain/contexts/BC05/commands-slc19.md;03-domain/contexts/BC05/events-slc19.md;03-domain/contexts/BC05/aggregates/AGG-SIMULATION.md;05-contracts/asyncapi-slc19.md;05-contracts/openapi-readiness-slc19.md;13-verification/acceptance/SLC-19/simulation-state-machine.md;13-verification/tooling/slice-sources.md"
"EVT-SIM-INJECT-DELIVERED","7","yes","03-domain/contexts/BC05/commands-slc19.md;03-domain/contexts/BC05/events-slc19.md;03-domain/contexts/BC05/aggregates/AGG-SIMULATION.md;05-contracts/asyncapi-slc19.md;05-contracts/openapi-readiness-slc19.md;13-verification/acceptance/SLC-19/simulation-state-machine.md;13-verification/tooling/slice-sources.md"
"EVT-SIM-PAUSED","7","yes","03-domain/contexts/BC05/commands-slc19.md;03-domain/contexts/BC05/events-slc19.md;03-domain/contexts/BC05/aggregates/AGG-SIMULATION.md;05-contracts/asyncapi-slc19.md;05-contracts/openapi-readiness-slc19.md;13-verification/acceptance/SLC-19/simulation-state-machine.md;13-verification/tooling/slice-sources.md"
"EVT-SIM-RESUMED","7","yes","03-domain/contexts/BC05/commands-slc19.md;03-domain/contexts/BC05/events-slc19.md;03-domain/contexts/BC05/aggregates/AGG-SIMULATION.md;05-contracts/asyncapi-slc19.md;05-contracts/openapi-readiness-slc19.md;13-verification/acceptance/SLC-19/simulation-state-machine.md;13-verification/tooling/slice-sources.md"
"EVT-SIM-STARTED","7","yes","03-domain/contexts/BC05/commands-slc19.md;03-domain/contexts/BC05/events-slc19.md;03-domain/contexts/BC05/aggregates/AGG-SIMULATION.md;05-contracts/asyncapi-slc19.md;05-contracts/openapi-readiness-slc19.md;13-verification/acceptance/SLC-19/simulation-state-machine.md;13-verification/tooling/slice-sources.md"
"EVT-SIT","1","no","07-quality/workloads-slc06.md"
"EVT-SIT-ACTIVATED","7","yes","03-domain/contexts/BC03/commands-slc06.md;03-domain/contexts/BC03/events-slc06.md;03-domain/contexts/BC03/aggregates/AGG-SITUATION.md;05-contracts/asyncapi-slc06.md;05-contracts/openapi-intelligence-slc06.md;13-verification/acceptance/SLC-06/situation-state-machine.md;13-verification/tooling/slice-sources.md"
"EVT-SIT-CLOSED","7","yes","03-domain/contexts/BC03/commands-slc06.md;03-domain/contexts/BC03/events-slc06.md;03-domain/contexts/BC03/aggregates/AGG-SITUATION.md;05-contracts/asyncapi-slc06.md;05-contracts/openapi-intelligence-slc06.md;13-verification/acceptance/SLC-06/situation-state-machine.md;13-verification/tooling/slice-sources.md"
"EVT-SIT-CREATED","7","yes","03-domain/contexts/BC03/commands-slc06.md;03-domain/contexts/BC03/events-slc06.md;03-domain/contexts/BC03/aggregates/AGG-SITUATION.md;05-contracts/asyncapi-slc06.md;05-contracts/openapi-intelligence-slc06.md;13-verification/acceptance/SLC-06/situation-state-machine.md;13-verification/tooling/slice-sources.md"
"EVT-SIT-DEFINITION-CHANGED","7","yes","03-domain/contexts/BC03/commands-slc06.md;03-domain/contexts/BC03/events-slc06.md;03-domain/contexts/BC03/aggregates/AGG-SITUATION.md;05-contracts/asyncapi-slc06.md;05-contracts/openapi-intelligence-slc06.md;13-verification/acceptance/SLC-06/situation-state-machine.md;13-verification/tooling/slice-sources.md"
"EVT-SIT-PAUSED","7","yes","03-domain/contexts/BC03/commands-slc06.md;03-domain/contexts/BC03/events-slc06.md;03-domain/contexts/BC03/aggregates/AGG-SITUATION.md;05-contracts/asyncapi-slc06.md;05-contracts/openapi-intelligence-slc06.md;13-verification/acceptance/SLC-06/situation-state-machine.md;13-verification/tooling/slice-sources.md"
"EVT-SIT-RECLASSIFIED","7","yes","03-domain/contexts/BC03/commands-slc06.md;03-domain/contexts/BC03/events-slc06.md;03-domain/contexts/BC03/aggregates/AGG-SITUATION.md;05-contracts/asyncapi-slc06.md;05-contracts/openapi-intelligence-slc06.md;13-verification/acceptance/SLC-06/situation-state-machine.md;13-verification/tooling/slice-sources.md"
"EVT-SIT-RESUMED","7","yes","03-domain/contexts/BC03/commands-slc06.md;03-domain/contexts/BC03/events-slc06.md;03-domain/contexts/BC03/aggregates/AGG-SITUATION.md;05-contracts/asyncapi-slc06.md;05-contracts/openapi-intelligence-slc06.md;13-verification/acceptance/SLC-06/situation-state-machine.md;13-verification/tooling/slice-sources.md"
"EVT-SNS-ACTIVATED","7","yes","03-domain/contexts/BC07/commands-slc16.md;03-domain/contexts/BC07/events-slc16.md;03-domain/contexts/BC07/aggregates/AGG-SENSOR-STREAM.md;05-contracts/asyncapi-slc16.md;05-contracts/openapi-integration-slc16.md;13-verification/acceptance/SLC-16/sensor-stream-state-machine.md;13-verification/tooling/slice-sources.md"
"EVT-SNS-PAUSED","7","yes","03-domain/contexts/BC07/commands-slc16.md;03-domain/contexts/BC07/events-slc16.md;03-domain/contexts/BC07/aggregates/AGG-SENSOR-STREAM.md;05-contracts/asyncapi-slc16.md;05-contracts/openapi-integration-slc16.md;13-verification/acceptance/SLC-16/sensor-stream-state-machine.md;13-verification/tooling/slice-sources.md"
"EVT-SNS-QUALITY-RULES-SET","7","yes","03-domain/contexts/BC07/commands-slc16.md;03-domain/contexts/BC07/events-slc16.md;03-domain/contexts/BC07/aggregates/AGG-SENSOR-STREAM.md;05-contracts/asyncapi-slc16.md;05-contracts/openapi-integration-slc16.md;13-verification/acceptance/SLC-16/sensor-stream-state-machine.md;13-verification/tooling/slice-sources.md"
"EVT-SNS-REGISTERED","7","yes","03-domain/contexts/BC07/commands-slc16.md;03-domain/contexts/BC07/events-slc16.md;03-domain/contexts/BC07/aggregates/AGG-SENSOR-STREAM.md;05-contracts/asyncapi-slc16.md;05-contracts/openapi-integration-slc16.md;13-verification/acceptance/SLC-16/sensor-stream-state-machine.md;13-verification/tooling/slice-sources.md"
"EVT-SNS-RETIRED","7","yes","03-domain/contexts/BC07/commands-slc16.md;03-domain/contexts/BC07/events-slc16.md;03-domain/contexts/BC07/aggregates/AGG-SENSOR-STREAM.md;05-contracts/asyncapi-slc16.md;05-contracts/openapi-integration-slc16.md;13-verification/acceptance/SLC-16/sensor-stream-state-machine.md;13-verification/tooling/slice-sources.md"
"EVT-SNS-STALE","4","yes","03-domain/contexts/BC07/events-slc16.md;03-domain/contexts/BC07/aggregates/AGG-SENSOR-STREAM.md;05-contracts/asyncapi-slc16.md;13-verification/tooling/slice-sources.md"
"EVT-SRC-PROFILE-UPDATED","7","yes","03-domain/contexts/BC02/commands-slc02.md;03-domain/contexts/BC02/events-slc02.md;03-domain/contexts/BC02/aggregates/AGG-SOURCE.md;05-contracts/asyncapi-slc02.md;05-contracts/openapi-information-slc02.md;13-verification/acceptance/SLC-02/source-state-machine.md;13-verification/tooling/slice-sources.md"
"EVT-SRC-PROTECTION-CHANGED","7","yes","03-domain/contexts/BC02/commands-slc02.md;03-domain/contexts/BC02/events-slc02.md;03-domain/contexts/BC02/aggregates/AGG-SOURCE.md;05-contracts/asyncapi-slc02.md;05-contracts/openapi-information-slc02.md;13-verification/acceptance/SLC-02/source-state-machine.md;13-verification/tooling/slice-sources.md"
"EVT-SRC-RECLASSIFIED","7","yes","03-domain/contexts/BC02/commands-slc02.md;03-domain/contexts/BC02/events-slc02.md;03-domain/contexts/BC02/aggregates/AGG-SOURCE.md;05-contracts/asyncapi-slc02.md;05-contracts/openapi-information-slc02.md;13-verification/acceptance/SLC-02/source-state-machine.md;13-verification/tooling/slice-sources.md"
"EVT-SRC-REGISTERED","7","yes","03-domain/contexts/BC02/commands-slc02.md;03-domain/contexts/BC02/events-slc02.md;03-domain/contexts/BC02/aggregates/AGG-SOURCE.md;05-contracts/asyncapi-slc02.md;05-contracts/openapi-information-slc02.md;13-verification/acceptance/SLC-02/source-state-machine.md;13-verification/tooling/slice-sources.md"
"EVT-SRC-REINSTATED","7","yes","03-domain/contexts/BC02/commands-slc02.md;03-domain/contexts/BC02/events-slc02.md;03-domain/contexts/BC02/aggregates/AGG-SOURCE.md;05-contracts/asyncapi-slc02.md;05-contracts/openapi-information-slc02.md;13-verification/acceptance/SLC-02/source-state-machine.md;13-verification/tooling/slice-sources.md"
"EVT-SRC-RELIABILITY-RATED","7","yes","03-domain/contexts/BC02/commands-slc02.md;03-domain/contexts/BC02/events-slc02.md;03-domain/contexts/BC02/aggregates/AGG-SOURCE.md;05-contracts/asyncapi-slc02.md;05-contracts/openapi-information-slc02.md;13-verification/acceptance/SLC-02/source-state-machine.md;13-verification/tooling/slice-sources.md"
"EVT-SRC-RETIRED","7","yes","03-domain/contexts/BC02/commands-slc02.md;03-domain/contexts/BC02/events-slc02.md;03-domain/contexts/BC02/aggregates/AGG-SOURCE.md;05-contracts/asyncapi-slc02.md;05-contracts/openapi-information-slc02.md;13-verification/acceptance/SLC-02/source-state-machine.md;13-verification/tooling/slice-sources.md"
"EVT-SRC-SUSPENDED","7","yes","03-domain/contexts/BC02/commands-slc02.md;03-domain/contexts/BC02/events-slc02.md;03-domain/contexts/BC02/aggregates/AGG-SOURCE.md;05-contracts/asyncapi-slc02.md;05-contracts/openapi-information-slc02.md;13-verification/acceptance/SLC-02/source-state-machine.md;13-verification/tooling/slice-sources.md"
"EVT-SUB-CHANNELS-UPDATED","7","yes","03-domain/contexts/BC04/commands-slc06.md;03-domain/contexts/BC04/events-slc06.md;03-domain/contexts/BC04/aggregates/AGG-SUBSCRIPTION.md;05-contracts/asyncapi-slc06.md;05-contracts/openapi-operations-slc06.md;13-verification/acceptance/SLC-06/subscription-state-machine.md;13-verification/tooling/slice-sources.md"
"EVT-SUB-ENDED","7","yes","03-domain/contexts/BC04/commands-slc06.md;03-domain/contexts/BC04/events-slc06.md;03-domain/contexts/BC04/aggregates/AGG-SUBSCRIPTION.md;05-contracts/asyncapi-slc06.md;05-contracts/openapi-operations-slc06.md;13-verification/acceptance/SLC-06/subscription-state-machine.md;13-verification/tooling/slice-sources.md"
"EVT-SUB-PAUSED","7","yes","03-domain/contexts/BC04/commands-slc06.md;03-domain/contexts/BC04/events-slc06.md;03-domain/contexts/BC04/aggregates/AGG-SUBSCRIPTION.md;05-contracts/asyncapi-slc06.md;05-contracts/openapi-operations-slc06.md;13-verification/acceptance/SLC-06/subscription-state-machine.md;13-verification/tooling/slice-sources.md"
"EVT-SUB-RESUMED","7","yes","03-domain/contexts/BC04/commands-slc06.md;03-domain/contexts/BC04/events-slc06.md;03-domain/contexts/BC04/aggregates/AGG-SUBSCRIPTION.md;05-contracts/asyncapi-slc06.md;05-contracts/openapi-operations-slc06.md;13-verification/acceptance/SLC-06/subscription-state-machine.md;13-verification/tooling/slice-sources.md"
"EVT-SUB-SUBSCRIBED","7","yes","03-domain/contexts/BC04/commands-slc06.md;03-domain/contexts/BC04/events-slc06.md;03-domain/contexts/BC04/aggregates/AGG-SUBSCRIPTION.md;05-contracts/asyncapi-slc06.md;05-contracts/openapi-operations-slc06.md;13-verification/acceptance/SLC-06/subscription-state-machine.md;13-verification/tooling/slice-sources.md"
"EVT-SVC-CLOSED","7","yes","03-domain/contexts/BC01/commands-slc01.md;03-domain/contexts/BC01/events-slc01.md;03-domain/contexts/BC01/aggregates/AGG-SERVICE-ACCOUNT.md;05-contracts/asyncapi-slc01.md;05-contracts/openapi-foundation-slc01.md;13-verification/acceptance/SLC-01/service-account-state-machine.md;13-verification/tooling/slice-sources.md"
"EVT-SVC-CREATED","7","yes","03-domain/contexts/BC01/commands-slc01.md;03-domain/contexts/BC01/events-slc01.md;03-domain/contexts/BC01/aggregates/AGG-SERVICE-ACCOUNT.md;05-contracts/asyncapi-slc01.md;05-contracts/openapi-foundation-slc01.md;13-verification/acceptance/SLC-01/service-account-state-machine.md;13-verification/tooling/slice-sources.md"
"EVT-SVC-CREDENTIAL-ROTATED","7","yes","03-domain/contexts/BC01/commands-slc01.md;03-domain/contexts/BC01/events-slc01.md;03-domain/contexts/BC01/aggregates/AGG-SERVICE-ACCOUNT.md;05-contracts/asyncapi-slc01.md;05-contracts/openapi-foundation-slc01.md;13-verification/acceptance/SLC-01/service-account-state-machine.md;13-verification/tooling/slice-sources.md"
"EVT-SVC-DISABLED","7","yes","03-domain/contexts/BC01/commands-slc01.md;03-domain/contexts/BC01/events-slc01.md;03-domain/contexts/BC01/aggregates/AGG-SERVICE-ACCOUNT.md;05-contracts/asyncapi-slc01.md;05-contracts/openapi-foundation-slc01.md;13-verification/acceptance/SLC-01/service-account-state-machine.md;13-verification/tooling/slice-sources.md"
"EVT-SVC-ENABLED","7","yes","03-domain/contexts/BC01/commands-slc01.md;03-domain/contexts/BC01/events-slc01.md;03-domain/contexts/BC01/aggregates/AGG-SERVICE-ACCOUNT.md;05-contracts/asyncapi-slc01.md;05-contracts/openapi-foundation-slc01.md;13-verification/acceptance/SLC-01/service-account-state-machine.md;13-verification/tooling/slice-sources.md"
"EVT-SYN-BATCH-RECEIVED","7","yes","03-domain/contexts/BC07/commands-slc11.md;03-domain/contexts/BC07/events-slc11.md;03-domain/contexts/BC07/aggregates/AGG-SYNC-SESSION.md;05-contracts/asyncapi-slc11.md;05-contracts/openapi-field-slc11.md;13-verification/acceptance/SLC-11/sync-session-state-machine.md;13-verification/tooling/slice-sources.md"
"EVT-SYN-COMPLETED","4","yes","03-domain/contexts/BC07/events-slc11.md;03-domain/contexts/BC07/aggregates/AGG-SYNC-SESSION.md;05-contracts/asyncapi-slc11.md;13-verification/tooling/slice-sources.md"
"EVT-SYN-COMPLETED-WITH-CONFLICTS","4","yes","03-domain/contexts/BC07/events-slc11.md;03-domain/contexts/BC07/aggregates/AGG-SYNC-SESSION.md;05-contracts/asyncapi-slc11.md;13-verification/tooling/slice-sources.md"
"EVT-SYN-FAILED","4","yes","03-domain/contexts/BC07/events-slc11.md;03-domain/contexts/BC07/aggregates/AGG-SYNC-SESSION.md;05-contracts/asyncapi-slc11.md;13-verification/tooling/slice-sources.md"
"EVT-SYN-OPENED","7","yes","03-domain/contexts/BC07/commands-slc11.md;03-domain/contexts/BC07/events-slc11.md;03-domain/contexts/BC07/aggregates/AGG-SYNC-SESSION.md;05-contracts/asyncapi-slc11.md;05-contracts/openapi-field-slc11.md;13-verification/acceptance/SLC-11/sync-session-state-machine.md;13-verification/tooling/slice-sources.md"
"EVT-SYN-REJECTED","4","yes","03-domain/contexts/BC07/events-slc11.md;03-domain/contexts/BC07/aggregates/AGG-SYNC-SESSION.md;05-contracts/asyncapi-slc11.md;13-verification/tooling/slice-sources.md"
"EVT-TASK-ACCEPTED","7","yes","03-domain/contexts/BC04/commands-slc03.md;03-domain/contexts/BC04/events-slc03.md;03-domain/contexts/BC04/aggregates/AGG-TASK.md;05-contracts/asyncapi-slc03.md;05-contracts/openapi-operations-slc03.md;13-verification/acceptance/SLC-03/task-state-machine.md;13-verification/tooling/slice-sources.md"
"EVT-TASK-APPROVED","7","yes","03-domain/contexts/BC04/commands-slc03.md;03-domain/contexts/BC04/events-slc03.md;03-domain/contexts/BC04/aggregates/AGG-TASK.md;05-contracts/asyncapi-slc03.md;05-contracts/openapi-operations-slc03.md;13-verification/acceptance/SLC-03/task-state-machine.md;13-verification/tooling/slice-sources.md"
"EVT-TASK-ASSIGNED","7","yes","03-domain/contexts/BC04/commands-slc03.md;03-domain/contexts/BC04/events-slc03.md;03-domain/contexts/BC04/aggregates/AGG-TASK.md;05-contracts/asyncapi-slc03.md;05-contracts/openapi-operations-slc03.md;13-verification/acceptance/SLC-03/task-state-machine.md;13-verification/tooling/slice-sources.md"
"EVT-TASK-BLOCKED","7","yes","03-domain/contexts/BC04/commands-slc03.md;03-domain/contexts/BC04/events-slc03.md;03-domain/contexts/BC04/aggregates/AGG-TASK.md;05-contracts/asyncapi-slc03.md;05-contracts/openapi-operations-slc03.md;13-verification/acceptance/SLC-03/task-state-machine.md;13-verification/tooling/slice-sources.md"
"EVT-TASK-CANCELLED","8","yes","03-domain/contexts/BC04/commands-slc03.md;03-domain/contexts/BC04/events-slc03.md;03-domain/contexts/BC04/task-lifecycle-rules.md;03-domain/contexts/BC04/aggregates/AGG-TASK.md;05-contracts/asyncapi-slc03.md;05-contracts/openapi-operations-slc03.md;13-verification/acceptance/SLC-03/task-state-machine.md;13-verification/tooling/slice-sources.md"
"EVT-TASK-CLOSED","7","yes","03-domain/contexts/BC04/commands-slc03.md;03-domain/contexts/BC04/events-slc03.md;03-domain/contexts/BC04/aggregates/AGG-TASK.md;05-contracts/asyncapi-slc03.md;05-contracts/openapi-operations-slc03.md;13-verification/acceptance/SLC-03/task-state-machine.md;13-verification/tooling/slice-sources.md"
"EVT-TASK-COMPLETED","7","yes","03-domain/contexts/BC04/commands-slc03.md;03-domain/contexts/BC04/events-slc03.md;03-domain/contexts/BC04/aggregates/AGG-TASK.md;05-contracts/asyncapi-slc03.md;05-contracts/openapi-operations-slc03.md;13-verification/acceptance/SLC-03/task-state-machine.md;13-verification/tooling/slice-sources.md"
"EVT-TASK-CREATED","7","yes","03-domain/contexts/BC04/commands-slc03.md;03-domain/contexts/BC04/events-slc03.md;03-domain/contexts/BC04/aggregates/AGG-TASK.md;05-contracts/asyncapi-slc03.md;05-contracts/openapi-operations-slc03.md;13-verification/acceptance/SLC-03/task-state-machine.md;13-verification/tooling/slice-sources.md"
"EVT-TASK-DECLINED","7","yes","03-domain/contexts/BC04/commands-slc03.md;03-domain/contexts/BC04/events-slc03.md;03-domain/contexts/BC04/aggregates/AGG-TASK.md;05-contracts/asyncapi-slc03.md;05-contracts/openapi-operations-slc03.md;13-verification/acceptance/SLC-03/task-state-machine.md;13-verification/tooling/slice-sources.md"
"EVT-TASK-DUE-CHANGED","7","yes","03-domain/contexts/BC04/commands-slc03.md;03-domain/contexts/BC04/events-slc03.md;03-domain/contexts/BC04/aggregates/AGG-TASK.md;05-contracts/asyncapi-slc03.md;05-contracts/openapi-operations-slc03.md;13-verification/acceptance/SLC-03/task-state-machine.md;13-verification/tooling/slice-sources.md"
"EVT-TASK-EDITED","7","yes","03-domain/contexts/BC04/commands-slc03.md;03-domain/contexts/BC04/events-slc03.md;03-domain/contexts/BC04/aggregates/AGG-TASK.md;05-contracts/asyncapi-slc03.md;05-contracts/openapi-operations-slc03.md;13-verification/acceptance/SLC-03/task-state-machine.md;13-verification/tooling/slice-sources.md"
"EVT-TASK-ESCALATED","9","yes","03-domain/contexts/BC03/situation-alerting-spec.md;03-domain/contexts/BC04/commands-slc03.md;03-domain/contexts/BC04/events-slc03.md;03-domain/contexts/BC04/task-lifecycle-rules.md;03-domain/contexts/BC04/aggregates/AGG-TASK.md;05-contracts/asyncapi-slc03.md;05-contracts/openapi-operations-slc03.md;13-verification/acceptance/SLC-03/task-state-machine.md;13-verification/tooling/slice-sources.md"
"EVT-TASK-EXPIRED","4","yes","03-domain/contexts/BC04/events-slc03.md;03-domain/contexts/BC04/aggregates/AGG-TASK.md;05-contracts/asyncapi-slc03.md;13-verification/tooling/slice-sources.md"
"EVT-TASK-READIED","7","yes","03-domain/contexts/BC04/commands-slc03.md;03-domain/contexts/BC04/events-slc03.md;03-domain/contexts/BC04/aggregates/AGG-TASK.md;05-contracts/asyncapi-slc03.md;05-contracts/openapi-operations-slc03.md;13-verification/acceptance/SLC-03/task-state-machine.md;13-verification/tooling/slice-sources.md"
"EVT-TASK-REASSIGNED","7","yes","03-domain/contexts/BC04/commands-slc03.md;03-domain/contexts/BC04/events-slc03.md;03-domain/contexts/BC04/aggregates/AGG-TASK.md;05-contracts/asyncapi-slc03.md;05-contracts/openapi-operations-slc03.md;13-verification/acceptance/SLC-03/task-state-machine.md;13-verification/tooling/slice-sources.md"
"EVT-TASK-RECLASSIFIED","7","yes","03-domain/contexts/BC04/commands-slc03.md;03-domain/contexts/BC04/events-slc03.md;03-domain/contexts/BC04/aggregates/AGG-TASK.md;05-contracts/asyncapi-slc03.md;05-contracts/openapi-operations-slc03.md;13-verification/acceptance/SLC-03/task-state-machine.md;13-verification/tooling/slice-sources.md"
"EVT-TASK-REJECTED","7","yes","03-domain/contexts/BC04/commands-slc03.md;03-domain/contexts/BC04/events-slc03.md;03-domain/contexts/BC04/aggregates/AGG-TASK.md;05-contracts/asyncapi-slc03.md;05-contracts/openapi-operations-slc03.md;13-verification/acceptance/SLC-03/task-state-machine.md;13-verification/tooling/slice-sources.md"
"EVT-TASK-RESULT-ITEM-ADDED","7","yes","03-domain/contexts/BC04/commands-slc03.md;03-domain/contexts/BC04/events-slc03.md;03-domain/contexts/BC04/aggregates/AGG-TASK.md;05-contracts/asyncapi-slc03.md;05-contracts/openapi-operations-slc03.md;13-verification/acceptance/SLC-03/task-state-machine.md;13-verification/tooling/slice-sources.md"
"EVT-TASK-RESUMED","7","yes","03-domain/contexts/BC04/commands-slc03.md;03-domain/contexts/BC04/events-slc03.md;03-domain/contexts/BC04/aggregates/AGG-TASK.md;05-contracts/asyncapi-slc03.md;05-contracts/openapi-operations-slc03.md;13-verification/acceptance/SLC-03/task-state-machine.md;13-verification/tooling/slice-sources.md"
"EVT-TASK-RETURNED-FOR-REWORK","7","yes","03-domain/contexts/BC04/commands-slc03.md;03-domain/contexts/BC04/events-slc03.md;03-domain/contexts/BC04/aggregates/AGG-TASK.md;05-contracts/asyncapi-slc03.md;05-contracts/openapi-operations-slc03.md;13-verification/acceptance/SLC-03/task-state-machine.md;13-verification/tooling/slice-sources.md"
"EVT-TASK-REVIEW-STARTED","7","yes","03-domain/contexts/BC04/commands-slc03.md;03-domain/contexts/BC04/events-slc03.md;03-domain/contexts/BC04/aggregates/AGG-TASK.md;05-contracts/asyncapi-slc03.md;05-contracts/openapi-operations-slc03.md;13-verification/acceptance/SLC-03/task-state-machine.md;13-verification/tooling/slice-sources.md"
"EVT-TASK-STARTED","7","yes","03-domain/contexts/BC04/commands-slc03.md;03-domain/contexts/BC04/events-slc03.md;03-domain/contexts/BC04/aggregates/AGG-TASK.md;05-contracts/asyncapi-slc03.md;05-contracts/openapi-operations-slc03.md;13-verification/acceptance/SLC-03/task-state-machine.md;13-verification/tooling/slice-sources.md"
"EVT-TASK-SUBMITTED","7","yes","03-domain/contexts/BC04/commands-slc03.md;03-domain/contexts/BC04/events-slc03.md;03-domain/contexts/BC04/aggregates/AGG-TASK.md;05-contracts/asyncapi-slc03.md;05-contracts/openapi-operations-slc03.md;13-verification/acceptance/SLC-03/task-state-machine.md;13-verification/tooling/slice-sources.md"
"EVT-TASK-SUPERSEDED","4","yes","03-domain/contexts/BC04/events-slc03.md;03-domain/contexts/BC04/aggregates/AGG-TASK.md;05-contracts/asyncapi-slc03.md;13-verification/tooling/slice-sources.md"
"EVT-TASK-SUSPENDED","7","yes","03-domain/contexts/BC04/commands-slc03.md;03-domain/contexts/BC04/events-slc03.md;03-domain/contexts/BC04/aggregates/AGG-TASK.md;05-contracts/asyncapi-slc03.md;05-contracts/openapi-operations-slc03.md;13-verification/acceptance/SLC-03/task-state-machine.md;13-verification/tooling/slice-sources.md"
"EVT-TASK-UNSUSPENDED","7","yes","03-domain/contexts/BC04/commands-slc03.md;03-domain/contexts/BC04/events-slc03.md;03-domain/contexts/BC04/aggregates/AGG-TASK.md;05-contracts/asyncapi-slc03.md;05-contracts/openapi-operations-slc03.md;13-verification/acceptance/SLC-03/task-state-machine.md;13-verification/tooling/slice-sources.md"
"EVT-TEN-ACTIVATED","7","yes","03-domain/contexts/BC01/commands-slc01.md;03-domain/contexts/BC01/events-slc01.md;03-domain/contexts/BC01/aggregates/AGG-TENANT.md;05-contracts/asyncapi-slc01.md;05-contracts/openapi-foundation-internal-slc01.md;13-verification/acceptance/SLC-01/tenant-state-machine.md;13-verification/tooling/slice-sources.md"
"EVT-TEN-DECOMMISSIONED","7","yes","03-domain/contexts/BC01/commands-slc01.md;03-domain/contexts/BC01/events-slc01.md;03-domain/contexts/BC01/aggregates/AGG-TENANT.md;05-contracts/asyncapi-slc01.md;05-contracts/openapi-foundation-internal-slc01.md;13-verification/acceptance/SLC-01/tenant-state-machine.md;13-verification/tooling/slice-sources.md"
"EVT-TEN-DECOMMISSION-STARTED","7","yes","03-domain/contexts/BC01/commands-slc01.md;03-domain/contexts/BC01/events-slc01.md;03-domain/contexts/BC01/aggregates/AGG-TENANT.md;05-contracts/asyncapi-slc01.md;05-contracts/openapi-foundation-slc01.md;13-verification/acceptance/SLC-01/tenant-state-machine.md;13-verification/tooling/slice-sources.md"
"EVT-TEN-MIGRATED","7","yes","03-domain/contexts/BC01/commands-slc01.md;03-domain/contexts/BC01/events-slc01.md;03-domain/contexts/BC01/aggregates/AGG-TENANT.md;05-contracts/asyncapi-slc01.md;05-contracts/openapi-foundation-internal-slc01.md;13-verification/acceptance/SLC-01/tenant-state-machine.md;13-verification/tooling/slice-sources.md"
"EVT-TEN-MIGRATION-STARTED","7","yes","03-domain/contexts/BC01/commands-slc01.md;03-domain/contexts/BC01/events-slc01.md;03-domain/contexts/BC01/aggregates/AGG-TENANT.md;05-contracts/asyncapi-slc01.md;05-contracts/openapi-foundation-slc01.md;13-verification/acceptance/SLC-01/tenant-state-machine.md;13-verification/tooling/slice-sources.md"
"EVT-TEN-PROVISIONING-FAILED","7","yes","03-domain/contexts/BC01/commands-slc01.md;03-domain/contexts/BC01/events-slc01.md;03-domain/contexts/BC01/aggregates/AGG-TENANT.md;05-contracts/asyncapi-slc01.md;05-contracts/openapi-foundation-internal-slc01.md;13-verification/acceptance/SLC-01/tenant-state-machine.md;13-verification/tooling/slice-sources.md"
"EVT-TEN-PROVISIONING-STARTED","7","yes","03-domain/contexts/BC01/commands-slc01.md;03-domain/contexts/BC01/events-slc01.md;03-domain/contexts/BC01/aggregates/AGG-TENANT.md;05-contracts/asyncapi-slc01.md;05-contracts/openapi-foundation-slc01.md;13-verification/acceptance/SLC-01/tenant-state-machine.md;13-verification/tooling/slice-sources.md"
"EVT-TEN-QUOTAS-UPDATED","7","yes","03-domain/contexts/BC01/commands-slc01.md;03-domain/contexts/BC01/events-slc01.md;03-domain/contexts/BC01/aggregates/AGG-TENANT.md;05-contracts/asyncapi-slc01.md;05-contracts/openapi-foundation-slc01.md;13-verification/acceptance/SLC-01/tenant-state-machine.md;13-verification/tooling/slice-sources.md"
"EVT-TEN-REACTIVATED","7","yes","03-domain/contexts/BC01/commands-slc01.md;03-domain/contexts/BC01/events-slc01.md;03-domain/contexts/BC01/aggregates/AGG-TENANT.md;05-contracts/asyncapi-slc01.md;05-contracts/openapi-foundation-slc01.md;13-verification/acceptance/SLC-01/tenant-state-machine.md;13-verification/tooling/slice-sources.md"
"EVT-TEN-SUSPENDED","7","yes","03-domain/contexts/BC01/commands-slc01.md;03-domain/contexts/BC01/events-slc01.md;03-domain/contexts/BC01/aggregates/AGG-TENANT.md;05-contracts/asyncapi-slc01.md;05-contracts/openapi-foundation-slc01.md;13-verification/acceptance/SLC-01/tenant-state-machine.md;13-verification/tooling/slice-sources.md"
"EVT-TOL-ACTIVATED","7","yes","03-domain/contexts/BC07/commands-slc10.md;03-domain/contexts/BC07/events-slc10.md;03-domain/contexts/BC07/aggregates/AGG-AI-TOOL.md;05-contracts/asyncapi-slc10.md;05-contracts/openapi-ai-slc10.md;13-verification/acceptance/SLC-10/ai-tool-state-machine.md;13-verification/tooling/slice-sources.md"
"EVT-TOL-DISABLED","7","yes","03-domain/contexts/BC07/commands-slc10.md;03-domain/contexts/BC07/events-slc10.md;03-domain/contexts/BC07/aggregates/AGG-AI-TOOL.md;05-contracts/asyncapi-slc10.md;05-contracts/openapi-ai-slc10.md;13-verification/acceptance/SLC-10/ai-tool-state-machine.md;13-verification/tooling/slice-sources.md"
"EVT-TOL-ENABLED","7","yes","03-domain/contexts/BC07/commands-slc10.md;03-domain/contexts/BC07/events-slc10.md;03-domain/contexts/BC07/aggregates/AGG-AI-TOOL.md;05-contracts/asyncapi-slc10.md;05-contracts/openapi-ai-slc10.md;13-verification/acceptance/SLC-10/ai-tool-state-machine.md;13-verification/tooling/slice-sources.md"
"EVT-TOL-REGISTERED","7","yes","03-domain/contexts/BC07/commands-slc10.md;03-domain/contexts/BC07/events-slc10.md;03-domain/contexts/BC07/aggregates/AGG-AI-TOOL.md;05-contracts/asyncapi-slc10.md;05-contracts/openapi-ai-slc10.md;13-verification/acceptance/SLC-10/ai-tool-state-machine.md;13-verification/tooling/slice-sources.md"
"EVT-TOL-RETIRED","7","yes","03-domain/contexts/BC07/commands-slc10.md;03-domain/contexts/BC07/events-slc10.md;03-domain/contexts/BC07/aggregates/AGG-AI-TOOL.md;05-contracts/asyncapi-slc10.md;05-contracts/openapi-ai-slc10.md;13-verification/acceptance/SLC-10/ai-tool-state-machine.md;13-verification/tooling/slice-sources.md"
"EVT-TTY-ACTIVATED","7","yes","03-domain/contexts/BC04/commands-slc03.md;03-domain/contexts/BC04/events-slc03.md;03-domain/contexts/BC04/aggregates/AGG-TASK-TYPE.md;05-contracts/asyncapi-slc03.md;05-contracts/openapi-operations-slc03.md;13-verification/acceptance/SLC-03/task-type-state-machine.md;13-verification/tooling/slice-sources.md"
"EVT-TTY-DEFINED","7","yes","03-domain/contexts/BC04/commands-slc03.md;03-domain/contexts/BC04/events-slc03.md;03-domain/contexts/BC04/aggregates/AGG-TASK-TYPE.md;05-contracts/asyncapi-slc03.md;05-contracts/openapi-operations-slc03.md;13-verification/acceptance/SLC-03/task-type-state-machine.md;13-verification/tooling/slice-sources.md"
"EVT-TTY-EDITED","7","yes","03-domain/contexts/BC04/commands-slc03.md;03-domain/contexts/BC04/events-slc03.md;03-domain/contexts/BC04/aggregates/AGG-TASK-TYPE.md;05-contracts/asyncapi-slc03.md;05-contracts/openapi-operations-slc03.md;13-verification/acceptance/SLC-03/task-type-state-machine.md;13-verification/tooling/slice-sources.md"
"EVT-TTY-RETIRED","7","yes","03-domain/contexts/BC04/commands-slc03.md;03-domain/contexts/BC04/events-slc03.md;03-domain/contexts/BC04/aggregates/AGG-TASK-TYPE.md;05-contracts/asyncapi-slc03.md;05-contracts/openapi-operations-slc03.md;13-verification/acceptance/SLC-03/task-type-state-machine.md;13-verification/tooling/slice-sources.md"
"EVT-USR-ACTIVATED","7","yes","03-domain/contexts/BC01/commands-slc01.md;03-domain/contexts/BC01/events-slc01.md;03-domain/contexts/BC01/aggregates/AGG-USER.md;05-contracts/asyncapi-slc01.md;05-contracts/openapi-foundation-internal-slc01.md;13-verification/acceptance/SLC-01/user-state-machine.md;13-verification/tooling/slice-sources.md"
"EVT-USR-CLOSED","7","yes","03-domain/contexts/BC01/commands-slc01.md;03-domain/contexts/BC01/events-slc01.md;03-domain/contexts/BC01/aggregates/AGG-USER.md;05-contracts/asyncapi-slc01.md;05-contracts/openapi-foundation-slc01.md;13-verification/acceptance/SLC-01/user-state-machine.md;13-verification/tooling/slice-sources.md"
"EVT-USR-DISABLED","7","yes","03-domain/contexts/BC01/commands-slc01.md;03-domain/contexts/BC01/events-slc01.md;03-domain/contexts/BC01/aggregates/AGG-USER.md;05-contracts/asyncapi-slc01.md;05-contracts/openapi-foundation-slc01.md;13-verification/acceptance/SLC-01/user-state-machine.md;13-verification/tooling/slice-sources.md"
"EVT-USR-ENABLED","7","yes","03-domain/contexts/BC01/commands-slc01.md;03-domain/contexts/BC01/events-slc01.md;03-domain/contexts/BC01/aggregates/AGG-USER.md;05-contracts/asyncapi-slc01.md;05-contracts/openapi-foundation-slc01.md;13-verification/acceptance/SLC-01/user-state-machine.md;13-verification/tooling/slice-sources.md"
"EVT-USR-IDENTITY-LINKED","7","yes","03-domain/contexts/BC01/commands-slc01.md;03-domain/contexts/BC01/events-slc01.md;03-domain/contexts/BC01/aggregates/AGG-USER.md;05-contracts/asyncapi-slc01.md;05-contracts/openapi-foundation-slc01.md;13-verification/acceptance/SLC-01/user-state-machine.md;13-verification/tooling/slice-sources.md"
"EVT-USR-IDENTITY-UNLINKED","7","yes","03-domain/contexts/BC01/commands-slc01.md;03-domain/contexts/BC01/events-slc01.md;03-domain/contexts/BC01/aggregates/AGG-USER.md;05-contracts/asyncapi-slc01.md;05-contracts/openapi-foundation-slc01.md;13-verification/acceptance/SLC-01/user-state-machine.md;13-verification/tooling/slice-sources.md"
"EVT-USR-LOCKED","7","yes","03-domain/contexts/BC01/commands-slc01.md;03-domain/contexts/BC01/events-slc01.md;03-domain/contexts/BC01/aggregates/AGG-USER.md;05-contracts/asyncapi-slc01.md;05-contracts/openapi-foundation-slc01.md;13-verification/acceptance/SLC-01/user-state-machine.md;13-verification/tooling/slice-sources.md"
"EVT-USR-PERSON-LINKED","7","yes","03-domain/contexts/BC01/commands-slc01.md;03-domain/contexts/BC01/events-slc01.md;03-domain/contexts/BC01/aggregates/AGG-USER.md;05-contracts/asyncapi-slc01.md;05-contracts/openapi-foundation-slc01.md;13-verification/acceptance/SLC-01/user-state-machine.md;13-verification/tooling/slice-sources.md"
"EVT-USR-PROVISIONED","7","yes","03-domain/contexts/BC01/commands-slc01.md;03-domain/contexts/BC01/events-slc01.md;03-domain/contexts/BC01/aggregates/AGG-USER.md;05-contracts/asyncapi-slc01.md;05-contracts/openapi-foundation-slc01.md;13-verification/acceptance/SLC-01/user-state-machine.md;13-verification/tooling/slice-sources.md"
"EVT-USR-UNLOCKED","7","yes","03-domain/contexts/BC01/commands-slc01.md;03-domain/contexts/BC01/events-slc01.md;03-domain/contexts/BC01/aggregates/AGG-USER.md;05-contracts/asyncapi-slc01.md;05-contracts/openapi-foundation-slc01.md;13-verification/acceptance/SLC-01/user-state-machine.md;13-verification/tooling/slice-sources.md"
"FIT-01","8","yes","00-governance/registers/corrections.md;03-domain/context-map.md;06-data/logical-model/slc-01.md;08-security/audit-architecture.md;08-security/trust-boundaries.md;12-solution/c4-containers.md;13-verification/fitness-functions.md;16-reports/ANTI-PATTERN-REPORT-R1.md"
"FIT-02","4","yes","00-governance/decisions/ADR-P04.md;06-data/logical-model/slc-01.md;08-security/threat-model.md;13-verification/fitness-functions.md"
"FIT-03","2","yes","00-governance/decisions/ADR-P06.md;13-verification/fitness-functions.md"
"FIT-04","96","yes","00-governance/decisions/ADR-P02.md;03-domain/contexts/BC01/aggregates/AGG-AUTHORITY-GRANT.md;03-domain/contexts/BC01/aggregates/AGG-CLEARANCE.md;03-domain/contexts/BC01/aggregates/AGG-DEVICE.md;03-domain/contexts/BC01/aggregates/AGG-HR-SYNC-PROPOSAL.md;03-domain/contexts/BC01/aggregates/AGG-ORGANIZATION.md;03-domain/contexts/BC01/aggregates/AGG-PERSON.md;03-domain/contexts/BC01/aggregates/AGG-ROLE-ASSIGNMENT.md;03-domain/contexts/BC01/aggregates/AGG-ROLE.md;03-domain/contexts/BC01/aggregates/AGG-SERVICE-ACCOUNT.md;03-domain/contexts/BC01/aggregates/AGG-TENANT.md;03-domain/contexts/BC01/aggregates/AGG-USER.md;03-domain/contexts/BC02/aggregates/AGG-ATTACHMENT.md;03-domain/contexts/BC02/aggregates/AGG-CLAIM.md;03-domain/contexts/BC02/aggregates/AGG-COLLECTION-PLAN.md;03-domain/contexts/BC02/aggregates/AGG-COLLECTION-REQUIREMENT.md;03-domain/contexts/BC02/aggregates/AGG-CONFLICT.md;03-domain/contexts/BC02/aggregates/AGG-CORRELATION-PROPOSAL.md;03-domain/contexts/BC02/aggregates/AGG-CORRELATION-RULE.md;03-domain/contexts/BC02/aggregates/AGG-ENTITY.md;03-domain/contexts/BC02/aggregates/AGG-ER-CASE.md;03-domain/contexts/BC02/aggregates/AGG-EVIDENCE-LINK.md;03-domain/contexts/BC02/aggregates/AGG-EVIDENCE.md;03-domain/contexts/BC02/aggregates/AGG-EXTERNAL-ID.md;03-domain/contexts/BC02/aggregates/AGG-IMPORT-BATCH.md;03-domain/contexts/BC02/aggregates/AGG-MATCH-RULESET.md;03-domain/contexts/BC02/aggregates/AGG-OBSERVATION.md;03-domain/contexts/BC02/aggregates/AGG-REALWORLD-EVENT.md;03-domain/contexts/BC02/aggregates/AGG-RELATIONSHIP.md;03-domain/contexts/BC02/aggregates/AGG-SOURCE.md;03-domain/contexts/BC03/aggregates/AGG-ALERT-RULE.md;03-domain/contexts/BC03/aggregates/AGG-ALERT.md;03-domain/contexts/BC03/aggregates/AGG-ANALYSIS-CASE.md;03-domain/contexts/BC03/aggregates/AGG-ANALYSIS-METHOD.md;03-domain/contexts/BC03/aggregates/AGG-ANALYSIS-RUN.md;03-domain/contexts/BC03/aggregates/AGG-ASSESSMENT.md;03-domain/contexts/BC03/aggregates/AGG-CAP-MESSAGE.md;03-domain/contexts/BC03/aggregates/AGG-FINDING.md;03-domain/contexts/BC03/aggregates/AGG-SITUATION.md;03-domain/contexts/BC04/aggregates/AGG-COORDINATION-CASE.md;03-domain/contexts/BC04/aggregates/AGG-DECISION-REQUEST.md;03-domain/contexts/BC04/aggregates/AGG-DECISION.md;03-domain/contexts/BC04/aggregates/AGG-INCIDENT.md;03-domain/contexts/BC04/aggregates/AGG-NOTIFICATION.md;03-domain/contexts/BC04/aggregates/AGG-OUTCOME-TRACKER.md;03-domain/contexts/BC04/aggregates/AGG-PLAN-VERSION.md;03-domain/contexts/BC04/aggregates/AGG-PLAN.md;03-domain/contexts/BC04/aggregates/AGG-RISK.md;03-domain/contexts/BC04/aggregates/AGG-SUBSCRIPTION.md;03-domain/contexts/BC04/aggregates/AGG-TASK-TYPE.md;03-domain/contexts/BC04/aggregates/AGG-TASK.md;03-domain/contexts/BC05/aggregates/AGG-ALLOCATION.md;03-domain/contexts/BC05/aggregates/AGG-ASSET-ASSIGNMENT.md;03-domain/contexts/BC05/aggregates/AGG-ASSET-RESERVATION.md;03-domain/contexts/BC05/aggregates/AGG-ASSET.md;03-domain/contexts/BC05/aggregates/AGG-EXERCISE.md;03-domain/contexts/BC05/aggregates/AGG-LOGISTICS-REQUEST.md;03-domain/contexts/BC05/aggregates/AGG-MAINTENANCE-ORDER.md;03-domain/contexts/BC05/aggregates/AGG-QUALIFICATION-RECORD.md;03-domain/contexts/BC05/aggregates/AGG-RESOURCE-POOL.md;03-domain/contexts/BC05/aggregates/AGG-ROLE-REQUIREMENT.md;03-domain/contexts/BC05/aggregates/AGG-SCENARIO.md;03-domain/contexts/BC05/aggregates/AGG-SHIPMENT.md;03-domain/contexts/BC05/aggregates/AGG-SIMULATION.md;03-domain/contexts/BC06/aggregates/AGG-ARCHIVE-PACKAGE.md;03-domain/contexts/BC06/aggregates/AGG-DISTRIBUTION.md;03-domain/contexts/BC06/aggregates/AGG-KNOWLEDGE-OBJECT.md;03-domain/contexts/BC06/aggregates/AGG-PRODUCT-TEMPLATE.md;03-domain/contexts/BC06/aggregates/AGG-PRODUCT.md;03-domain/contexts/BC06/aggregates/AGG-RECONSTRUCTION.md;03-domain/contexts/BC07/aggregates/AGG-ADAPTER.md;03-domain/contexts/BC07/aggregates/AGG-AI-REQUEST.md;03-domain/contexts/BC07/aggregates/AGG-AI-RESULT.md;03-domain/contexts/BC07/aggregates/AGG-AI-ROUTING.md;03-domain/contexts/BC07/aggregates/AGG-AI-TOOL.md;03-domain/contexts/BC07/aggregates/AGG-EVAL-SUITE.md;03-domain/contexts/BC07/aggregates/AGG-INTEGRATION-CONNECTION.md;03-domain/contexts/BC07/aggregates/AGG-MODEL-VERSION.md;03-domain/contexts/BC07/aggregates/AGG-PRELOAD-PACKAGE.md;03-domain/contexts/BC07/aggregates/AGG-PROJECTION-VERSION.md;03-domain/contexts/BC07/aggregates/AGG-SENSOR-STREAM.md;03-domain/contexts/BC07/aggregates/AGG-SYNC-CONFLICT.md;03-domain/contexts/BC07/aggregates/AGG-SYNC-SESSION.md;03-domain/contexts/BC08/aggregates/AGG-CLASSIFICATION-SCHEME.md;03-domain/contexts/BC08/aggregates/AGG-DISPOSITION-RUN.md;03-domain/contexts/BC08/aggregates/AGG-ERASURE-REQUEST.md;03-domain/contexts/BC08/aggregates/AGG-LEGAL-HOLD.md;03-domain/contexts/BC08/aggregates/AGG-POLICY-SET.md;03-domain/contexts/BC08/aggregates/AGG-RETENTION-SCHEDULE.md;03-domain/contexts/BC08/aggregates/AGG-SECURITY-EXCEPTION.md;06-data/logical-model/slc-01.md;13-verification/fitness-functions.md;13-verification/acceptance/SLC-01/invariants-slc01.md;13-verification/tooling/spec-tooling.md;15-traceability/trace-platform.md;15-traceability/trace-slc01.md"
"FIT-05","4","yes","00-governance/decisions/ADR-P01.md;06-data/logical-model/slc-02.md;09-reliability/fmea-slc02.md;13-verification/fitness-functions.md"
"FIT-06","2","yes","00-governance/decisions/ADR-P03.md;13-verification/fitness-functions.md"
"FIT-07","2","yes","00-governance/decisions/ADR-P13.md;13-verification/fitness-functions.md"
"FIT-08","2","yes","00-governance/decisions/ADR-P16.md;13-verification/fitness-functions.md"
"FIT-09","4","yes","06-data/logical-model/slc-01.md;13-verification/fitness-functions.md;16-reports/ANTI-PATTERN-REPORT-R1.md;16-reports/CONSISTENCY-CHECK-W3.md"
"FIT-10","2","yes","03-domain/contexts/BC02/claims-temporal-kernel.md;13-verification/fitness-functions.md"
"FIT-11","4","yes","03-domain/contexts/BC07/aggregates/AGG-PROJECTION-VERSION.md;13-verification/fitness-functions.md;13-verification/tooling/slice-sources.md;16-reports/ANTI-PATTERN-REPORT-R1.md"
"FIT-12","8","yes","03-domain/contexts/BC03/analysis-reproducibility-spec.md;03-domain/contexts/BC07/aggregates/AGG-AI-TOOL.md;12-solution/c4-context.md;12-solution/technology-decisions.md;13-verification/fitness-functions.md;13-verification/tooling/slice-sources.md;15-traceability/trace-platform.md;16-reports/IMPLEMENTATION-READINESS-R1.md"
"FIT-13","2","yes","13-verification/fitness-functions.md;15-traceability/trace-platform.md"
"FIT-14","3","yes","13-verification/fitness-functions.md;15-traceability/quality-verification-matrix.md;15-traceability/trace-platform.md"
"FIT-15","1","yes","13-verification/fitness-functions.md"
"FIT-16","3","yes","13-verification/fitness-functions.md;14-slices/SLC-01/readiness.md;16-reports/CONSISTENCY-CHECK-W3.md"
"FIT-17","1","yes","13-verification/fitness-functions.md"
"FIT-18","2","yes","00-governance/decisions/ADR-P05.md;13-verification/fitness-functions.md"
"FIT-19","10","yes","00-governance/registers/corrections.md;00-governance/registers/risks.md;08-security/key-hierarchy-and-disposition.md;09-reliability/dr-and-continuity.md;13-verification/fitness-functions.md;15-traceability/quality-verification-matrix.md;16-reports/ANTI-PATTERN-REPORT-R2.md;16-reports/ARCHITECTURE-REVIEW-R1.md;16-reports/IMPLEMENTATION-READINESS-R1.md;16-reports/SESSION-W4-W7-SLC12a.md"
"FITNESS-FUNCTIONS","1","yes","13-verification/fitness-functions.md"
"FMEA-SLC01","1","yes","09-reliability/fmea-slc01.md"
"FMEA-SLC02","1","yes","09-reliability/fmea-slc02.md"
"FMEA-SLC03","1","yes","09-reliability/fmea-slc03.md"
"FMEA-SLC04","1","yes","09-reliability/fmea-slc04.md"
"FMEA-SLC05","1","yes","09-reliability/fmea-slc05.md"
"FMEA-SLC06","1","yes","09-reliability/fmea-slc06.md"
"FMEA-SLC07","1","yes","09-reliability/fmea-slc07.md"
"FMEA-SLC08","1","yes","09-reliability/fmea-slc08.md"
"FMEA-SLC09","1","yes","09-reliability/fmea-slc09.md"
"FMEA-SLC10","1","yes","09-reliability/fmea-slc10.md"
"FMEA-SLC11","1","yes","09-reliability/fmea-slc11.md"
"FMEA-SLC12","1","yes","09-reliability/fmea-slc12.md"
"FMEA-SLC12A","1","yes","09-reliability/fmea-slc12a.md"
"FMEA-SLC14","1","yes","09-reliability/fmea-slc14.md"
"FMEA-SLC15","1","yes","09-reliability/fmea-slc15.md"
"FMEA-SLC16","1","yes","09-reliability/fmea-slc16.md"
"FMEA-SLC17","1","yes","09-reliability/fmea-slc17.md"
"FMEA-SLC18","1","yes","09-reliability/fmea-slc18.md"
"FMEA-SLC19","1","yes","09-reliability/fmea-slc19.md"
"FM-S01-01","1","yes","09-reliability/fmea-slc01.md"
"FM-S01-02","1","yes","09-reliability/fmea-slc01.md"
"FM-S01-03","2","yes","09-reliability/fmea-slc01.md;15-traceability/trace-slc01.md"
"FM-S01-04","1","yes","09-reliability/fmea-slc01.md"
"FM-S01-05","1","yes","09-reliability/fmea-slc01.md"
"FM-S01-06","1","yes","09-reliability/fmea-slc01.md"
"FM-S01-07","1","yes","09-reliability/fmea-slc01.md"
"FM-S01-08","3","yes","08-security/key-hierarchy-and-disposition.md;09-reliability/fmea-slc01.md;12-solution/technology-decisions.md"
"FM-S01-09","1","yes","09-reliability/fmea-slc01.md"
"FM-S02-01","1","yes","09-reliability/fmea-slc02.md"
"FM-S02-02","1","yes","09-reliability/fmea-slc02.md"
"FM-S02-03","1","yes","09-reliability/fmea-slc02.md"
"FM-S02-04","1","yes","09-reliability/fmea-slc02.md"
"FM-S02-05","1","yes","09-reliability/fmea-slc02.md"
"FM-S02-06","1","yes","09-reliability/fmea-slc02.md"
"FM-S02-07","1","yes","09-reliability/fmea-slc02.md"
"FM-S02-08","1","yes","09-reliability/fmea-slc02.md"
"FM-S03-01","2","yes","03-domain/contexts/BC04/task-lifecycle-rules.md;09-reliability/fmea-slc03.md"
"FM-S03-02","1","yes","09-reliability/fmea-slc03.md"
"FM-S03-03","1","yes","09-reliability/fmea-slc03.md"
"FM-S03-04","2","yes","03-domain/contexts/BC07/field-sync-protocol.md;09-reliability/fmea-slc03.md"
"FM-S04-01","1","yes","09-reliability/fmea-slc04.md"
"FM-S04-02","1","yes","09-reliability/fmea-slc04.md"
"FM-S04-03","1","yes","09-reliability/fmea-slc04.md"
"FM-S04-04","1","yes","09-reliability/fmea-slc04.md"
"FM-S05-01","1","yes","09-reliability/fmea-slc05.md"
"FM-S05-02","1","yes","09-reliability/fmea-slc05.md"
"FM-S05-03","1","yes","09-reliability/fmea-slc05.md"
"FM-S05-04","1","yes","09-reliability/fmea-slc05.md"
"FM-S05-05","1","yes","09-reliability/fmea-slc05.md"
"FM-S06-01","1","yes","09-reliability/fmea-slc06.md"
"FM-S06-02","1","yes","09-reliability/fmea-slc06.md"
"FM-S06-03","1","yes","09-reliability/fmea-slc06.md"
"FM-S06-04","1","yes","09-reliability/fmea-slc06.md"
"FM-S06-05","1","yes","09-reliability/fmea-slc06.md"
"FM-S07-01","1","yes","09-reliability/fmea-slc07.md"
"FM-S07-02","1","yes","09-reliability/fmea-slc07.md"
"FM-S07-03","1","yes","09-reliability/fmea-slc07.md"
"FM-S07-04","1","yes","09-reliability/fmea-slc07.md"
"FM-S08-01","1","yes","09-reliability/fmea-slc08.md"
"FM-S08-02","1","yes","09-reliability/fmea-slc08.md"
"FM-S08-03","1","yes","09-reliability/fmea-slc08.md"
"FM-S09-01","1","yes","09-reliability/fmea-slc09.md"
"FM-S09-02","1","yes","09-reliability/fmea-slc09.md"
"FM-S09-03","1","yes","09-reliability/fmea-slc09.md"
"FM-S10-01","1","yes","09-reliability/fmea-slc10.md"
"FM-S10-02","1","yes","09-reliability/fmea-slc10.md"
"FM-S10-03","1","yes","09-reliability/fmea-slc10.md"
"FM-S10-04","1","yes","09-reliability/fmea-slc10.md"
"FM-S11-01","1","yes","09-reliability/fmea-slc11.md"
"FM-S11-02","1","yes","09-reliability/fmea-slc11.md"
"FM-S11-03","1","yes","09-reliability/fmea-slc11.md"
"FM-S11-04","1","yes","09-reliability/fmea-slc11.md"
"FM-S12-01","1","yes","09-reliability/fmea-slc12a.md"
"FM-S12-02","1","yes","09-reliability/fmea-slc12a.md"
"FM-S12-03","1","yes","09-reliability/fmea-slc12a.md"
"FM-S12-P1","1","yes","09-reliability/fmea-slc12.md"
"FM-S12-P2","1","yes","09-reliability/fmea-slc12.md"
"FM-S12-P3","1","yes","09-reliability/fmea-slc12.md"
"FM-S14-01","1","yes","09-reliability/fmea-slc14.md"
"FM-S15-01","1","yes","09-reliability/fmea-slc15.md"
"FM-S16-01","1","yes","09-reliability/fmea-slc16.md"
"FM-S16-02","1","yes","09-reliability/fmea-slc16.md"
"FM-S17-01","1","yes","09-reliability/fmea-slc17.md"
"FM-S17-02","4","yes","03-domain/contexts/BC04/risk-contingency-spec.md;09-reliability/fmea-slc17.md;14-slices/SLC-17/atam-lite.md;16-reports/SESSION-W4-W7-SLC17.md"
"FM-S18-01","3","yes","09-reliability/fmea-slc18.md;14-slices/SLC-18/readiness.md;16-reports/SESSION-W4-W7-SLC18.md"
"FM-S18-02","2","yes","09-reliability/fmea-slc18.md;16-reports/SESSION-W4-W7-SLC18.md"
"FM-S19-01","2","yes","09-reliability/fmea-slc19.md;16-reports/SESSION-W4-W7-SLC19.md"
"FM-S19-02","1","yes","09-reliability/fmea-slc19.md"
"GATE-FINAL-R1","1","yes","16-reports/gate-reports/GATE-STATUS-FINAL-R1.md"
"GATE-SLC01","1","yes","16-reports/gate-reports/GATE-STATUS-SLC01.md"
"GATE-SLC02","1","yes","16-reports/gate-reports/GATE-STATUS-SLC02.md"
"GATE-SLC03","1","yes","16-reports/gate-reports/GATE-STATUS-SLC03.md"
"GATE-SLC04","1","yes","16-reports/gate-reports/GATE-STATUS-SLC04.md"
"GATE-SLC05","1","yes","16-reports/gate-reports/GATE-STATUS-SLC05.md"
"GATE-SLC06","1","yes","16-reports/gate-reports/GATE-STATUS-SLC06.md"
"GATE-SLC07","1","yes","16-reports/gate-reports/GATE-STATUS-SLC07.md"
"GATE-SLC08","1","yes","16-reports/gate-reports/GATE-STATUS-SLC08.md"
"GATE-SLC11","1","yes","16-reports/gate-reports/GATE-STATUS-SLC11.md"
"GATE-SLC12A","1","yes","16-reports/gate-reports/GATE-STATUS-SLC12a.md"
"GATE-STATUS-W0.","1","no","16-reports/SESSION-W0.md"
"GATE-STATUS-W8","1","no","16-reports/IMPLEMENTATION-READINESS-R1.md"
"GATE-W0","1","yes","16-reports/gate-reports/GATE-STATUS-W0.md"
"GATE-W1","1","yes","16-reports/gate-reports/GATE-STATUS-W1.md"
"GATE-W2","1","yes","16-reports/gate-reports/GATE-STATUS-W2.md"
"GATE-W3","1","yes","16-reports/gate-reports/GATE-STATUS-W3.md"
"GATE-W8","1","yes","16-reports/gate-reports/GATE-STATUS-W8.md"
"GOV-005","4","no","03-domain/contexts/BC07/commands-slc16.md;03-domain/contexts/BC07/aggregates/AGG-INTEGRATION-CONNECTION.md;08-security/threat-model-slc16.md;13-verification/tooling/slice-sources.md"
"HAP-01","9","yes","00-governance/RATIFICATION-PACKAGE.md;00-governance/elicitation/W1-answers.md;00-governance/elicitation/W1-questions.md;00-governance/registers/human-approvals.md;01-business/system-definition.md;16-reports/SESSION-W0.md;16-reports/gate-reports/GATE-STATUS-FINAL-R1.md;16-reports/gate-reports/GATE-STATUS-W0.md;16-reports/gate-reports/GATE-STATUS-W1.md"
"HAP-02","13","yes","00-governance/RATIFICATION-PACKAGE.md;00-governance/elicitation/W1-answers.md;00-governance/elicitation/W1-questions.md;00-governance/registers/assumptions.md;00-governance/registers/human-approvals.md;00-governance/registers/risks.md;00-governance/registers/technical-debt.md;00-governance/registers/unknowns.md;14-slices/slices.md;16-reports/SESSION-W0.md;16-reports/SESSION-W1.md;16-reports/gate-reports/GATE-STATUS-W0.md;16-reports/gate-reports/GATE-STATUS-W1.md"
"HAP-03","4","yes","00-governance/RATIFICATION-PACKAGE.md;00-governance/decisions/ADR-P08.md;00-governance/registers/dependencies.md;00-governance/registers/human-approvals.md"
"HAP-04","11","yes","00-governance/RATIFICATION-PACKAGE.md;00-governance/decisions/ADR-P01.md;00-governance/decisions/ADR-P02.md;00-governance/decisions/ADR-P03.md;00-governance/decisions/ADR-P07.md;00-governance/decisions/ADR-P09.md;00-governance/decisions/ADR-P13.md;00-governance/decisions/ADR-P14.md;00-governance/decisions/ADR-P15.md;00-governance/decisions/ADR-P16.md;00-governance/registers/human-approvals.md"
"HAP-05","7","yes","00-governance/RATIFICATION-PACKAGE.md;00-governance/decisions/ADR-P04.md;00-governance/decisions/ADR-P06.md;00-governance/decisions/ADR-P11.md;00-governance/decisions/ADR-P12.md;00-governance/registers/dependencies.md;00-governance/registers/human-approvals.md"
"HAP-06","6","yes","00-governance/RATIFICATION-PACKAGE.md;00-governance/decisions/ADR-P10.md;00-governance/elicitation/W1-answers.md;00-governance/registers/human-approvals.md;02-requirements/requirements.md;10-ai/autonomy-matrix.md"
"HAP-07","3","yes","00-governance/RATIFICATION-PACKAGE.md;00-governance/elicitation/W1-answers.md;00-governance/registers/human-approvals.md"
"HAP-08","3","yes","00-governance/RATIFICATION-PACKAGE.md;00-governance/decisions/ADR-P05.md;00-governance/registers/human-approvals.md"
"HAP-09","21","yes","00-governance/RATIFICATION-PACKAGE.md;00-governance/registers/human-approvals.md;14-slices/SLC-01/readiness.md;14-slices/SLC-02/readiness.md;14-slices/SLC-03/readiness.md;14-slices/SLC-04/readiness.md;14-slices/SLC-05/readiness.md;14-slices/SLC-06/readiness.md;14-slices/SLC-07/readiness.md;14-slices/SLC-08/readiness.md;14-slices/SLC-11/readiness.md;14-slices/SLC-12a/readiness.md;16-reports/SESSION-W4-W7-SLC01.md;16-reports/SESSION-W4-W7-SLC02.md;16-reports/SESSION-W4-W7-SLC03.md;16-reports/SESSION-W4-W7-SLC04.md;16-reports/SESSION-W4-W7-SLC05.md;16-reports/SESSION-W4-W7-SLC06.md;16-reports/SESSION-W4-W7-SLC07.md;16-reports/SESSION-W4-W7-SLC08.md;16-reports/SESSION-W4-W7-SLC12a.md"
"HAP-10","3","yes","00-governance/RATIFICATION-PACKAGE.md;00-governance/registers/human-approvals.md;16-reports/IMPLEMENTATION-READINESS-R1.md"
"HAP-11","6","yes","README.md;00-governance/RATIFICATION-PACKAGE.md;00-governance/registers/human-approvals.md;16-reports/IMPLEMENTATION-READINESS-R1.md;16-reports/SESSION-W2.md;16-reports/SESSION-W3.md"
"HAZARD-CATEGORIES","1","no","03-domain/contexts/BC05/logistics-spec.md"
"INV-ACS-01","3","yes","03-domain/contexts/BC03/aggregates/AGG-ANALYSIS-CASE.md;13-verification/acceptance/SLC-07/invariants-slc07.md;13-verification/tooling/slice-sources.md"
"INV-ACS-02","3","yes","03-domain/contexts/BC03/aggregates/AGG-ANALYSIS-CASE.md;13-verification/acceptance/SLC-07/invariants-slc07.md;13-verification/tooling/slice-sources.md"
"INV-ACS-03","2","yes","03-domain/contexts/BC03/aggregates/AGG-ANALYSIS-CASE.md;13-verification/tooling/slice-sources.md"
"INV-ACS-04","2","yes","03-domain/contexts/BC03/aggregates/AGG-ANALYSIS-CASE.md;13-verification/tooling/slice-sources.md"
"INV-ADP-01","2","yes","03-domain/contexts/BC07/aggregates/AGG-ADAPTER.md;13-verification/tooling/slice-sources.md"
"INV-ADP-02","2","yes","03-domain/contexts/BC07/aggregates/AGG-ADAPTER.md;13-verification/tooling/slice-sources.md"
"INV-ADP-03","2","yes","03-domain/contexts/BC07/aggregates/AGG-ADAPTER.md;13-verification/tooling/slice-sources.md"
"INV-AIR-01","2","yes","03-domain/contexts/BC07/aggregates/AGG-AI-REQUEST.md;13-verification/tooling/slice-sources.md"
"INV-AIR-02","2","yes","03-domain/contexts/BC07/aggregates/AGG-AI-REQUEST.md;13-verification/tooling/slice-sources.md"
"INV-AIR-03","2","yes","03-domain/contexts/BC07/aggregates/AGG-AI-REQUEST.md;13-verification/tooling/slice-sources.md"
"INV-AIR-04","2","yes","03-domain/contexts/BC07/aggregates/AGG-AI-REQUEST.md;13-verification/tooling/slice-sources.md"
"INV-AIR-05","2","yes","03-domain/contexts/BC07/aggregates/AGG-AI-REQUEST.md;13-verification/tooling/slice-sources.md"
"INV-AIRS-01","3","yes","03-domain/contexts/BC07/aggregates/AGG-AI-RESULT.md;03-domain/contexts/BC07/aggregates/AGG-AI-TOOL.md;13-verification/tooling/slice-sources.md"
"INV-AIRS-02","2","yes","03-domain/contexts/BC07/aggregates/AGG-AI-RESULT.md;13-verification/tooling/slice-sources.md"
"INV-AIRS-03","2","yes","03-domain/contexts/BC07/aggregates/AGG-AI-RESULT.md;13-verification/tooling/slice-sources.md"
"INV-ALC-01","2","yes","03-domain/contexts/BC05/aggregates/AGG-ALLOCATION.md;13-verification/tooling/slice-sources.md"
"INV-ALC-02","3","yes","03-domain/contexts/BC05/allocation-readiness-spec.md;03-domain/contexts/BC05/aggregates/AGG-ALLOCATION.md;13-verification/tooling/slice-sources.md"
"INV-ALC-03","2","yes","03-domain/contexts/BC05/aggregates/AGG-ALLOCATION.md;13-verification/tooling/slice-sources.md"
"INV-ALC-04","2","yes","03-domain/contexts/BC05/aggregates/AGG-ALLOCATION.md;13-verification/tooling/slice-sources.md"
"INV-ALR-01","2","yes","03-domain/contexts/BC03/aggregates/AGG-ALERT.md;13-verification/tooling/slice-sources.md"
"INV-ALR-02","7","yes","03-domain/contexts/BC03/situation-alerting-spec.md;03-domain/contexts/BC03/aggregates/AGG-ALERT-RULE.md;03-domain/contexts/BC03/aggregates/AGG-ALERT.md;08-security/label-derivation-rules.md;08-security/threat-model-slc06.md;13-verification/acceptance/SLC-06/invariants-slc06.md;13-verification/tooling/slice-sources.md"
"INV-ALR-03","3","yes","03-domain/contexts/BC03/situation-alerting-spec.md;03-domain/contexts/BC03/aggregates/AGG-ALERT.md;13-verification/tooling/slice-sources.md"
"INV-AMT-01","2","yes","03-domain/contexts/BC03/aggregates/AGG-ANALYSIS-METHOD.md;13-verification/tooling/slice-sources.md"
"INV-AMT-02","2","yes","03-domain/contexts/BC03/aggregates/AGG-ANALYSIS-METHOD.md;13-verification/tooling/slice-sources.md"
"INV-ARC-01","2","yes","03-domain/contexts/BC06/aggregates/AGG-ARCHIVE-PACKAGE.md;13-verification/tooling/slice-sources.md"
"INV-ARC-02","2","yes","03-domain/contexts/BC06/aggregates/AGG-ARCHIVE-PACKAGE.md;13-verification/tooling/slice-sources.md"
"INV-ARC-03","2","yes","03-domain/contexts/BC06/aggregates/AGG-ARCHIVE-PACKAGE.md;13-verification/tooling/slice-sources.md"
"INV-ARC-04","2","yes","03-domain/contexts/BC06/aggregates/AGG-ARCHIVE-PACKAGE.md;13-verification/tooling/slice-sources.md"
"INV-ARL-01","3","yes","03-domain/contexts/BC03/aggregates/AGG-ALERT-RULE.md;13-verification/acceptance/SLC-06/invariants-slc06.md;13-verification/tooling/slice-sources.md"
"INV-ARL-02","2","yes","03-domain/contexts/BC03/aggregates/AGG-ALERT-RULE.md;13-verification/tooling/slice-sources.md"
"INV-ARL-03","2","yes","03-domain/contexts/BC03/aggregates/AGG-ALERT-RULE.md;13-verification/tooling/slice-sources.md"
"INV-ASG-01","2","yes","03-domain/contexts/BC05/aggregates/AGG-ASSET-ASSIGNMENT.md;13-verification/tooling/slice-sources.md"
"INV-ASG-02","2","yes","03-domain/contexts/BC05/aggregates/AGG-ASSET-ASSIGNMENT.md;13-verification/tooling/slice-sources.md"
"INV-ASM-01","2","yes","03-domain/contexts/BC03/aggregates/AGG-ASSESSMENT.md;13-verification/tooling/slice-sources.md"
"INV-ASM-02","2","yes","03-domain/contexts/BC03/aggregates/AGG-ASSESSMENT.md;13-verification/tooling/slice-sources.md"
"INV-ASM-03","4","yes","03-domain/contexts/BC03/aggregates/AGG-ASSESSMENT.md;03-domain/contexts/BC04/aggregates/AGG-DECISION-REQUEST.md;13-verification/acceptance/SLC-07/invariants-slc07.md;13-verification/tooling/slice-sources.md"
"INV-ASM-04","2","yes","03-domain/contexts/BC03/aggregates/AGG-ASSESSMENT.md;13-verification/tooling/slice-sources.md"
"INV-AST-01","6","yes","03-domain/contexts/BC05/allocation-readiness-spec.md;03-domain/contexts/BC05/commands-slc09.md;03-domain/contexts/BC05/aggregates/AGG-ASSET-RESERVATION.md;03-domain/contexts/BC05/aggregates/AGG-ASSET.md;03-domain/contexts/BC05/aggregates/AGG-MAINTENANCE-ORDER.md;13-verification/tooling/slice-sources.md"
"INV-AST-02","5","yes","03-domain/contexts/BC05/commands-slc18.md;03-domain/contexts/BC05/logistics-spec.md;03-domain/contexts/BC05/aggregates/AGG-ASSET.md;03-domain/contexts/BC05/aggregates/AGG-SHIPMENT.md;13-verification/tooling/slice-sources.md"
"INV-AST-03","2","yes","03-domain/contexts/BC05/aggregates/AGG-ASSET.md;13-verification/tooling/slice-sources.md"
"INV-AST-04","2","yes","03-domain/contexts/BC05/aggregates/AGG-ASSET.md;13-verification/tooling/slice-sources.md"
"INV-ATT-01","2","yes","03-domain/contexts/BC02/aggregates/AGG-ATTACHMENT.md;13-verification/tooling/slice-sources.md"
"INV-ATT-02","2","yes","03-domain/contexts/BC02/aggregates/AGG-ATTACHMENT.md;13-verification/tooling/slice-sources.md"
"INV-ATT-03","2","yes","03-domain/contexts/BC02/aggregates/AGG-ATTACHMENT.md;13-verification/tooling/slice-sources.md"
"INV-ATT-04","2","yes","03-domain/contexts/BC02/aggregates/AGG-ATTACHMENT.md;13-verification/tooling/slice-sources.md"
"INV-AUT-01","4","yes","03-domain/contexts/BC01/aggregates/AGG-AUTHORITY-GRANT.md;08-security/threat-model-slc01.md;13-verification/acceptance/SLC-01/invariants-slc01.md;13-verification/tooling/slice-sources.md"
"INV-AUT-02","3","yes","03-domain/contexts/BC01/aggregates/AGG-AUTHORITY-GRANT.md;13-verification/acceptance/SLC-01/invariants-slc01.md;13-verification/tooling/slice-sources.md"
"INV-AUT-03","4","yes","00-governance/glossary.md;03-domain/contexts/BC01/aggregates/AGG-AUTHORITY-GRANT.md;13-verification/acceptance/SLC-01/invariants-slc01.md;13-verification/tooling/slice-sources.md"
"INV-AUT-04","3","yes","03-domain/contexts/BC01/aggregates/AGG-AUTHORITY-GRANT.md;13-verification/acceptance/SLC-01/invariants-slc01.md;13-verification/tooling/slice-sources.md"
"INV-CAP-01","2","yes","03-domain/contexts/BC03/aggregates/AGG-CAP-MESSAGE.md;13-verification/tooling/slice-sources.md"
"INV-CAP-02","2","yes","03-domain/contexts/BC03/aggregates/AGG-CAP-MESSAGE.md;13-verification/tooling/slice-sources.md"
"INV-CAP-03","2","yes","03-domain/contexts/BC03/aggregates/AGG-CAP-MESSAGE.md;13-verification/tooling/slice-sources.md"
"INV-CLM-01","3","yes","03-domain/contexts/BC02/aggregates/AGG-CLAIM.md;13-verification/tooling/slice-sources.md;16-reports/ARCHITECTURE-REVIEW-R1.md"
"INV-CLM-02","3","yes","03-domain/contexts/BC02/claims-temporal-kernel.md;03-domain/contexts/BC02/aggregates/AGG-CLAIM.md;13-verification/tooling/slice-sources.md"
"INV-CLM-03","2","yes","03-domain/contexts/BC02/aggregates/AGG-CLAIM.md;13-verification/tooling/slice-sources.md"
"INV-CLM-04","2","yes","03-domain/contexts/BC02/aggregates/AGG-CLAIM.md;13-verification/tooling/slice-sources.md"
"INV-CLM-05","2","yes","03-domain/contexts/BC02/aggregates/AGG-CLAIM.md;13-verification/tooling/slice-sources.md"
"INV-CLR-01","2","yes","03-domain/contexts/BC01/aggregates/AGG-CLEARANCE.md;13-verification/tooling/slice-sources.md"
"INV-CLR-02","3","yes","03-domain/contexts/BC01/aggregates/AGG-CLEARANCE.md;08-security/threat-model-slc01.md;13-verification/tooling/slice-sources.md"
"INV-CLR-03","3","yes","03-domain/contexts/BC01/aggregates/AGG-CLEARANCE.md;13-verification/acceptance/SLC-01/invariants-slc01.md;13-verification/tooling/slice-sources.md"
"INV-CLR-04","2","yes","03-domain/contexts/BC01/aggregates/AGG-CLEARANCE.md;13-verification/tooling/slice-sources.md"
"INV-CLS-01","2","yes","03-domain/contexts/BC08/aggregates/AGG-CLASSIFICATION-SCHEME.md;13-verification/tooling/slice-sources.md"
"INV-CLS-02","2","yes","03-domain/contexts/BC08/aggregates/AGG-CLASSIFICATION-SCHEME.md;13-verification/tooling/slice-sources.md"
"INV-CLS-03","3","yes","03-domain/contexts/BC08/aggregates/AGG-CLASSIFICATION-SCHEME.md;13-verification/acceptance/SLC-01/invariants-slc01.md;13-verification/tooling/slice-sources.md"
"INV-CLS-04","3","yes","00-governance/registers/corrections.md;03-domain/contexts/BC08/aggregates/AGG-CLASSIFICATION-SCHEME.md;13-verification/tooling/slice-sources.md"
"INV-CNF-01","2","yes","03-domain/contexts/BC02/aggregates/AGG-CONFLICT.md;13-verification/tooling/slice-sources.md"
"INV-CNF-02","2","yes","03-domain/contexts/BC02/aggregates/AGG-CONFLICT.md;13-verification/tooling/slice-sources.md"
"INV-CNF-03","2","yes","03-domain/contexts/BC02/aggregates/AGG-CONFLICT.md;13-verification/tooling/slice-sources.md"
"INV-CNF-04","9","yes","03-domain/contexts/BC02/conflict-detection-engine.md;03-domain/contexts/BC02/queries-slc04.md;03-domain/contexts/BC02/aggregates/AGG-CONFLICT.md;05-contracts/openapi-information-slc04.md;08-security/label-derivation-rules.md;08-security/policies-slc04.md;08-security/threat-model-slc04.md;13-verification/acceptance/SLC-04/invariants-slc04.md;13-verification/tooling/slice-sources.md"
"INV-CNF-05","2","yes","03-domain/contexts/BC02/aggregates/AGG-CONFLICT.md;13-verification/tooling/slice-sources.md"
"INV-CON-01","2","yes","03-domain/contexts/BC07/aggregates/AGG-INTEGRATION-CONNECTION.md;13-verification/tooling/slice-sources.md"
"INV-CON-02","3","yes","03-domain/contexts/BC07/commands-slc16.md;03-domain/contexts/BC07/aggregates/AGG-INTEGRATION-CONNECTION.md;13-verification/tooling/slice-sources.md"
"INV-CON-03","2","yes","03-domain/contexts/BC07/aggregates/AGG-INTEGRATION-CONNECTION.md;13-verification/tooling/slice-sources.md"
"INV-CPL-01","2","yes","03-domain/contexts/BC02/aggregates/AGG-COLLECTION-PLAN.md;13-verification/tooling/slice-sources.md"
"INV-CPL-02","2","yes","03-domain/contexts/BC02/aggregates/AGG-COLLECTION-PLAN.md;13-verification/tooling/slice-sources.md"
"INV-CRD-01","2","yes","03-domain/contexts/BC04/aggregates/AGG-COORDINATION-CASE.md;13-verification/tooling/slice-sources.md"
"INV-CRD-02","4","yes","00-governance/glossary.md;03-domain/contexts/BC04/aggregates/AGG-COORDINATION-CASE.md;08-security/threat-model-slc15.md;13-verification/tooling/slice-sources.md"
"INV-CRD-03","4","yes","03-domain/contexts/BC02/correlation-fusion-spec.md;03-domain/contexts/BC04/aggregates/AGG-COORDINATION-CASE.md;08-security/threat-model-slc15.md;13-verification/tooling/slice-sources.md"
"INV-CRD-04","2","yes","03-domain/contexts/BC04/aggregates/AGG-COORDINATION-CASE.md;13-verification/tooling/slice-sources.md"
"INV-CRP-01","2","yes","03-domain/contexts/BC02/aggregates/AGG-CORRELATION-PROPOSAL.md;13-verification/tooling/slice-sources.md"
"INV-CRP-02","2","yes","03-domain/contexts/BC02/aggregates/AGG-CORRELATION-PROPOSAL.md;13-verification/tooling/slice-sources.md"
"INV-CRP-03","2","yes","03-domain/contexts/BC02/aggregates/AGG-CORRELATION-PROPOSAL.md;13-verification/tooling/slice-sources.md"
"INV-CRP-04","5","yes","00-governance/glossary.md;03-domain/contexts/BC02/correlation-fusion-spec.md;03-domain/contexts/BC02/aggregates/AGG-CORRELATION-PROPOSAL.md;08-security/threat-model-slc15.md;13-verification/tooling/slice-sources.md"
"INV-CRQ-01","3","yes","03-domain/contexts/BC02/aggregates/AGG-COLLECTION-REQUIREMENT.md;08-security/threat-model-slc14.md;13-verification/tooling/slice-sources.md"
"INV-CRQ-02","2","yes","03-domain/contexts/BC02/aggregates/AGG-COLLECTION-REQUIREMENT.md;13-verification/tooling/slice-sources.md"
"INV-CRQ-03","2","yes","03-domain/contexts/BC02/aggregates/AGG-COLLECTION-REQUIREMENT.md;13-verification/tooling/slice-sources.md"
"INV-CRQ-04","2","yes","03-domain/contexts/BC02/aggregates/AGG-COLLECTION-REQUIREMENT.md;13-verification/tooling/slice-sources.md"
"INV-CRR-01","2","yes","03-domain/contexts/BC02/aggregates/AGG-CORRELATION-RULE.md;13-verification/tooling/slice-sources.md"
"INV-CRR-02","2","yes","03-domain/contexts/BC02/aggregates/AGG-CORRELATION-RULE.md;13-verification/tooling/slice-sources.md"
"INV-DEC-01","2","yes","03-domain/contexts/BC04/aggregates/AGG-DECISION.md;13-verification/tooling/slice-sources.md"
"INV-DEC-02","2","yes","03-domain/contexts/BC04/aggregates/AGG-DECISION.md;13-verification/tooling/slice-sources.md"
"INV-DEC-03","2","yes","03-domain/contexts/BC04/aggregates/AGG-DECISION.md;13-verification/tooling/slice-sources.md"
"INV-DEC-04","2","yes","03-domain/contexts/BC04/aggregates/AGG-DECISION.md;13-verification/tooling/slice-sources.md"
"INV-DEV-01","2","yes","03-domain/contexts/BC01/aggregates/AGG-DEVICE.md;13-verification/tooling/slice-sources.md"
"INV-DEV-02","2","yes","03-domain/contexts/BC01/aggregates/AGG-DEVICE.md;13-verification/tooling/slice-sources.md"
"INV-DEV-03","2","yes","03-domain/contexts/BC01/aggregates/AGG-DEVICE.md;13-verification/tooling/slice-sources.md"
"INV-DEV-04","2","yes","03-domain/contexts/BC01/aggregates/AGG-DEVICE.md;13-verification/tooling/slice-sources.md"
"INV-DRQ-01","2","yes","03-domain/contexts/BC04/aggregates/AGG-DECISION-REQUEST.md;13-verification/tooling/slice-sources.md"
"INV-DRQ-02","2","yes","03-domain/contexts/BC04/aggregates/AGG-DECISION-REQUEST.md;13-verification/tooling/slice-sources.md"
"INV-DRQ-03","2","yes","03-domain/contexts/BC04/aggregates/AGG-DECISION-REQUEST.md;13-verification/tooling/slice-sources.md"
"INV-DSP","1","no","08-security/key-hierarchy-and-disposition.md"
"INV-DSP-01","2","yes","03-domain/contexts/BC08/aggregates/AGG-DISPOSITION-RUN.md;13-verification/tooling/slice-sources.md"
"INV-DSP-02","3","yes","03-domain/contexts/BC08/aggregates/AGG-DISPOSITION-RUN.md;08-security/key-hierarchy-and-disposition.md;13-verification/tooling/slice-sources.md"
"INV-DSP-03","2","yes","03-domain/contexts/BC08/aggregates/AGG-DISPOSITION-RUN.md;13-verification/tooling/slice-sources.md"
"INV-DSP-04","2","yes","03-domain/contexts/BC08/aggregates/AGG-DISPOSITION-RUN.md;13-verification/tooling/slice-sources.md"
"INV-DST-01","2","yes","03-domain/contexts/BC06/aggregates/AGG-DISTRIBUTION.md;13-verification/tooling/slice-sources.md"
"INV-DST-02","2","yes","03-domain/contexts/BC06/aggregates/AGG-DISTRIBUTION.md;13-verification/tooling/slice-sources.md"
"INV-DST-03","2","yes","03-domain/contexts/BC06/aggregates/AGG-DISTRIBUTION.md;13-verification/tooling/slice-sources.md"
"INV-ENT-01","2","yes","03-domain/contexts/BC02/aggregates/AGG-ENTITY.md;13-verification/tooling/slice-sources.md"
"INV-ENT-02","7","yes","03-domain/contexts/BC02/claims-temporal-kernel.md;03-domain/contexts/BC02/queries-slc02.md;03-domain/contexts/BC02/aggregates/AGG-ENTITY.md;05-contracts/openapi-information-slc02.md;08-security/policies-slc02.md;13-verification/acceptance/SLC-02/invariants-slc02.md;13-verification/tooling/slice-sources.md"
"INV-ENT-03","2","yes","03-domain/contexts/BC02/aggregates/AGG-ENTITY.md;13-verification/tooling/slice-sources.md"
"INV-ER-01","3","yes","03-domain/contexts/BC02/aggregates/AGG-ER-CASE.md;13-verification/acceptance/SLC-04/invariants-slc04.md;13-verification/tooling/slice-sources.md"
"INV-ER-02","2","yes","03-domain/contexts/BC02/aggregates/AGG-ER-CASE.md;13-verification/tooling/slice-sources.md"
"INV-ER-03","3","yes","03-domain/contexts/BC02/aggregates/AGG-ER-CASE.md;13-verification/acceptance/SLC-04/invariants-slc04.md;13-verification/tooling/slice-sources.md"
"INV-ER-04","4","yes","03-domain/contexts/BC02/candidate-generation.md;03-domain/contexts/BC02/aggregates/AGG-ER-CASE.md;13-verification/acceptance/SLC-04/invariants-slc04.md;13-verification/tooling/slice-sources.md"
"INV-ER-05","3","yes","03-domain/contexts/BC02/aggregates/AGG-ER-CASE.md;13-verification/acceptance/SLC-04/invariants-slc04.md;13-verification/tooling/slice-sources.md"
"INV-ER-06","3","yes","00-governance/glossary.md;03-domain/contexts/BC02/aggregates/AGG-ER-CASE.md;13-verification/tooling/slice-sources.md"
"INV-ERS-01","2","yes","03-domain/contexts/BC08/aggregates/AGG-ERASURE-REQUEST.md;13-verification/tooling/slice-sources.md"
"INV-ERS-02","3","yes","03-domain/contexts/BC08/aggregates/AGG-ERASURE-REQUEST.md;13-verification/acceptance/SLC-12a/invariants-slc12a.md;13-verification/tooling/slice-sources.md"
"INV-ERS-03","3","yes","03-domain/contexts/BC08/aggregates/AGG-ERASURE-REQUEST.md;08-security/key-hierarchy-and-disposition.md;13-verification/tooling/slice-sources.md"
"INV-ERS-04","2","yes","03-domain/contexts/BC08/aggregates/AGG-ERASURE-REQUEST.md;13-verification/tooling/slice-sources.md"
"INV-EVD-01","2","yes","03-domain/contexts/BC02/aggregates/AGG-EVIDENCE.md;13-verification/tooling/slice-sources.md"
"INV-EVD-02","2","yes","03-domain/contexts/BC02/aggregates/AGG-EVIDENCE.md;13-verification/tooling/slice-sources.md"
"INV-EVD-03","2","yes","03-domain/contexts/BC02/aggregates/AGG-EVIDENCE.md;13-verification/tooling/slice-sources.md"
"INV-EVL-01","2","yes","03-domain/contexts/BC02/aggregates/AGG-EVIDENCE-LINK.md;13-verification/tooling/slice-sources.md"
"INV-EVL-02","3","yes","03-domain/contexts/BC02/aggregates/AGG-EVIDENCE-LINK.md;08-security/label-derivation-rules.md;13-verification/tooling/slice-sources.md"
"INV-EVS-01","2","yes","03-domain/contexts/BC07/aggregates/AGG-EVAL-SUITE.md;13-verification/tooling/slice-sources.md"
"INV-EVS-02","2","yes","03-domain/contexts/BC07/aggregates/AGG-EVAL-SUITE.md;13-verification/tooling/slice-sources.md"
"INV-EXC-01","3","yes","03-domain/contexts/BC08/aggregates/AGG-SECURITY-EXCEPTION.md;13-verification/acceptance/SLC-01/invariants-slc01.md;13-verification/tooling/slice-sources.md"
"INV-EXC-02","3","yes","03-domain/contexts/BC08/aggregates/AGG-SECURITY-EXCEPTION.md;13-verification/acceptance/SLC-01/invariants-slc01.md;13-verification/tooling/slice-sources.md"
"INV-EXC-03","2","yes","03-domain/contexts/BC08/aggregates/AGG-SECURITY-EXCEPTION.md;13-verification/tooling/slice-sources.md"
"INV-EXR-01","7","yes","03-domain/contexts/BC05/commands-slc19.md;03-domain/contexts/BC05/training-exercise-spec.md;03-domain/contexts/BC05/aggregates/AGG-EXERCISE.md;03-domain/contexts/BC05/aggregates/AGG-SCENARIO.md;06-data/logical-model/slc-19.md;08-security/threat-model-slc19.md;13-verification/tooling/slice-sources.md"
"INV-EXR-02","6","yes","03-domain/contexts/BC05/training-exercise-spec.md;03-domain/contexts/BC05/aggregates/AGG-EXERCISE.md;08-security/threat-model-slc19.md;13-verification/tooling/slice-sources.md;14-slices/SLC-19/readiness.md;16-reports/SESSION-W4-W7-SLC19.md"
"INV-EXT-01","3","yes","03-domain/contexts/BC02/aggregates/AGG-EXTERNAL-ID.md;13-verification/acceptance/SLC-02/invariants-slc02.md;13-verification/tooling/slice-sources.md"
"INV-EXT-02","2","yes","03-domain/contexts/BC02/aggregates/AGG-EXTERNAL-ID.md;13-verification/tooling/slice-sources.md"
"INV-FND-01","2","yes","03-domain/contexts/BC03/aggregates/AGG-FINDING.md;13-verification/tooling/slice-sources.md"
"INV-FND-02","2","yes","03-domain/contexts/BC03/aggregates/AGG-FINDING.md;13-verification/tooling/slice-sources.md"
"INV-HRS-01","3","yes","03-domain/contexts/BC01/aggregates/AGG-HR-SYNC-PROPOSAL.md;08-security/threat-model-slc16.md;13-verification/tooling/slice-sources.md"
"INV-HRS-02","2","yes","03-domain/contexts/BC01/aggregates/AGG-HR-SYNC-PROPOSAL.md;13-verification/tooling/slice-sources.md"
"INV-HRS-03","2","yes","03-domain/contexts/BC01/aggregates/AGG-HR-SYNC-PROPOSAL.md;13-verification/tooling/slice-sources.md"
"INV-IMP-01","2","yes","03-domain/contexts/BC02/aggregates/AGG-IMPORT-BATCH.md;13-verification/tooling/slice-sources.md"
"INV-IMP-02","2","yes","03-domain/contexts/BC02/aggregates/AGG-IMPORT-BATCH.md;13-verification/tooling/slice-sources.md"
"INV-IMP-03","2","yes","03-domain/contexts/BC02/aggregates/AGG-IMPORT-BATCH.md;13-verification/tooling/slice-sources.md"
"INV-IMP-04","2","yes","03-domain/contexts/BC02/aggregates/AGG-IMPORT-BATCH.md;13-verification/tooling/slice-sources.md"
"INV-INC-01","6","yes","03-domain/contexts/BC04/commands-slc17.md;03-domain/contexts/BC04/risk-contingency-spec.md;03-domain/contexts/BC04/aggregates/AGG-INCIDENT.md;08-security/policies-slc17.md;08-security/threat-model-slc17.md;13-verification/tooling/slice-sources.md"
"INV-INC-02","5","yes","03-domain/contexts/BC04/commands-slc17.md;03-domain/contexts/BC04/aggregates/AGG-INCIDENT.md;08-security/policies-slc17.md;09-reliability/fmea-slc17.md;13-verification/tooling/slice-sources.md"
"INV-INC-03","7","yes","03-domain/contexts/BC04/commands-slc17.md;03-domain/contexts/BC04/risk-contingency-spec.md;03-domain/contexts/BC04/aggregates/AGG-INCIDENT.md;08-security/policies-slc17.md;08-security/threat-model-slc17.md;13-verification/tooling/slice-sources.md;14-slices/SLC-17/readiness.md"
"INV-INC-04","4","yes","03-domain/contexts/BC04/risk-contingency-spec.md;03-domain/contexts/BC04/aggregates/AGG-INCIDENT.md;08-security/threat-model-slc17.md;13-verification/tooling/slice-sources.md"
"INV-INC-05","2","yes","03-domain/contexts/BC04/aggregates/AGG-INCIDENT.md;13-verification/tooling/slice-sources.md"
"INV-KNO-01","2","yes","03-domain/contexts/BC06/aggregates/AGG-KNOWLEDGE-OBJECT.md;13-verification/tooling/slice-sources.md"
"INV-KNO-02","2","yes","03-domain/contexts/BC06/aggregates/AGG-KNOWLEDGE-OBJECT.md;13-verification/tooling/slice-sources.md"
"INV-KNO-03","2","yes","03-domain/contexts/BC06/aggregates/AGG-KNOWLEDGE-OBJECT.md;13-verification/tooling/slice-sources.md"
"INV-LGR-01","4","yes","03-domain/contexts/BC05/aggregates/AGG-LOGISTICS-REQUEST.md;06-data/logical-model/slc-18.md;08-security/threat-model-slc18.md;13-verification/tooling/slice-sources.md"
"INV-LGR-02","3","yes","03-domain/contexts/BC05/aggregates/AGG-LOGISTICS-REQUEST.md;08-security/policies-slc18.md;13-verification/tooling/slice-sources.md"
"INV-LGR-03","5","yes","03-domain/contexts/BC05/logistics-spec.md;03-domain/contexts/BC05/aggregates/AGG-LOGISTICS-REQUEST.md;08-security/threat-model-slc18.md;13-verification/acceptance/SLC-18/invariants-slc18.md;13-verification/tooling/slice-sources.md"
"INV-LGR-04","3","yes","03-domain/contexts/BC05/aggregates/AGG-LOGISTICS-REQUEST.md;13-verification/acceptance/SLC-18/invariants-slc18.md;13-verification/tooling/slice-sources.md"
"INV-LGR-05","5","yes","03-domain/contexts/BC05/logistics-spec.md;03-domain/contexts/BC05/aggregates/AGG-LOGISTICS-REQUEST.md;13-verification/tooling/slice-sources.md;14-slices/SLC-18/readiness.md;16-reports/SESSION-W4-W7-SLC18.md"
"INV-LHD-01","2","yes","03-domain/contexts/BC08/aggregates/AGG-LEGAL-HOLD.md;13-verification/tooling/slice-sources.md"
"INV-LHD-02","3","yes","03-domain/contexts/BC08/aggregates/AGG-LEGAL-HOLD.md;13-verification/acceptance/SLC-12a/invariants-slc12a.md;13-verification/tooling/slice-sources.md"
"INV-LHD-03","2","yes","03-domain/contexts/BC08/aggregates/AGG-LEGAL-HOLD.md;13-verification/tooling/slice-sources.md"
"INV-LHD-04","3","yes","03-domain/contexts/BC08/aggregates/AGG-LEGAL-HOLD.md;08-security/threat-model-slc12a.md;13-verification/tooling/slice-sources.md"
"INV-MDL-01","2","yes","03-domain/contexts/BC07/aggregates/AGG-MODEL-VERSION.md;13-verification/tooling/slice-sources.md"
"INV-MDL-02","2","yes","03-domain/contexts/BC07/aggregates/AGG-MODEL-VERSION.md;13-verification/tooling/slice-sources.md"
"INV-MDL-03","2","yes","03-domain/contexts/BC07/aggregates/AGG-MODEL-VERSION.md;13-verification/tooling/slice-sources.md"
"INV-MNT-01","2","yes","03-domain/contexts/BC05/aggregates/AGG-MAINTENANCE-ORDER.md;13-verification/tooling/slice-sources.md"
"INV-MNT-02","2","yes","03-domain/contexts/BC05/aggregates/AGG-MAINTENANCE-ORDER.md;13-verification/tooling/slice-sources.md"
"INV-MRS-01","2","yes","03-domain/contexts/BC02/aggregates/AGG-MATCH-RULESET.md;13-verification/tooling/slice-sources.md"
"INV-MRS-02","2","yes","03-domain/contexts/BC02/aggregates/AGG-MATCH-RULESET.md;13-verification/tooling/slice-sources.md"
"INV-MRS-03","3","yes","03-domain/contexts/BC02/candidate-generation.md;03-domain/contexts/BC02/aggregates/AGG-MATCH-RULESET.md;13-verification/tooling/slice-sources.md"
"INV-NTF-01","2","yes","03-domain/contexts/BC04/aggregates/AGG-NOTIFICATION.md;13-verification/tooling/slice-sources.md"
"INV-NTF-02","4","yes","03-domain/contexts/BC03/situation-alerting-spec.md;03-domain/contexts/BC04/aggregates/AGG-NOTIFICATION.md;08-security/threat-model-slc06.md;13-verification/tooling/slice-sources.md"
"INV-NTF-03","2","yes","03-domain/contexts/BC04/aggregates/AGG-NOTIFICATION.md;13-verification/tooling/slice-sources.md"
"INV-OBS-01","2","yes","03-domain/contexts/BC02/aggregates/AGG-OBSERVATION.md;13-verification/tooling/slice-sources.md"
"INV-OBS-02","2","yes","03-domain/contexts/BC02/aggregates/AGG-OBSERVATION.md;13-verification/tooling/slice-sources.md"
"INV-OBS-03","2","yes","03-domain/contexts/BC02/aggregates/AGG-OBSERVATION.md;13-verification/tooling/slice-sources.md"
"INV-OBS-04","3","yes","03-domain/contexts/BC02/aggregates/AGG-OBSERVATION.md;03-domain/contexts/BC07/field-sync-protocol.md;13-verification/tooling/slice-sources.md"
"INV-ORG-01","3","yes","03-domain/contexts/BC01/aggregates/AGG-ORGANIZATION.md;13-verification/acceptance/SLC-01/invariants-slc01.md;13-verification/tooling/slice-sources.md"
"INV-ORG-02","2","yes","03-domain/contexts/BC01/aggregates/AGG-ORGANIZATION.md;13-verification/tooling/slice-sources.md"
"INV-ORG-03","2","yes","03-domain/contexts/BC01/aggregates/AGG-ORGANIZATION.md;13-verification/tooling/slice-sources.md"
"INV-ORG-04","2","yes","03-domain/contexts/BC01/aggregates/AGG-ORGANIZATION.md;13-verification/tooling/slice-sources.md"
"INV-OUT-01","2","yes","03-domain/contexts/BC04/aggregates/AGG-OUTCOME-TRACKER.md;13-verification/tooling/slice-sources.md"
"INV-OUT-02","2","yes","03-domain/contexts/BC04/aggregates/AGG-OUTCOME-TRACKER.md;13-verification/tooling/slice-sources.md"
"INV-PER-01","2","yes","03-domain/contexts/BC01/aggregates/AGG-PERSON.md;13-verification/tooling/slice-sources.md"
"INV-PER-02","2","yes","03-domain/contexts/BC01/aggregates/AGG-PERSON.md;13-verification/tooling/slice-sources.md"
"INV-PKG-01","2","yes","03-domain/contexts/BC07/aggregates/AGG-PRELOAD-PACKAGE.md;13-verification/tooling/slice-sources.md"
"INV-PKG-02","2","yes","03-domain/contexts/BC07/aggregates/AGG-PRELOAD-PACKAGE.md;13-verification/tooling/slice-sources.md"
"INV-PKG-03","2","yes","03-domain/contexts/BC07/aggregates/AGG-PRELOAD-PACKAGE.md;13-verification/tooling/slice-sources.md"
"INV-PLN-01","2","yes","03-domain/contexts/BC04/aggregates/AGG-PLAN.md;13-verification/tooling/slice-sources.md"
"INV-PLN-02","2","yes","03-domain/contexts/BC04/aggregates/AGG-PLAN.md;13-verification/tooling/slice-sources.md"
"INV-PLN-03","2","yes","03-domain/contexts/BC04/aggregates/AGG-PLAN.md;13-verification/tooling/slice-sources.md"
"INV-PLN-04","4","yes","00-governance/registers/corrections.md;03-domain/contexts/BC04/aggregates/AGG-PLAN.md;06-data/logical-model/slc-17.md;13-verification/tooling/slice-sources.md"
"INV-PLV-01","2","yes","03-domain/contexts/BC04/aggregates/AGG-PLAN-VERSION.md;13-verification/tooling/slice-sources.md"
"INV-PLV-02","2","yes","03-domain/contexts/BC04/aggregates/AGG-PLAN-VERSION.md;13-verification/tooling/slice-sources.md"
"INV-PLV-03","3","yes","03-domain/contexts/BC04/decision-plan-spec.md;03-domain/contexts/BC04/aggregates/AGG-PLAN-VERSION.md;13-verification/tooling/slice-sources.md"
"INV-PLV-04","3","yes","03-domain/contexts/BC04/decision-plan-spec.md;03-domain/contexts/BC04/aggregates/AGG-PLAN-VERSION.md;13-verification/tooling/slice-sources.md"
"INV-PLV-05","2","yes","03-domain/contexts/BC04/aggregates/AGG-PLAN-VERSION.md;13-verification/tooling/slice-sources.md"
"INV-POL-01","2","yes","03-domain/contexts/BC08/aggregates/AGG-POLICY-SET.md;13-verification/tooling/slice-sources.md"
"INV-POL-02","5","yes","03-domain/contexts/BC08/aggregates/AGG-POLICY-SET.md;08-security/policies-slc01.md;08-security/threat-model-slc01.md;13-verification/acceptance/SLC-01/invariants-slc01.md;13-verification/tooling/slice-sources.md"
"INV-POL-03","2","yes","03-domain/contexts/BC08/aggregates/AGG-POLICY-SET.md;13-verification/tooling/slice-sources.md"
"INV-POL-04","2","yes","03-domain/contexts/BC08/aggregates/AGG-POLICY-SET.md;13-verification/tooling/slice-sources.md"
"INV-PRD-01","2","yes","03-domain/contexts/BC06/aggregates/AGG-PRODUCT.md;13-verification/tooling/slice-sources.md"
"INV-PRD-02","2","yes","03-domain/contexts/BC06/aggregates/AGG-PRODUCT.md;13-verification/tooling/slice-sources.md"
"INV-PRD-03","2","yes","03-domain/contexts/BC06/aggregates/AGG-PRODUCT.md;13-verification/tooling/slice-sources.md"
"INV-PRD-04","2","yes","03-domain/contexts/BC06/aggregates/AGG-PRODUCT.md;13-verification/tooling/slice-sources.md"
"INV-PRJ-01","4","yes","03-domain/contexts/BC07/discovery-architecture.md;03-domain/contexts/BC07/aggregates/AGG-PROJECTION-VERSION.md;06-data/logical-model/slc-05.md;13-verification/tooling/slice-sources.md"
"INV-PRJ-02","2","yes","03-domain/contexts/BC07/aggregates/AGG-PROJECTION-VERSION.md;13-verification/tooling/slice-sources.md"
"INV-PRJ-03","2","yes","03-domain/contexts/BC07/aggregates/AGG-PROJECTION-VERSION.md;13-verification/tooling/slice-sources.md"
"INV-PRJ-04","3","yes","03-domain/contexts/BC07/discovery-architecture.md;03-domain/contexts/BC07/aggregates/AGG-PROJECTION-VERSION.md;13-verification/tooling/slice-sources.md"
"INV-PTM-01","2","yes","03-domain/contexts/BC06/aggregates/AGG-PRODUCT-TEMPLATE.md;13-verification/tooling/slice-sources.md"
"INV-PTM-02","2","yes","03-domain/contexts/BC06/aggregates/AGG-PRODUCT-TEMPLATE.md;13-verification/tooling/slice-sources.md"
"INV-QUAL-01","2","yes","03-domain/contexts/BC05/aggregates/AGG-QUALIFICATION-RECORD.md;13-verification/tooling/slice-sources.md"
"INV-QUAL-02","2","yes","03-domain/contexts/BC05/aggregates/AGG-QUALIFICATION-RECORD.md;13-verification/tooling/slice-sources.md"
"INV-RAS-01","4","yes","03-domain/contexts/BC01/aggregates/AGG-ROLE-ASSIGNMENT.md;08-security/threat-model-slc01.md;13-verification/acceptance/SLC-01/invariants-slc01.md;13-verification/tooling/slice-sources.md"
"INV-RAS-02","3","yes","03-domain/contexts/BC01/aggregates/AGG-ROLE-ASSIGNMENT.md;13-verification/acceptance/SLC-01/invariants-slc01.md;13-verification/tooling/slice-sources.md"
"INV-RAS-03","2","yes","03-domain/contexts/BC01/aggregates/AGG-ROLE-ASSIGNMENT.md;13-verification/tooling/slice-sources.md"
"INV-REC-01","2","yes","03-domain/contexts/BC06/aggregates/AGG-RECONSTRUCTION.md;13-verification/tooling/slice-sources.md"
"INV-REC-02","2","yes","03-domain/contexts/BC06/aggregates/AGG-RECONSTRUCTION.md;13-verification/tooling/slice-sources.md"
"INV-REC-03","3","yes","03-domain/contexts/BC06/products-knowledge-archive-spec.md;03-domain/contexts/BC06/aggregates/AGG-RECONSTRUCTION.md;13-verification/tooling/slice-sources.md"
"INV-REL-01","2","yes","03-domain/contexts/BC02/aggregates/AGG-RELATIONSHIP.md;13-verification/tooling/slice-sources.md"
"INV-REL-02","2","yes","03-domain/contexts/BC02/aggregates/AGG-RELATIONSHIP.md;13-verification/tooling/slice-sources.md"
"INV-RIS-01","4","yes","03-domain/contexts/BC04/commands-slc17.md;03-domain/contexts/BC04/aggregates/AGG-RISK.md;08-security/policies-slc17.md;13-verification/tooling/slice-sources.md"
"INV-RIS-02","3","yes","03-domain/contexts/BC04/commands-slc17.md;03-domain/contexts/BC04/aggregates/AGG-RISK.md;13-verification/tooling/slice-sources.md"
"INV-RIS-03","4","yes","03-domain/contexts/BC04/commands-slc17.md;03-domain/contexts/BC04/aggregates/AGG-RISK.md;09-reliability/observability-slc17.md;13-verification/tooling/slice-sources.md"
"INV-RIS-04","4","yes","03-domain/contexts/BC04/commands-slc17.md;03-domain/contexts/BC04/aggregates/AGG-RISK.md;08-security/threat-model-slc17.md;13-verification/tooling/slice-sources.md"
"INV-RIS-05","5","yes","03-domain/contexts/BC04/risk-contingency-spec.md;03-domain/contexts/BC04/aggregates/AGG-INCIDENT.md;03-domain/contexts/BC04/aggregates/AGG-RISK.md;08-security/threat-model-slc17.md;13-verification/tooling/slice-sources.md"
"INV-ROL-01","3","yes","03-domain/contexts/BC01/aggregates/AGG-ROLE.md;13-verification/acceptance/SLC-01/invariants-slc01.md;13-verification/tooling/slice-sources.md"
"INV-ROL-02","2","yes","03-domain/contexts/BC01/aggregates/AGG-ROLE.md;13-verification/tooling/slice-sources.md"
"INV-ROL-03","2","yes","03-domain/contexts/BC01/aggregates/AGG-ROLE.md;13-verification/tooling/slice-sources.md"
"INV-RPL-01","2","yes","03-domain/contexts/BC05/aggregates/AGG-RESOURCE-POOL.md;13-verification/tooling/slice-sources.md"
"INV-RPL-02","4","yes","03-domain/contexts/BC05/allocation-readiness-spec.md;03-domain/contexts/BC05/logistics-spec.md;03-domain/contexts/BC05/aggregates/AGG-RESOURCE-POOL.md;13-verification/tooling/slice-sources.md"
"INV-RRQ-01","2","yes","03-domain/contexts/BC05/aggregates/AGG-ROLE-REQUIREMENT.md;13-verification/tooling/slice-sources.md"
"INV-RRQ-02","2","yes","03-domain/contexts/BC05/aggregates/AGG-ROLE-REQUIREMENT.md;13-verification/tooling/slice-sources.md"
"INV-RSV-01","2","yes","03-domain/contexts/BC05/aggregates/AGG-ASSET-RESERVATION.md;13-verification/tooling/slice-sources.md"
"INV-RSV-02","2","yes","03-domain/contexts/BC05/aggregates/AGG-ASSET-RESERVATION.md;13-verification/tooling/slice-sources.md"
"INV-RTG-01","2","yes","03-domain/contexts/BC07/aggregates/AGG-AI-ROUTING.md;13-verification/tooling/slice-sources.md"
"INV-RTG-02","2","yes","03-domain/contexts/BC07/aggregates/AGG-AI-ROUTING.md;13-verification/tooling/slice-sources.md"
"INV-RTG-03","2","yes","03-domain/contexts/BC07/aggregates/AGG-AI-ROUTING.md;13-verification/tooling/slice-sources.md"
"INV-RTS-01","2","yes","03-domain/contexts/BC08/aggregates/AGG-RETENTION-SCHEDULE.md;13-verification/tooling/slice-sources.md"
"INV-RTS-02","3","yes","03-domain/contexts/BC08/aggregates/AGG-RETENTION-SCHEDULE.md;13-verification/acceptance/SLC-12a/invariants-slc12a.md;13-verification/tooling/slice-sources.md"
"INV-RTS-03","2","yes","03-domain/contexts/BC08/aggregates/AGG-RETENTION-SCHEDULE.md;13-verification/tooling/slice-sources.md"
"INV-RUN-01","2","yes","03-domain/contexts/BC03/aggregates/AGG-ANALYSIS-RUN.md;13-verification/tooling/slice-sources.md"
"INV-RUN-02","4","yes","03-domain/contexts/BC03/analysis-reproducibility-spec.md;03-domain/contexts/BC03/aggregates/AGG-ANALYSIS-RUN.md;08-security/label-derivation-rules.md;13-verification/tooling/slice-sources.md"
"INV-RUN-03","2","yes","03-domain/contexts/BC03/aggregates/AGG-ANALYSIS-RUN.md;13-verification/tooling/slice-sources.md"
"INV-RUN-04","2","yes","03-domain/contexts/BC03/aggregates/AGG-ANALYSIS-RUN.md;13-verification/tooling/slice-sources.md"
"INV-RWE-01","2","yes","03-domain/contexts/BC02/aggregates/AGG-REALWORLD-EVENT.md;13-verification/tooling/slice-sources.md"
"INV-RWE-02","2","yes","03-domain/contexts/BC02/aggregates/AGG-REALWORLD-EVENT.md;13-verification/tooling/slice-sources.md"
"INV-SCF-01","2","yes","03-domain/contexts/BC07/aggregates/AGG-SYNC-CONFLICT.md;13-verification/tooling/slice-sources.md"
"INV-SCF-02","3","yes","03-domain/contexts/BC07/field-sync-protocol.md;03-domain/contexts/BC07/aggregates/AGG-SYNC-CONFLICT.md;13-verification/tooling/slice-sources.md"
"INV-SCF-03","4","yes","03-domain/contexts/BC07/field-sync-protocol.md;03-domain/contexts/BC07/aggregates/AGG-SYNC-CONFLICT.md;08-security/threat-model-slc11.md;13-verification/tooling/slice-sources.md"
"INV-SCN","1","no","08-security/policies-slc19.md"
"INV-SCN-01","5","yes","02-requirements/requirements.md;03-domain/contexts/BC05/commands-slc19.md;03-domain/contexts/BC05/aggregates/AGG-SCENARIO.md;06-data/logical-model/slc-19.md;13-verification/tooling/slice-sources.md"
"INV-SCN-02","2","yes","03-domain/contexts/BC05/aggregates/AGG-SCENARIO.md;13-verification/tooling/slice-sources.md"
"INV-SHP-01","6","yes","03-domain/contexts/BC05/aggregates/AGG-SHIPMENT.md;03-domain/contexts/BC05/aggregates/AGG-SIMULATION.md;06-data/logical-model/slc-18.md;08-security/policies-slc18.md;08-security/threat-model-slc18.md;13-verification/tooling/slice-sources.md"
"INV-SHP-02","8","yes","03-domain/contexts/BC05/commands-slc18.md;03-domain/contexts/BC05/logistics-spec.md;03-domain/contexts/BC05/aggregates/AGG-SHIPMENT.md;08-security/policies-slc18.md;08-security/threat-model-slc18.md;09-reliability/observability-slc18.md;13-verification/acceptance/SLC-18/invariants-slc18.md;13-verification/tooling/slice-sources.md"
"INV-SHP-03","7","yes","03-domain/contexts/BC05/aggregates/AGG-SHIPMENT.md;06-data/logical-model/slc-18.md;08-security/threat-model-slc18.md;09-reliability/fmea-slc18.md;13-verification/acceptance/SLC-18/invariants-slc18.md;13-verification/tooling/slice-sources.md;16-reports/SESSION-W4-W7-SLC18.md"
"INV-SHP-04","5","yes","03-domain/contexts/BC05/aggregates/AGG-SHIPMENT.md;08-security/policies-slc18.md;08-security/threat-model-slc18.md;13-verification/acceptance/SLC-18/invariants-slc18.md;13-verification/tooling/slice-sources.md"
"INV-SIM-01","6","yes","02-requirements/requirements.md;03-domain/contexts/BC05/commands-slc19.md;03-domain/contexts/BC05/aggregates/AGG-SIMULATION.md;06-data/logical-model/slc-19.md;08-security/threat-model-slc19.md;13-verification/tooling/slice-sources.md"
"INV-SIM-02","10","yes","02-requirements/quality-scenarios.md;02-requirements/requirements.md;03-domain/contexts/BC05/commands-slc19.md;03-domain/contexts/BC05/aggregates/AGG-SIMULATION.md;06-data/logical-model/slc-19.md;08-security/policies-slc19.md;08-security/threat-model-slc19.md;09-reliability/observability-slc19.md;13-verification/tooling/slice-sources.md;16-reports/SESSION-W4-W7-SLC19.md"
"INV-SIM-03","7","yes","02-requirements/requirements.md;03-domain/contexts/BC05/commands-slc19.md;03-domain/contexts/BC05/aggregates/AGG-SIMULATION.md;06-data/logical-model/slc-19.md;08-security/policies-slc19.md;08-security/threat-model-slc19.md;13-verification/tooling/slice-sources.md"
"INV-SIT-01","2","yes","03-domain/contexts/BC03/aggregates/AGG-SITUATION.md;13-verification/tooling/slice-sources.md"
"INV-SIT-02","3","yes","03-domain/contexts/BC03/situation-alerting-spec.md;03-domain/contexts/BC03/aggregates/AGG-SITUATION.md;13-verification/tooling/slice-sources.md"
"INV-SIT-03","4","yes","03-domain/contexts/BC03/situation-alerting-spec.md;03-domain/contexts/BC03/aggregates/AGG-SITUATION.md;13-verification/acceptance/SLC-06/invariants-slc06.md;13-verification/tooling/slice-sources.md"
"INV-SIT-04","2","yes","03-domain/contexts/BC03/aggregates/AGG-SITUATION.md;13-verification/tooling/slice-sources.md"
"INV-SNS-01","2","yes","03-domain/contexts/BC07/aggregates/AGG-SENSOR-STREAM.md;13-verification/tooling/slice-sources.md"
"INV-SNS-02","2","yes","03-domain/contexts/BC07/aggregates/AGG-SENSOR-STREAM.md;13-verification/tooling/slice-sources.md"
"INV-SNS-03","2","yes","03-domain/contexts/BC07/aggregates/AGG-SENSOR-STREAM.md;13-verification/tooling/slice-sources.md"
"INV-SRC-01","2","yes","03-domain/contexts/BC02/aggregates/AGG-SOURCE.md;13-verification/tooling/slice-sources.md"
"INV-SRC-02","2","yes","03-domain/contexts/BC02/aggregates/AGG-SOURCE.md;13-verification/tooling/slice-sources.md"
"INV-SRC-03","2","yes","03-domain/contexts/BC02/aggregates/AGG-SOURCE.md;13-verification/tooling/slice-sources.md"
"INV-SRC-04","2","yes","03-domain/contexts/BC02/aggregates/AGG-SOURCE.md;13-verification/tooling/slice-sources.md"
"INV-SUB-01","2","yes","03-domain/contexts/BC04/aggregates/AGG-SUBSCRIPTION.md;13-verification/tooling/slice-sources.md"
"INV-SUB-02","3","yes","03-domain/contexts/BC04/aggregates/AGG-SUBSCRIPTION.md;13-verification/acceptance/SLC-06/invariants-slc06.md;13-verification/tooling/slice-sources.md"
"INV-SVC-01","2","yes","03-domain/contexts/BC01/aggregates/AGG-SERVICE-ACCOUNT.md;13-verification/tooling/slice-sources.md"
"INV-SVC-02","2","yes","03-domain/contexts/BC01/aggregates/AGG-SERVICE-ACCOUNT.md;13-verification/tooling/slice-sources.md"
"INV-SVC-03","2","yes","03-domain/contexts/BC01/aggregates/AGG-SERVICE-ACCOUNT.md;13-verification/tooling/slice-sources.md"
"INV-SYN-01","2","yes","03-domain/contexts/BC07/aggregates/AGG-SYNC-SESSION.md;13-verification/tooling/slice-sources.md"
"INV-SYN-02","2","yes","03-domain/contexts/BC07/aggregates/AGG-SYNC-SESSION.md;13-verification/tooling/slice-sources.md"
"INV-SYN-03","2","yes","03-domain/contexts/BC07/aggregates/AGG-SYNC-SESSION.md;13-verification/tooling/slice-sources.md"
"INV-SYN-04","2","yes","03-domain/contexts/BC07/aggregates/AGG-SYNC-SESSION.md;13-verification/tooling/slice-sources.md"
"INV-TASK-01","2","yes","03-domain/contexts/BC04/aggregates/AGG-TASK.md;13-verification/tooling/slice-sources.md"
"INV-TASK-02","2","yes","03-domain/contexts/BC04/aggregates/AGG-TASK.md;13-verification/tooling/slice-sources.md"
"INV-TASK-03","2","yes","03-domain/contexts/BC04/aggregates/AGG-TASK.md;13-verification/tooling/slice-sources.md"
"INV-TASK-04","2","yes","03-domain/contexts/BC04/aggregates/AGG-TASK.md;13-verification/tooling/slice-sources.md"
"INV-TASK-05","2","yes","03-domain/contexts/BC04/aggregates/AGG-TASK.md;13-verification/tooling/slice-sources.md"
"INV-TASK-06","8","yes","00-governance/glossary.md;00-governance/registers/corrections.md;03-domain/contexts/BC04/commands-slc08.md;03-domain/contexts/BC04/task-lifecycle-rules.md;03-domain/contexts/BC04/aggregates/AGG-PLAN.md;03-domain/contexts/BC04/aggregates/AGG-TASK.md;13-verification/acceptance/SLC-03/invariants-slc03.md;13-verification/tooling/slice-sources.md"
"INV-TASK-07","5","yes","02-requirements/requirements.md;03-domain/contexts/BC04/aggregates/AGG-RISK.md;03-domain/contexts/BC04/aggregates/AGG-TASK.md;08-security/threat-model-slc03.md;13-verification/tooling/slice-sources.md"
"INV-TASK-08","3","yes","03-domain/contexts/BC04/task-lifecycle-rules.md;03-domain/contexts/BC04/aggregates/AGG-TASK.md;13-verification/tooling/slice-sources.md"
"INV-TASK-09","5","yes","03-domain/contexts/BC04/decision-plan-spec.md;03-domain/contexts/BC04/task-lifecycle-rules.md;03-domain/contexts/BC04/aggregates/AGG-TASK.md;08-security/threat-model-slc03.md;13-verification/tooling/slice-sources.md"
"INV-TEN-01","3","yes","03-domain/contexts/BC01/aggregates/AGG-TENANT.md;13-verification/acceptance/SLC-01/invariants-slc01.md;13-verification/tooling/slice-sources.md"
"INV-TEN-02","2","yes","03-domain/contexts/BC01/aggregates/AGG-TENANT.md;13-verification/tooling/slice-sources.md"
"INV-TEN-03","4","yes","03-domain/contexts/BC01/commands-slc01.md;03-domain/contexts/BC01/aggregates/AGG-TENANT.md;13-verification/acceptance/SLC-01/invariants-slc01.md;13-verification/tooling/slice-sources.md"
"INV-TEN-04","2","yes","03-domain/contexts/BC01/aggregates/AGG-TENANT.md;13-verification/tooling/slice-sources.md"
"INV-TEN-05","2","yes","03-domain/contexts/BC01/aggregates/AGG-TENANT.md;13-verification/tooling/slice-sources.md"
"INV-TOL-01","3","yes","03-domain/contexts/BC07/aggregates/AGG-AI-TOOL.md;08-security/threat-model-slc10.md;13-verification/tooling/slice-sources.md"
"INV-TOL-02","2","yes","03-domain/contexts/BC07/aggregates/AGG-AI-TOOL.md;13-verification/tooling/slice-sources.md"
"INV-TOL-03","2","yes","03-domain/contexts/BC07/aggregates/AGG-AI-TOOL.md;13-verification/tooling/slice-sources.md"
"INV-TTY-01","2","yes","03-domain/contexts/BC04/aggregates/AGG-TASK-TYPE.md;13-verification/tooling/slice-sources.md"
"INV-TTY-02","2","yes","03-domain/contexts/BC04/aggregates/AGG-TASK-TYPE.md;13-verification/tooling/slice-sources.md"
"INV-TTY-03","2","yes","03-domain/contexts/BC04/aggregates/AGG-TASK-TYPE.md;13-verification/tooling/slice-sources.md"
"INV-USR-01","2","yes","03-domain/contexts/BC01/aggregates/AGG-USER.md;13-verification/tooling/slice-sources.md"
"INV-USR-02","2","yes","03-domain/contexts/BC01/aggregates/AGG-USER.md;13-verification/tooling/slice-sources.md"
"INV-USR-03","2","yes","03-domain/contexts/BC01/aggregates/AGG-USER.md;13-verification/tooling/slice-sources.md"
"INV-USR-04","2","yes","03-domain/contexts/BC01/aggregates/AGG-USER.md;13-verification/tooling/slice-sources.md"
"INV-USR-05","2","yes","03-domain/contexts/BC01/aggregates/AGG-USER.md;13-verification/tooling/slice-sources.md"
"LABEL-DERIVATION","6","yes","00-governance/glossary.md;00-governance/registers/corrections.md;02-requirements/requirements.md;08-security/label-derivation-rules.md;13-verification/spec-lint-rules.md;15-traceability/trace-platform.md"
"LANGUAGE-MODEL","2","yes","03-domain/contexts/BC02/candidate-generation.md;04-information/language-model.md"
"LDM-SLC01","3","yes","06-data/logical-model/slc-01.md;06-data/logical-model/slc-02.md;06-data/logical-model/slc-03.md"
"LDM-SLC02","3","yes","06-data/logical-model/slc-02.md;12-solution/technology-decisions.md;12-solution/w8-inputs.md"
"LDM-SLC03","1","yes","06-data/logical-model/slc-03.md"
"LDM-SLC04","1","yes","06-data/logical-model/slc-04.md"
"LDM-SLC05","1","yes","06-data/logical-model/slc-05.md"
"LDM-SLC06","1","yes","06-data/logical-model/slc-06.md"
"LDM-SLC07","1","yes","06-data/logical-model/slc-07.md"
"LDM-SLC08","1","yes","06-data/logical-model/slc-08.md"
"LDM-SLC09","1","yes","06-data/logical-model/slc-09.md"
"LDM-SLC10","1","yes","06-data/logical-model/slc-10.md"
"LDM-SLC11","1","yes","06-data/logical-model/slc-11.md"
"LDM-SLC12","1","yes","06-data/logical-model/slc-12.md"
"LDM-SLC12A","1","yes","06-data/logical-model/slc-12a.md"
"LDM-SLC14","1","yes","06-data/logical-model/slc-14.md"
"LDM-SLC15","1","yes","06-data/logical-model/slc-15.md"
"LDM-SLC16","1","yes","06-data/logical-model/slc-16.md"
"LDM-SLC17","1","yes","06-data/logical-model/slc-17.md"
"LDM-SLC18","1","yes","06-data/logical-model/slc-18.md"
"LDM-SLC19","1","yes","06-data/logical-model/slc-19.md"
"LIB-CLAIMS-KERNEL","14","yes","00-governance/glossary.md;00-governance/RATIFICATION-PACKAGE.md;03-domain/contexts/BC02/claims-temporal-kernel.md;03-domain/contexts/BC02/conflict-detection-engine.md;03-domain/contexts/BC02/correlation-fusion-spec.md;03-domain/contexts/BC06/products-knowledge-archive-spec.md;06-data/logical-model/slc-02.md;08-security/policies-slc02.md;13-verification/invariant-properties-slc02.md;14-slices/SLC-02/readiness.md;14-slices/SLC-04/readiness.md;15-traceability/trace-slc02.md;15-traceability/trace-slc04.md;16-reports/ARCHITECTURE-REVIEW-R1.md"
"LIFT-A","1","no","13-verification/acceptance/SLC-09/invariants-slc09.md"
"MARK-READY","3","no","03-domain/contexts/BC04/decision-plan-spec.md;03-domain/contexts/BC04/task-lifecycle-rules.md;13-verification/invariant-properties-slc03.md"
"MATCH-CONFIRMED","1","no","03-domain/contexts/BC02/conflict-detection-engine.md"
"META-MODEL","3","yes","00-governance/glossary.md;03-domain/contexts/BC02/claims-temporal-kernel.md;04-information/meta-model.md"
"OBJECT-ENVELOPE","1","yes","04-information/object-envelope.md"
"OBS-SLC01","1","yes","09-reliability/observability-slc01.md"
"OBS-SLC02","1","yes","09-reliability/observability-slc02.md"
"OBS-SLC03","1","yes","09-reliability/observability-slc03.md"
"OBS-SLC04","1","yes","09-reliability/observability-slc04.md"
"OBS-SLC05","1","yes","09-reliability/observability-slc05.md"
"OBS-SLC06","1","yes","09-reliability/observability-slc06.md"
"OBS-SLC07","1","yes","09-reliability/observability-slc07.md"
"OBS-SLC08","1","yes","09-reliability/observability-slc08.md"
"OBS-SLC09","1","yes","09-reliability/observability-slc09.md"
"OBS-SLC10","1","yes","09-reliability/observability-slc10.md"
"OBS-SLC11","1","yes","09-reliability/observability-slc11.md"
"OBS-SLC12","1","yes","09-reliability/observability-slc12.md"
"OBS-SLC12A","1","yes","09-reliability/observability-slc12a.md"
"OBS-SLC14","1","yes","09-reliability/observability-slc14.md"
"OBS-SLC15","1","yes","09-reliability/observability-slc15.md"
"OBS-SLC16","1","yes","09-reliability/observability-slc16.md"
"OBS-SLC17","1","yes","09-reliability/observability-slc17.md"
"OBS-SLC18","1","yes","09-reliability/observability-slc18.md"
"OBS-SLC19","1","yes","09-reliability/observability-slc19.md"
"OPENAPI-BC01-INTERNAL","2","yes","05-contracts/openapi-foundation-internal-slc01.md;13-verification/tooling/spec-tooling.md"
"OPENAPI-BC01-SLC01","1","yes","05-contracts/openapi-foundation-slc01.md"
"OPENAPI-BC01-SLC11","1","yes","05-contracts/openapi-foundation-slc11.md"
"OPENAPI-BC01-SLC16","1","yes","05-contracts/openapi-foundation-slc16.md"
"OPENAPI-BC02-SLC02","1","yes","05-contracts/openapi-information-slc02.md"
"OPENAPI-BC02-SLC04","1","yes","05-contracts/openapi-information-slc04.md"
"OPENAPI-BC02-SLC14","1","yes","05-contracts/openapi-information-slc14.md"
"OPENAPI-BC02-SLC15","1","yes","05-contracts/openapi-information-slc15.md"
"OPENAPI-BC03-SLC06","1","yes","05-contracts/openapi-intelligence-slc06.md"
"OPENAPI-BC03-SLC07","1","yes","05-contracts/openapi-intelligence-slc07.md"
"OPENAPI-BC03-SLC16","1","yes","05-contracts/openapi-intelligence-slc16.md"
"OPENAPI-BC04-SLC03","1","yes","05-contracts/openapi-operations-slc03.md"
"OPENAPI-BC04-SLC06","1","yes","05-contracts/openapi-operations-slc06.md"
"OPENAPI-BC04-SLC08","1","yes","05-contracts/openapi-operations-slc08.md"
"OPENAPI-BC04-SLC15","1","yes","05-contracts/openapi-operations-slc15.md"
"OPENAPI-BC04-SLC17","1","yes","05-contracts/openapi-operations-slc17.md"
"OPENAPI-BC05-SLC03","1","yes","05-contracts/openapi-readiness-slc03.md"
"OPENAPI-BC05-SLC09","1","yes","05-contracts/openapi-readiness-slc09.md"
"OPENAPI-BC05-SLC18","1","yes","05-contracts/openapi-readiness-slc18.md"
"OPENAPI-BC05-SLC19","1","yes","05-contracts/openapi-readiness-slc19.md"
"OPENAPI-BC06-SLC12","1","yes","05-contracts/openapi-knowledge-slc12.md"
"OPENAPI-BC07-SLC02","1","yes","05-contracts/openapi-integration-slc02.md"
"OPENAPI-BC07-SLC05","1","yes","05-contracts/openapi-discovery-slc05.md"
"OPENAPI-BC07-SLC10","1","yes","05-contracts/openapi-ai-slc10.md"
"OPENAPI-BC07-SLC11","1","yes","05-contracts/openapi-field-slc11.md"
"OPENAPI-BC07-SLC16","1","yes","05-contracts/openapi-integration-slc16.md"
"OPENAPI-BC08-SLC01","1","yes","05-contracts/openapi-governance-slc01.md"
"OPENAPI-BC08-SLC12A","1","yes","05-contracts/openapi-governance-slc12a.md"
"OQ-001","4","yes","00-governance/registers/corrections.md;00-governance/registers/open-questions.md;02-requirements/use-cases.md;16-reports/SESSION-W0.md"
"OQ-010","2","yes","00-governance/registers/open-questions.md;01-business/business-rules.md"
"OQ-011","3","yes","00-governance/registers/open-questions.md;01-business/business-rules.md;03-domain/ownership.md"
"OQ-012","2","yes","00-governance/registers/open-questions.md;03-domain/ownership.md"
"OQ-013","5","yes","00-governance/registers/open-questions.md;03-domain/bc-boundary-test.md;03-domain/domains.md;03-domain/ownership.md;04-information/entity-resolution.md"
"OQ-030","2","yes","00-governance/registers/open-questions.md;02-requirements/requirements.md"
"OQ-031","4","yes","00-governance/registers/open-questions.md;03-domain/contexts/BC04/task-lifecycle-rules.md;13-verification/acceptance/SLC-03/invariants-slc03.md;16-reports/SESSION-W4-W7-SLC03.md"
"OQ-031..033","5","no","14-slices/SLC-03/readiness.md;16-reports/REQUIREMENTS-QUALITY-REPORT.md;16-reports/SESSION-W4-W7-SLC02.md;16-reports/SESSION-W4-W7-SLC03.md;16-reports/SESSION-W4-W7-SLC04.md"
"OQ-032","6","yes","00-governance/registers/open-questions.md;03-domain/contexts/BC04/task-lifecycle-rules.md;03-domain/contexts/BC04/aggregates/AGG-TASK.md;13-verification/acceptance/SLC-03/invariants-slc03.md;13-verification/tooling/slice-sources.md;16-reports/SESSION-W4-W7-SLC03.md"
"OQ-033","7","yes","00-governance/registers/open-questions.md;03-domain/contexts/BC04/commands-slc03.md;03-domain/contexts/BC04/task-lifecycle-rules.md;03-domain/contexts/BC04/aggregates/AGG-TASK.md;13-verification/acceptance/SLC-03/invariants-slc03.md;13-verification/tooling/slice-sources.md;16-reports/SESSION-W4-W7-SLC03.md"
"OUT-01","6","yes","01-business/capabilities.md;01-business/outcomes.md;02-requirements/quality-scenarios.md;02-requirements/requirements.md;15-traceability/rtm-r1.md;15-traceability/rtm-r2.md"
"OUT-01..06","3","no","00-governance/glossary.md;00-governance/elicitation/W1-answers.md;00-governance/elicitation/W1-questions.md"
"OUT-02","6","yes","00-governance/elicitation/W1-answers.md;01-business/capabilities.md;01-business/outcomes.md;01-business/system-definition.md;02-requirements/requirements.md;15-traceability/rtm-r1.md"
"OUT-03","8","yes","01-business/capabilities.md;01-business/outcomes.md;02-requirements/quality-scenarios.md;02-requirements/requirements.md;09-reliability/observability-slc07.md;14-slices/SLC-08/atam-lite.md;15-traceability/rtm-r1.md;15-traceability/rtm-r2.md"
"OUT-04","15","yes","00-governance/elicitation/W1-answers.md;01-business/capabilities.md;01-business/outcomes.md;01-business/system-definition.md;02-requirements/quality-scenarios.md;02-requirements/requirements.md;03-domain/contexts/BC04/commands-slc08.md;03-domain/contexts/BC04/decision-plan-spec.md;03-domain/contexts/BC04/aggregates/AGG-DECISION-REQUEST.md;03-domain/contexts/BC04/aggregates/AGG-DECISION.md;09-reliability/observability-slc08.md;13-verification/tooling/slice-sources.md;15-traceability/rtm-r1.md;15-traceability/rtm-r2.md;16-reports/SESSION-W4-W7-SLC08.md"
"OUT-05","12","yes","00-governance/elicitation/W1-answers.md;01-business/capabilities.md;01-business/outcomes.md;01-business/system-definition.md;02-requirements/requirements.md;03-domain/contexts/BC04/events-slc08.md;05-contracts/asyncapi-slc08.md;09-reliability/observability-slc03.md;09-reliability/observability-slc08.md;13-verification/tooling/slice-sources.md;15-traceability/rtm-r1.md;15-traceability/rtm-r2.md"
"OUT-06","14","yes","01-business/capabilities.md;01-business/outcomes.md;01-business/release-3-scope.md;02-requirements/requirements.md;03-domain/contexts/BC06/commands-slc12.md;03-domain/contexts/BC06/events-slc12.md;03-domain/contexts/BC06/products-knowledge-archive-spec.md;03-domain/contexts/BC06/aggregates/AGG-KNOWLEDGE-OBJECT.md;05-contracts/asyncapi-slc12.md;09-reliability/observability-slc12.md;13-verification/tooling/slice-sources.md;15-traceability/rtm-r1.md;15-traceability/rtm-r2.md;16-reports/SESSION-W4-W7-SLC12.md"
"PB-01","3","yes","08-security/policies-slc01.md;13-verification/acceptance/SLC-01/invariants-slc01.md;15-traceability/trace-slc01.md"
"PB-01..PB-07","1","no","08-security/policies-slc02.md"
"PB-01..PB-11","2","no","08-security/policies-slc03.md;08-security/policies-slc04.md"
"PB-02","1","yes","08-security/policies-slc01.md"
"PB-03","3","yes","08-security/policies-slc01.md;14-slices/SLC-01/readiness.md;15-traceability/trace-slc01.md"
"PB-04","1","yes","08-security/policies-slc01.md"
"PB-05","3","yes","08-security/policies-slc01.md;08-security/threat-model-slc01.md;13-verification/acceptance/SLC-01/invariants-slc01.md"
"PB-06","3","yes","08-security/policies-slc01.md;08-security/policies-slc03.md;08-security/threat-model-slc03.md"
"PB-07","1","yes","08-security/policies-slc01.md"
"PB-08","3","yes","08-security/policies-slc02.md;08-security/threat-model-slc02.md;13-verification/acceptance/SLC-02/invariants-slc02.md"
"PB-08..PB-11","1","no","16-reports/SESSION-W4-W7-SLC02.md"
"PB-09","1","yes","08-security/policies-slc02.md"
"PB-10","3","yes","08-security/policies-slc02.md;08-security/threat-model-slc02.md;13-verification/acceptance/SLC-02/invariants-slc02.md"
"PB-11","2","yes","08-security/policies-slc02.md;08-security/threat-model-slc02.md"
"PB-12","2","yes","08-security/policies-slc10.md;08-security/threat-model-slc10.md"
"PB-13","2","yes","08-security/policies-slc10.md;08-security/threat-model-slc10.md"
"PB-14","1","yes","08-security/policies-slc10.md"
"PERF-TEST-STRATEGY","6","yes","00-governance/decisions/ADR-P05.md;07-quality/performance-test-strategy.md;12-solution/cell-architecture.md;15-traceability/quality-verification-matrix.md;16-reports/ARCHITECTURE-REVIEW-R1.md;16-reports/IMPLEMENTATION-READINESS-R1.md"
"PL-SECURITY-CONTEXT","7","yes","00-governance/glossary.md;03-domain/contexts/BC01/security-context.md;05-contracts/openapi-foundation-slc01.md;08-security/threat-model-slc01.md;13-verification/tooling/spec-tooling.md;15-traceability/trace-slc01.md;16-reports/ARCHITECTURE-REVIEW-R1.md"
"PLT-002","1","no","12-solution/technology-decisions.md"
"POL-ACS-ADD-ASSUMPTION","3","yes","03-domain/contexts/BC03/commands-slc07.md;05-contracts/openapi-intelligence-slc07.md;08-security/policies-slc07.md"
"POL-ACS-ADD-HYPOTHESIS","3","yes","03-domain/contexts/BC03/commands-slc07.md;05-contracts/openapi-intelligence-slc07.md;08-security/policies-slc07.md"
"POL-ACS-CANCEL","3","yes","03-domain/contexts/BC03/commands-slc07.md;05-contracts/openapi-intelligence-slc07.md;08-security/policies-slc07.md"
"POL-ACS-CLOSE","3","yes","03-domain/contexts/BC03/commands-slc07.md;05-contracts/openapi-intelligence-slc07.md;08-security/policies-slc07.md"
"POL-ACS-CREATE","3","yes","03-domain/contexts/BC03/commands-slc07.md;05-contracts/openapi-intelligence-slc07.md;08-security/policies-slc07.md"
"POL-ACS-DEFINE","3","yes","03-domain/contexts/BC03/commands-slc07.md;05-contracts/openapi-intelligence-slc07.md;08-security/policies-slc07.md"
"POL-ACS-DEFINE-SCENARIO","3","yes","03-domain/contexts/BC03/commands-slc07.md;05-contracts/openapi-intelligence-slc07.md;08-security/policies-slc07.md"
"POL-ACS-DESELECT-EVIDENCE","3","yes","03-domain/contexts/BC03/commands-slc07.md;05-contracts/openapi-intelligence-slc07.md;08-security/policies-slc07.md"
"POL-ACS-GET","1","yes","08-security/policies-slc07.md"
"POL-ACS-LIST","1","yes","08-security/policies-slc07.md"
"POL-ACS-OPEN","3","yes","03-domain/contexts/BC03/commands-slc07.md;05-contracts/openapi-intelligence-slc07.md;08-security/policies-slc07.md"
"POL-ACS-RECLASSIFY","3","yes","03-domain/contexts/BC03/commands-slc07.md;05-contracts/openapi-intelligence-slc07.md;08-security/policies-slc07.md"
"POL-ACS-REOPEN","3","yes","03-domain/contexts/BC03/commands-slc07.md;05-contracts/openapi-intelligence-slc07.md;08-security/policies-slc07.md"
"POL-ACS-RETIRE-ASSUMPTION","3","yes","03-domain/contexts/BC03/commands-slc07.md;05-contracts/openapi-intelligence-slc07.md;08-security/policies-slc07.md"
"POL-ACS-SELECT-EVIDENCE","3","yes","03-domain/contexts/BC03/commands-slc07.md;05-contracts/openapi-intelligence-slc07.md;08-security/policies-slc07.md"
"POL-ACS-UPDATE-HYPOTHESIS","3","yes","03-domain/contexts/BC03/commands-slc07.md;05-contracts/openapi-intelligence-slc07.md;08-security/policies-slc07.md"
"POL-ADP-ACTIVATE","3","yes","03-domain/contexts/BC07/commands-slc02.md;05-contracts/openapi-integration-slc02.md;08-security/policies-slc02.md"
"POL-ADP-GET","1","yes","08-security/policies-slc02.md"
"POL-ADP-REGISTER","3","yes","03-domain/contexts/BC07/commands-slc02.md;05-contracts/openapi-integration-slc02.md;08-security/policies-slc02.md"
"POL-ADP-RESUME","3","yes","03-domain/contexts/BC07/commands-slc02.md;05-contracts/openapi-integration-slc02.md;08-security/policies-slc02.md"
"POL-ADP-RETIRE","3","yes","03-domain/contexts/BC07/commands-slc02.md;05-contracts/openapi-integration-slc02.md;08-security/policies-slc02.md"
"POL-ADP-SUSPEND","3","yes","03-domain/contexts/BC07/commands-slc02.md;05-contracts/openapi-integration-slc02.md;08-security/policies-slc02.md"
"POL-ADP-UPDATE-MAPPING","3","yes","03-domain/contexts/BC07/commands-slc02.md;05-contracts/openapi-integration-slc02.md;08-security/policies-slc02.md"
"POL-AGG-STATS","1","yes","08-security/authorization-model.md"
"POL-AIR-CANCEL","3","yes","03-domain/contexts/BC07/commands-slc10.md;05-contracts/openapi-ai-slc10.md;08-security/policies-slc10.md"
"POL-AIR-CONTEXT","1","yes","08-security/policies-slc10.md"
"POL-AIR-GET","1","yes","08-security/policies-slc10.md"
"POL-AIRS-ACCEPT","3","yes","03-domain/contexts/BC07/commands-slc10.md;05-contracts/openapi-ai-slc10.md;08-security/policies-slc10.md"
"POL-AIRS-ACCEPT-PARTIALLY","3","yes","03-domain/contexts/BC07/commands-slc10.md;05-contracts/openapi-ai-slc10.md;08-security/policies-slc10.md"
"POL-AIRS-QUEUE","1","yes","08-security/policies-slc10.md"
"POL-AIRS-REJECT","3","yes","03-domain/contexts/BC07/commands-slc10.md;05-contracts/openapi-ai-slc10.md;08-security/policies-slc10.md"
"POL-AIRS-START-REVIEW","3","yes","03-domain/contexts/BC07/commands-slc10.md;05-contracts/openapi-ai-slc10.md;08-security/policies-slc10.md"
"POL-AIR-SUBMIT","3","yes","03-domain/contexts/BC07/commands-slc10.md;05-contracts/openapi-ai-slc10.md;08-security/policies-slc10.md"
"POL-AI-USAGE","1","yes","08-security/policies-slc10.md"
"POL-ALC-APPROVE","3","yes","03-domain/contexts/BC05/commands-slc09.md;05-contracts/openapi-readiness-slc09.md;08-security/policies-slc09.md"
"POL-ALC-LIST","1","yes","08-security/policies-slc09.md"
"POL-ALC-PREEMPT","3","yes","03-domain/contexts/BC05/commands-slc09.md;05-contracts/openapi-readiness-slc09.md;08-security/policies-slc09.md"
"POL-ALC-RECORD-CONSUMPTION","3","yes","03-domain/contexts/BC05/commands-slc09.md;05-contracts/openapi-readiness-slc09.md;08-security/policies-slc09.md"
"POL-ALC-REJECT","3","yes","03-domain/contexts/BC05/commands-slc09.md;05-contracts/openapi-readiness-slc09.md;08-security/policies-slc09.md"
"POL-ALC-RELEASE","3","yes","03-domain/contexts/BC05/commands-slc09.md;05-contracts/openapi-readiness-slc09.md;08-security/policies-slc09.md"
"POL-ALC-REQUEST","3","yes","03-domain/contexts/BC05/commands-slc09.md;05-contracts/openapi-readiness-slc09.md;08-security/policies-slc09.md"
"POL-ALR-ACKNOWLEDGE","3","yes","03-domain/contexts/BC03/commands-slc06.md;05-contracts/openapi-intelligence-slc06.md;08-security/policies-slc06.md"
"POL-ALR-DISMISS","3","yes","03-domain/contexts/BC03/commands-slc06.md;05-contracts/openapi-intelligence-slc06.md;08-security/policies-slc06.md"
"POL-ALR-LIST","1","yes","08-security/policies-slc06.md"
"POL-ALR-RESOLVE","3","yes","03-domain/contexts/BC03/commands-slc06.md;05-contracts/openapi-intelligence-slc06.md;08-security/policies-slc06.md"
"POL-AMT-ACTIVATE","3","yes","03-domain/contexts/BC03/commands-slc07.md;05-contracts/openapi-intelligence-slc07.md;08-security/policies-slc07.md"
"POL-AMT-DEPRECATE","3","yes","03-domain/contexts/BC03/commands-slc07.md;05-contracts/openapi-intelligence-slc07.md;08-security/policies-slc07.md"
"POL-AMT-LIST","1","yes","08-security/policies-slc07.md"
"POL-AMT-REGISTER","3","yes","03-domain/contexts/BC03/commands-slc07.md;05-contracts/openapi-intelligence-slc07.md;08-security/policies-slc07.md"
"POL-AMT-RETIRE","3","yes","03-domain/contexts/BC03/commands-slc07.md;05-contracts/openapi-intelligence-slc07.md;08-security/policies-slc07.md"
"POL-ARC-MIGRATE-FORMAT","3","yes","03-domain/contexts/BC06/commands-slc12.md;05-contracts/openapi-knowledge-slc12.md;08-security/policies-slc12.md"
"POL-ARC-REPAIR","3","yes","03-domain/contexts/BC06/commands-slc12.md;05-contracts/openapi-knowledge-slc12.md;08-security/policies-slc12.md"
"POL-ARC-RETRIEVE","1","yes","08-security/policies-slc12.md"
"POL-ARC-RETRY-INGEST","3","yes","03-domain/contexts/BC06/commands-slc12.md;05-contracts/openapi-knowledge-slc12.md;08-security/policies-slc12.md"
"POL-ARC-SEARCH","1","yes","08-security/policies-slc12.md"
"POL-ARC-TRANSFER","3","yes","03-domain/contexts/BC06/commands-slc12.md;05-contracts/openapi-knowledge-slc12.md;08-security/policies-slc12.md"
"POL-ARL-ACTIVATE","3","yes","03-domain/contexts/BC03/commands-slc06.md;05-contracts/openapi-intelligence-slc06.md;08-security/policies-slc06.md"
"POL-ARL-DEFINE","3","yes","03-domain/contexts/BC03/commands-slc06.md;05-contracts/openapi-intelligence-slc06.md;08-security/policies-slc06.md"
"POL-ARL-DISABLE","3","yes","03-domain/contexts/BC03/commands-slc06.md;05-contracts/openapi-intelligence-slc06.md;08-security/policies-slc06.md"
"POL-ARL-EDIT","3","yes","03-domain/contexts/BC03/commands-slc06.md;05-contracts/openapi-intelligence-slc06.md;08-security/policies-slc06.md"
"POL-ARL-ENABLE","3","yes","03-domain/contexts/BC03/commands-slc06.md;05-contracts/openapi-intelligence-slc06.md;08-security/policies-slc06.md"
"POL-ARL-RETIRE","3","yes","03-domain/contexts/BC03/commands-slc06.md;05-contracts/openapi-intelligence-slc06.md;08-security/policies-slc06.md"
"POL-ASG-ASSIGN","3","yes","03-domain/contexts/BC05/commands-slc09.md;05-contracts/openapi-readiness-slc09.md;08-security/policies-slc09.md"
"POL-ASG-CANCEL","3","yes","03-domain/contexts/BC05/commands-slc09.md;05-contracts/openapi-readiness-slc09.md;08-security/policies-slc09.md"
"POL-ASG-RETURN","3","yes","03-domain/contexts/BC05/commands-slc09.md;05-contracts/openapi-readiness-slc09.md;08-security/policies-slc09.md"
"POL-ASM-DISCARD","3","yes","03-domain/contexts/BC03/commands-slc07.md;05-contracts/openapi-intelligence-slc07.md;08-security/policies-slc07.md"
"POL-ASM-DRAFT","3","yes","03-domain/contexts/BC03/commands-slc07.md;05-contracts/openapi-intelligence-slc07.md;08-security/policies-slc07.md"
"POL-ASM-EDIT","3","yes","03-domain/contexts/BC03/commands-slc07.md;05-contracts/openapi-intelligence-slc07.md;08-security/policies-slc07.md"
"POL-ASM-GET","1","yes","08-security/policies-slc07.md"
"POL-ASM-PUBLISH","3","yes","03-domain/contexts/BC03/commands-slc07.md;05-contracts/openapi-intelligence-slc07.md;08-security/policies-slc07.md"
"POL-ASM-RETURN","3","yes","03-domain/contexts/BC03/commands-slc07.md;05-contracts/openapi-intelligence-slc07.md;08-security/policies-slc07.md"
"POL-ASM-SUBMIT","3","yes","03-domain/contexts/BC03/commands-slc07.md;05-contracts/openapi-intelligence-slc07.md;08-security/policies-slc07.md"
"POL-ASM-VERSIONS","1","yes","08-security/policies-slc07.md"
"POL-ASM-WITHDRAW","3","yes","03-domain/contexts/BC03/commands-slc07.md;05-contracts/openapi-intelligence-slc07.md;08-security/policies-slc07.md"
"POL-AST-AVAILABILITY","1","yes","08-security/policies-slc09.md"
"POL-AST-DISPOSE","3","yes","03-domain/contexts/BC05/commands-slc09.md;05-contracts/openapi-readiness-slc09.md;08-security/policies-slc09.md"
"POL-AST-FAIL-MAINTENANCE","3","yes","03-domain/contexts/BC05/commands-slc09.md;05-contracts/openapi-readiness-slc09.md;08-security/policies-slc09.md"
"POL-AST-GET","1","yes","08-security/policies-slc09.md"
"POL-AST-MARK-UNSERVICEABLE","3","yes","03-domain/contexts/BC05/commands-slc09.md;05-contracts/openapi-readiness-slc09.md;08-security/policies-slc09.md"
"POL-AST-RECLASSIFY","3","yes","03-domain/contexts/BC05/commands-slc09.md;05-contracts/openapi-readiness-slc09.md;08-security/policies-slc09.md"
"POL-AST-RECOVER","3","yes","03-domain/contexts/BC05/commands-slc09.md;05-contracts/openapi-readiness-slc09.md;08-security/policies-slc09.md"
"POL-AST-REGISTER","3","yes","03-domain/contexts/BC05/commands-slc09.md;05-contracts/openapi-readiness-slc09.md;08-security/policies-slc09.md"
"POL-AST-REPORT-LOST","3","yes","03-domain/contexts/BC05/commands-slc09.md;05-contracts/openapi-readiness-slc09.md;08-security/policies-slc09.md"
"POL-AST-RETURN-TO-SERVICE","3","yes","03-domain/contexts/BC05/commands-slc09.md;05-contracts/openapi-readiness-slc09.md;08-security/policies-slc09.md"
"POL-AST-SET-CERTIFICATION","3","yes","03-domain/contexts/BC05/commands-slc09.md;05-contracts/openapi-readiness-slc09.md;08-security/policies-slc09.md"
"POL-AST-START-MAINTENANCE","3","yes","03-domain/contexts/BC05/commands-slc09.md;05-contracts/openapi-readiness-slc09.md;08-security/policies-slc09.md"
"POL-AST-TRANSFER-CUSTODY","3","yes","03-domain/contexts/BC05/commands-slc09.md;05-contracts/openapi-readiness-slc09.md;08-security/policies-slc09.md"
"POL-AST-UPDATE-CONDITION","3","yes","03-domain/contexts/BC05/commands-slc09.md;05-contracts/openapi-readiness-slc09.md;08-security/policies-slc09.md"
"POL-ATT-COMPLETE-UPLOAD","3","yes","03-domain/contexts/BC02/commands-slc02.md;05-contracts/openapi-information-slc02.md;08-security/policies-slc02.md"
"POL-ATT-DOWNLOAD","1","yes","08-security/policies-slc02.md"
"POL-ATT-ERASE","3","yes","03-domain/contexts/BC02/commands-slc02.md;05-contracts/openapi-information-slc02.md;08-security/policies-slc02.md"
"POL-ATT-INITIATE-UPLOAD","3","yes","03-domain/contexts/BC02/commands-slc02.md;05-contracts/openapi-information-slc02.md;08-security/policies-slc02.md"
"POL-AUD-SEARCH","1","yes","08-security/policies-slc01.md"
"POL-AUD-VERIFY","1","yes","08-security/policies-slc01.md"
"POL-AUT-APPROVE-GRANT","3","yes","03-domain/contexts/BC01/commands-slc01.md;05-contracts/openapi-foundation-slc01.md;08-security/policies-slc01.md"
"POL-AUT-CHECK","1","yes","08-security/policies-slc01.md"
"POL-AUT-DELEGATE","3","yes","03-domain/contexts/BC01/commands-slc01.md;05-contracts/openapi-foundation-slc01.md;08-security/policies-slc01.md"
"POL-AUT-GRANT","3","yes","03-domain/contexts/BC01/commands-slc01.md;05-contracts/openapi-foundation-slc01.md;08-security/policies-slc01.md"
"POL-AUT-LIST","1","yes","08-security/policies-slc01.md"
"POL-AUT-REJECT-GRANT","3","yes","03-domain/contexts/BC01/commands-slc01.md;05-contracts/openapi-foundation-slc01.md;08-security/policies-slc01.md"
"POL-AUT-RESUME","3","yes","03-domain/contexts/BC01/commands-slc01.md;05-contracts/openapi-foundation-slc01.md;08-security/policies-slc01.md"
"POL-AUT-REVOKE","3","yes","03-domain/contexts/BC01/commands-slc01.md;05-contracts/openapi-foundation-slc01.md;08-security/policies-slc01.md"
"POL-AUT-SUSPEND","3","yes","03-domain/contexts/BC01/commands-slc01.md;05-contracts/openapi-foundation-slc01.md;08-security/policies-slc01.md"
"POL-BASE-TILE","1","yes","08-security/policies-slc06.md"
"POL-CAP-CANCEL","3","yes","03-domain/contexts/BC03/commands-slc16.md;05-contracts/openapi-intelligence-slc16.md;08-security/policies-slc16.md"
"POL-CAP-LIST","1","yes","08-security/policies-slc16.md"
"POL-CAP-PREPARE","3","yes","03-domain/contexts/BC03/commands-slc16.md;05-contracts/openapi-intelligence-slc16.md;08-security/policies-slc16.md"
"POL-CAP-RELEASE","3","yes","03-domain/contexts/BC03/commands-slc16.md;05-contracts/openapi-intelligence-slc16.md;08-security/policies-slc16.md"
"POL-CAP-RETRY","3","yes","03-domain/contexts/BC03/commands-slc16.md;05-contracts/openapi-intelligence-slc16.md;08-security/policies-slc16.md"
"POL-CLM-ASSERT","3","yes","03-domain/contexts/BC02/commands-slc02.md;05-contracts/openapi-information-slc02.md;08-security/policies-slc02.md"
"POL-CLM-ASSESS","3","yes","03-domain/contexts/BC02/commands-slc02.md;05-contracts/openapi-information-slc02.md;08-security/policies-slc02.md"
"POL-CLM-CORRECT","3","yes","03-domain/contexts/BC02/commands-slc02.md;05-contracts/openapi-information-slc02.md;08-security/policies-slc02.md"
"POL-CLM-GET","1","yes","08-security/policies-slc02.md"
"POL-CLM-RECLASSIFY","3","yes","03-domain/contexts/BC02/commands-slc02.md;05-contracts/openapi-information-slc02.md;08-security/policies-slc02.md"
"POL-CLM-RECORD-CHANGE","3","yes","03-domain/contexts/BC02/commands-slc02.md;05-contracts/openapi-information-slc02.md;08-security/policies-slc02.md"
"POL-CLM-RETRACT","3","yes","03-domain/contexts/BC02/commands-slc02.md;05-contracts/openapi-information-slc02.md;08-security/policies-slc02.md"
"POL-CLR-APPROVE","3","yes","03-domain/contexts/BC01/commands-slc01.md;05-contracts/openapi-foundation-slc01.md;08-security/policies-slc01.md"
"POL-CLR-GET","1","yes","08-security/policies-slc01.md"
"POL-CLR-GRANT","3","yes","03-domain/contexts/BC01/commands-slc01.md;05-contracts/openapi-foundation-slc01.md;08-security/policies-slc01.md"
"POL-CLR-MODIFY","3","yes","03-domain/contexts/BC01/commands-slc01.md;05-contracts/openapi-foundation-slc01.md;08-security/policies-slc01.md"
"POL-CLR-REINSTATE","3","yes","03-domain/contexts/BC01/commands-slc01.md;05-contracts/openapi-foundation-slc01.md;08-security/policies-slc01.md"
"POL-CLR-REVOKE","3","yes","03-domain/contexts/BC01/commands-slc01.md;05-contracts/openapi-foundation-slc01.md;08-security/policies-slc01.md"
"POL-CLR-SUSPEND","3","yes","03-domain/contexts/BC01/commands-slc01.md;05-contracts/openapi-foundation-slc01.md;08-security/policies-slc01.md"
"POL-CLS-ACTIVATE","3","yes","03-domain/contexts/BC08/commands-slc01.md;05-contracts/openapi-governance-slc01.md;08-security/policies-slc01.md"
"POL-CLS-ACTIVE","1","yes","08-security/policies-slc01.md"
"POL-CLS-DISCARD","3","yes","03-domain/contexts/BC08/commands-slc01.md;05-contracts/openapi-governance-slc01.md;08-security/policies-slc01.md"
"POL-CLS-DRAFT","3","yes","03-domain/contexts/BC08/commands-slc01.md;05-contracts/openapi-governance-slc01.md;08-security/policies-slc01.md"
"POL-CLS-EDIT","3","yes","03-domain/contexts/BC08/commands-slc01.md;05-contracts/openapi-governance-slc01.md;08-security/policies-slc01.md"
"POL-CLUSTER-GET","1","yes","08-security/policies-slc04.md"
"POL-CNF-ACCEPT","3","yes","03-domain/contexts/BC02/commands-slc04.md;05-contracts/openapi-information-slc04.md;08-security/policies-slc04.md"
"POL-CNF-ASSIGN","3","yes","03-domain/contexts/BC02/commands-slc04.md;05-contracts/openapi-information-slc04.md;08-security/policies-slc04.md"
"POL-CNF-GET","1","yes","08-security/policies-slc04.md"
"POL-CNF-LIST","1","yes","08-security/policies-slc04.md"
"POL-CNF-RAISE","3","yes","03-domain/contexts/BC02/commands-slc04.md;05-contracts/openapi-information-slc04.md;08-security/policies-slc04.md"
"POL-CNF-REOPEN","3","yes","03-domain/contexts/BC02/commands-slc04.md;05-contracts/openapi-information-slc04.md;08-security/policies-slc04.md"
"POL-CNF-RESOLVE","3","yes","03-domain/contexts/BC02/commands-slc04.md;05-contracts/openapi-information-slc04.md;08-security/policies-slc04.md"
"POL-CNF-START-REVIEW","3","yes","03-domain/contexts/BC02/commands-slc04.md;05-contracts/openapi-information-slc04.md;08-security/policies-slc04.md"
"POL-CON-ACTIVATE","3","yes","03-domain/contexts/BC07/commands-slc16.md;05-contracts/openapi-integration-slc16.md;08-security/policies-slc16.md"
"POL-CON-FAIL-TEST","3","yes","03-domain/contexts/BC07/commands-slc16.md;05-contracts/openapi-integration-slc16.md;08-security/policies-slc16.md"
"POL-CON-LIST","1","yes","08-security/policies-slc16.md"
"POL-CON-REGISTER","3","yes","03-domain/contexts/BC07/commands-slc16.md;05-contracts/openapi-integration-slc16.md;08-security/policies-slc16.md"
"POL-CON-RESUME","3","yes","03-domain/contexts/BC07/commands-slc16.md;05-contracts/openapi-integration-slc16.md;08-security/policies-slc16.md"
"POL-CON-RETIRE","3","yes","03-domain/contexts/BC07/commands-slc16.md;05-contracts/openapi-integration-slc16.md;08-security/policies-slc16.md"
"POL-CON-SUSPEND","3","yes","03-domain/contexts/BC07/commands-slc16.md;05-contracts/openapi-integration-slc16.md;08-security/policies-slc16.md"
"POL-CON-TEST","3","yes","03-domain/contexts/BC07/commands-slc16.md;05-contracts/openapi-integration-slc16.md;08-security/policies-slc16.md"
"POL-CPL-ACTIVATE","3","yes","03-domain/contexts/BC02/commands-slc14.md;05-contracts/openapi-information-slc14.md;08-security/policies-slc14.md"
"POL-CPL-ADD-ACTIVITY","3","yes","03-domain/contexts/BC02/commands-slc14.md;05-contracts/openapi-information-slc14.md;08-security/policies-slc14.md"
"POL-CPL-CANCEL","3","yes","03-domain/contexts/BC02/commands-slc14.md;05-contracts/openapi-information-slc14.md;08-security/policies-slc14.md"
"POL-CPL-COMPLETE","3","yes","03-domain/contexts/BC02/commands-slc14.md;05-contracts/openapi-information-slc14.md;08-security/policies-slc14.md"
"POL-CPL-CREATE","3","yes","03-domain/contexts/BC02/commands-slc14.md;05-contracts/openapi-information-slc14.md;08-security/policies-slc14.md"
"POL-CPL-GET","1","yes","08-security/policies-slc14.md"
"POL-CPL-REMOVE-ACTIVITY","3","yes","03-domain/contexts/BC02/commands-slc14.md;05-contracts/openapi-information-slc14.md;08-security/policies-slc14.md"
"POL-CRD-ACTIVATE","3","yes","03-domain/contexts/BC04/commands-slc15.md;05-contracts/openapi-operations-slc15.md;08-security/policies-slc15.md"
"POL-CRD-ADD-PARTICIPANT","3","yes","03-domain/contexts/BC04/commands-slc15.md;05-contracts/openapi-operations-slc15.md;08-security/policies-slc15.md"
"POL-CRD-ASSIGN-RESPONSIBILITY","3","yes","03-domain/contexts/BC04/commands-slc15.md;05-contracts/openapi-operations-slc15.md;08-security/policies-slc15.md"
"POL-CRD-CANCEL","3","yes","03-domain/contexts/BC04/commands-slc15.md;05-contracts/openapi-operations-slc15.md;08-security/policies-slc15.md"
"POL-CRD-CLOSE","3","yes","03-domain/contexts/BC04/commands-slc15.md;05-contracts/openapi-operations-slc15.md;08-security/policies-slc15.md"
"POL-CRD-GET","1","yes","08-security/policies-slc15.md"
"POL-CRD-LIST","1","yes","08-security/policies-slc15.md"
"POL-CRD-OPEN","3","yes","03-domain/contexts/BC04/commands-slc15.md;05-contracts/openapi-operations-slc15.md;08-security/policies-slc15.md"
"POL-CRD-REMOVE-PARTICIPANT","3","yes","03-domain/contexts/BC04/commands-slc15.md;05-contracts/openapi-operations-slc15.md;08-security/policies-slc15.md"
"POL-CRD-REQUEST-DECISION","3","yes","03-domain/contexts/BC04/commands-slc15.md;05-contracts/openapi-operations-slc15.md;08-security/policies-slc15.md"
"POL-CRD-UPDATE-RESPONSIBILITY","3","yes","03-domain/contexts/BC04/commands-slc15.md;05-contracts/openapi-operations-slc15.md;08-security/policies-slc15.md"
"POL-CRP-ACCEPT","3","yes","03-domain/contexts/BC02/commands-slc15.md;05-contracts/openapi-information-slc15.md;08-security/policies-slc15.md"
"POL-CRP-GET","1","yes","08-security/policies-slc15.md"
"POL-CRP-PROPOSE","3","yes","03-domain/contexts/BC02/commands-slc15.md;05-contracts/openapi-information-slc15.md;08-security/policies-slc15.md"
"POL-CRP-QUEUE","1","yes","08-security/policies-slc15.md"
"POL-CRP-REJECT","3","yes","03-domain/contexts/BC02/commands-slc15.md;05-contracts/openapi-information-slc15.md;08-security/policies-slc15.md"
"POL-CRP-START-REVIEW","3","yes","03-domain/contexts/BC02/commands-slc15.md;05-contracts/openapi-information-slc15.md;08-security/policies-slc15.md"
"POL-CRQ-AMEND","3","yes","03-domain/contexts/BC02/commands-slc14.md;05-contracts/openapi-information-slc14.md;08-security/policies-slc14.md"
"POL-CRQ-APPROVE","3","yes","03-domain/contexts/BC02/commands-slc14.md;05-contracts/openapi-information-slc14.md;08-security/policies-slc14.md"
"POL-CRQ-BOARD","1","yes","08-security/policies-slc14.md"
"POL-CRQ-CANCEL","3","yes","03-domain/contexts/BC02/commands-slc14.md;05-contracts/openapi-information-slc14.md;08-security/policies-slc14.md"
"POL-CRQ-DRAFT","3","yes","03-domain/contexts/BC02/commands-slc14.md;05-contracts/openapi-information-slc14.md;08-security/policies-slc14.md"
"POL-CRQ-EDIT","3","yes","03-domain/contexts/BC02/commands-slc14.md;05-contracts/openapi-information-slc14.md;08-security/policies-slc14.md"
"POL-CRQ-EVIDENCE","1","yes","08-security/policies-slc14.md"
"POL-CRQ-GET","1","yes","08-security/policies-slc14.md"
"POL-CRQ-MARK-SATISFIED","3","yes","03-domain/contexts/BC02/commands-slc14.md;05-contracts/openapi-information-slc14.md;08-security/policies-slc14.md"
"POL-CRQ-REJECT","3","yes","03-domain/contexts/BC02/commands-slc14.md;05-contracts/openapi-information-slc14.md;08-security/policies-slc14.md"
"POL-CRQ-SUBMIT","3","yes","03-domain/contexts/BC02/commands-slc14.md;05-contracts/openapi-information-slc14.md;08-security/policies-slc14.md"
"POL-CRR-ACTIVATE","3","yes","03-domain/contexts/BC02/commands-slc15.md;05-contracts/openapi-information-slc15.md;08-security/policies-slc15.md"
"POL-CRR-DEFINE","3","yes","03-domain/contexts/BC02/commands-slc15.md;05-contracts/openapi-information-slc15.md;08-security/policies-slc15.md"
"POL-CRR-EDIT","3","yes","03-domain/contexts/BC02/commands-slc15.md;05-contracts/openapi-information-slc15.md;08-security/policies-slc15.md"
"POL-CRR-RETIRE","3","yes","03-domain/contexts/BC02/commands-slc15.md;05-contracts/openapi-information-slc15.md;08-security/policies-slc15.md"
"POL-DEC-ANNUL","3","yes","03-domain/contexts/BC04/commands-slc08.md;05-contracts/openapi-operations-slc08.md;08-security/policies-slc08.md"
"POL-DEC-BASIS","1","yes","08-security/policies-slc08.md"
"POL-DEC-GET","1","yes","08-security/policies-slc08.md"
"POL-DEC-RECORD","3","yes","03-domain/contexts/BC04/commands-slc08.md;05-contracts/openapi-operations-slc08.md;08-security/policies-slc08.md"
"POL-DEV-CONFIRM","3","yes","03-domain/contexts/BC01/commands-slc11.md;05-contracts/openapi-foundation-slc11.md;08-security/policies-slc11.md"
"POL-DEV-ENROLL","3","yes","03-domain/contexts/BC01/commands-slc11.md;05-contracts/openapi-foundation-slc11.md;08-security/policies-slc11.md"
"POL-DEV-LIST","1","yes","08-security/policies-slc11.md"
"POL-DEV-REINSTATE","3","yes","03-domain/contexts/BC01/commands-slc11.md;05-contracts/openapi-foundation-slc11.md;08-security/policies-slc11.md"
"POL-DEV-REPORT-LOST","3","yes","03-domain/contexts/BC01/commands-slc11.md;05-contracts/openapi-foundation-slc11.md;08-security/policies-slc11.md"
"POL-DEV-RETIRE","3","yes","03-domain/contexts/BC01/commands-slc11.md;05-contracts/openapi-foundation-slc11.md;08-security/policies-slc11.md"
"POL-DEV-ROTATE-KEY","3","yes","03-domain/contexts/BC01/commands-slc11.md;05-contracts/openapi-foundation-slc11.md;08-security/policies-slc11.md"
"POL-DEV-SUSPEND","3","yes","03-domain/contexts/BC01/commands-slc11.md;05-contracts/openapi-foundation-slc11.md;08-security/policies-slc11.md"
"POL-DRQ-ADD-OPTION","3","yes","03-domain/contexts/BC04/commands-slc08.md;05-contracts/openapi-operations-slc08.md;08-security/policies-slc08.md"
"POL-DRQ-CITE","3","yes","03-domain/contexts/BC04/commands-slc08.md;05-contracts/openapi-operations-slc08.md;08-security/policies-slc08.md"
"POL-DRQ-CREATE","3","yes","03-domain/contexts/BC04/commands-slc08.md;05-contracts/openapi-operations-slc08.md;08-security/policies-slc08.md"
"POL-DRQ-GET","1","yes","08-security/policies-slc08.md"
"POL-DRQ-LIST","1","yes","08-security/policies-slc08.md"
"POL-DRQ-OPEN","3","yes","03-domain/contexts/BC04/commands-slc08.md;05-contracts/openapi-operations-slc08.md;08-security/policies-slc08.md"
"POL-DRQ-WITHDRAW","3","yes","03-domain/contexts/BC04/commands-slc08.md;05-contracts/openapi-operations-slc08.md;08-security/policies-slc08.md"
"POL-DSP-APPROVE","3","yes","03-domain/contexts/BC08/commands-slc12a.md;05-contracts/openapi-governance-slc12a.md;08-security/policies-slc12a.md"
"POL-DSP-CANCEL","3","yes","03-domain/contexts/BC08/commands-slc12a.md;05-contracts/openapi-governance-slc12a.md;08-security/policies-slc12a.md"
"POL-DSP-GET","1","yes","08-security/policies-slc12a.md"
"POL-DSP-SUBMIT","3","yes","03-domain/contexts/BC08/commands-slc12a.md;05-contracts/openapi-governance-slc12a.md;08-security/policies-slc12a.md"
"POL-DST-CANCEL","3","yes","03-domain/contexts/BC06/commands-slc12.md;05-contracts/openapi-knowledge-slc12.md;08-security/policies-slc12.md"
"POL-DST-DISTRIBUTE","3","yes","03-domain/contexts/BC06/commands-slc12.md;05-contracts/openapi-knowledge-slc12.md;08-security/policies-slc12.md"
"POL-DST-LOG","1","yes","08-security/policies-slc12.md"
"POL-ELIG-CHECK","1","yes","08-security/policies-slc03.md"
"POL-ENT-CHANGE-TYPE","3","yes","03-domain/contexts/BC02/commands-slc02.md;05-contracts/openapi-information-slc02.md;08-security/policies-slc02.md"
"POL-ENT-CLAIMS","1","yes","08-security/policies-slc02.md"
"POL-ENT-LIST","1","yes","08-security/policies-slc02.md"
"POL-ENT-POSITIONS","1","yes","08-security/policies-slc02.md"
"POL-ENT-RECLASSIFY","3","yes","03-domain/contexts/BC02/commands-slc02.md;05-contracts/openapi-information-slc02.md;08-security/policies-slc02.md"
"POL-ENT-REGISTER","3","yes","03-domain/contexts/BC02/commands-slc02.md;05-contracts/openapi-information-slc02.md;08-security/policies-slc02.md"
"POL-ENT-REINSTATE","3","yes","03-domain/contexts/BC02/commands-slc02.md;05-contracts/openapi-information-slc02.md;08-security/policies-slc02.md"
"POL-ENT-RESOLVED","1","yes","08-security/policies-slc02.md"
"POL-ENT-RETIRE","3","yes","03-domain/contexts/BC02/commands-slc02.md;05-contracts/openapi-information-slc02.md;08-security/policies-slc02.md"
"POL-ER-CONFIRM-MATCH","3","yes","03-domain/contexts/BC02/commands-slc04.md;05-contracts/openapi-information-slc04.md;08-security/policies-slc04.md"
"POL-ER-DECIDE-MATCH","3","yes","03-domain/contexts/BC02/commands-slc04.md;05-contracts/openapi-information-slc04.md;08-security/policies-slc04.md"
"POL-ER-DECIDE-NOT-MATCH","3","yes","03-domain/contexts/BC02/commands-slc04.md;05-contracts/openapi-information-slc04.md;08-security/policies-slc04.md"
"POL-ER-GET","1","yes","08-security/policies-slc04.md"
"POL-ER-PARK","3","yes","03-domain/contexts/BC02/commands-slc04.md;05-contracts/openapi-information-slc04.md;08-security/policies-slc04.md"
"POL-ER-PROPOSE","3","yes","03-domain/contexts/BC02/commands-slc04.md;05-contracts/openapi-information-slc04.md;08-security/policies-slc04.md"
"POL-ER-QUEUE","1","yes","08-security/policies-slc04.md"
"POL-ER-REQUEST-SPLIT","3","yes","03-domain/contexts/BC02/commands-slc04.md;05-contracts/openapi-information-slc04.md;08-security/policies-slc04.md"
"POL-ER-RESUME","3","yes","03-domain/contexts/BC02/commands-slc04.md;05-contracts/openapi-information-slc04.md;08-security/policies-slc04.md"
"POL-ERS-APPROVE","3","yes","03-domain/contexts/BC08/commands-slc12a.md;05-contracts/openapi-governance-slc12a.md;08-security/policies-slc12a.md"
"POL-ERS-GET","1","yes","08-security/policies-slc12a.md"
"POL-ER-SPLIT","3","yes","03-domain/contexts/BC02/commands-slc04.md;05-contracts/openapi-information-slc04.md;08-security/policies-slc04.md"
"POL-ERS-REGISTER","3","yes","03-domain/contexts/BC08/commands-slc12a.md;05-contracts/openapi-governance-slc12a.md;08-security/policies-slc12a.md"
"POL-ERS-REJECT","3","yes","03-domain/contexts/BC08/commands-slc12a.md;05-contracts/openapi-governance-slc12a.md;08-security/policies-slc12a.md"
"POL-ER-START-REVIEW","3","yes","03-domain/contexts/BC02/commands-slc04.md;05-contracts/openapi-information-slc04.md;08-security/policies-slc04.md"
"POL-ER-WITHDRAW","3","yes","03-domain/contexts/BC02/commands-slc04.md;05-contracts/openapi-information-slc04.md;08-security/policies-slc04.md"
"POL-EVD-GET","1","yes","08-security/policies-slc02.md"
"POL-EVD-RECLASSIFY","3","yes","03-domain/contexts/BC02/commands-slc02.md;05-contracts/openapi-information-slc02.md;08-security/policies-slc02.md"
"POL-EVD-REGISTER","3","yes","03-domain/contexts/BC02/commands-slc02.md;05-contracts/openapi-information-slc02.md;08-security/policies-slc02.md"
"POL-EVD-SEAL","3","yes","03-domain/contexts/BC02/commands-slc02.md;05-contracts/openapi-information-slc02.md;08-security/policies-slc02.md"
"POL-EVD-TRANSFER-CUSTODY","3","yes","03-domain/contexts/BC02/commands-slc02.md;05-contracts/openapi-information-slc02.md;08-security/policies-slc02.md"
"POL-EVD-UPDATE-LOCATOR","3","yes","03-domain/contexts/BC02/commands-slc02.md;05-contracts/openapi-information-slc02.md;08-security/policies-slc02.md"
"POL-EVD-WITHDRAW","3","yes","03-domain/contexts/BC02/commands-slc02.md;05-contracts/openapi-information-slc02.md;08-security/policies-slc02.md"
"POL-EVL-LINK","3","yes","03-domain/contexts/BC02/commands-slc02.md;05-contracts/openapi-information-slc02.md;08-security/policies-slc02.md"
"POL-EVL-UNLINK","3","yes","03-domain/contexts/BC02/commands-slc02.md;05-contracts/openapi-information-slc02.md;08-security/policies-slc02.md"
"POL-EVS-ACTIVATE","3","yes","03-domain/contexts/BC07/commands-slc10.md;05-contracts/openapi-ai-slc10.md;08-security/policies-slc10.md"
"POL-EVS-DRAFT","3","yes","03-domain/contexts/BC07/commands-slc10.md;05-contracts/openapi-ai-slc10.md;08-security/policies-slc10.md"
"POL-EVS-EDIT","3","yes","03-domain/contexts/BC07/commands-slc10.md;05-contracts/openapi-ai-slc10.md;08-security/policies-slc10.md"
"POL-EXC-APPROVE","3","yes","03-domain/contexts/BC08/commands-slc01.md;05-contracts/openapi-governance-slc01.md;08-security/policies-slc01.md"
"POL-EXC-LIST","1","yes","08-security/policies-slc01.md"
"POL-EXC-REJECT","3","yes","03-domain/contexts/BC08/commands-slc01.md;05-contracts/openapi-governance-slc01.md;08-security/policies-slc01.md"
"POL-EXC-REQUEST","3","yes","03-domain/contexts/BC08/commands-slc01.md;05-contracts/openapi-governance-slc01.md;08-security/policies-slc01.md"
"POL-EXC-REVOKE","3","yes","03-domain/contexts/BC08/commands-slc01.md;05-contracts/openapi-governance-slc01.md;08-security/policies-slc01.md"
"POL-EXPORT-BULK","2","yes","02-requirements/requirements.md;08-security/authorization-model.md"
"POL-EXR-CANCEL","3","yes","03-domain/contexts/BC05/commands-slc19.md;05-contracts/openapi-readiness-slc19.md;08-security/policies-slc19.md"
"POL-EXR-GET","1","yes","08-security/policies-slc19.md"
"POL-EXR-LIST","1","yes","08-security/policies-slc19.md"
"POL-EXR-PLAN","3","yes","03-domain/contexts/BC05/commands-slc19.md;05-contracts/openapi-readiness-slc19.md;08-security/policies-slc19.md"
"POL-EXR-SCHEDULE","3","yes","03-domain/contexts/BC05/commands-slc19.md;05-contracts/openapi-readiness-slc19.md;08-security/policies-slc19.md"
"POL-EXR-START","3","yes","03-domain/contexts/BC05/commands-slc19.md;05-contracts/openapi-readiness-slc19.md;08-security/policies-slc19.md"
"POL-EXT-END","3","yes","03-domain/contexts/BC02/commands-slc02.md;05-contracts/openapi-information-slc02.md;08-security/policies-slc02.md"
"POL-EXT-MAP","3","yes","03-domain/contexts/BC02/commands-slc02.md;05-contracts/openapi-information-slc02.md;08-security/policies-slc02.md"
"POL-EXT-RESOLVE","1","yes","08-security/policies-slc02.md"
"POL-FND-ACCEPT","3","yes","03-domain/contexts/BC03/commands-slc07.md;05-contracts/openapi-intelligence-slc07.md;08-security/policies-slc07.md"
"POL-FND-EDIT","3","yes","03-domain/contexts/BC03/commands-slc07.md;05-contracts/openapi-intelligence-slc07.md;08-security/policies-slc07.md"
"POL-FND-LIST","1","yes","08-security/policies-slc07.md"
"POL-FND-RECORD","3","yes","03-domain/contexts/BC03/commands-slc07.md;05-contracts/openapi-intelligence-slc07.md;08-security/policies-slc07.md"
"POL-FND-WITHDRAW","3","yes","03-domain/contexts/BC03/commands-slc07.md;05-contracts/openapi-intelligence-slc07.md;08-security/policies-slc07.md"
"POL-GRAPH-NEIGHBORHOOD","1","yes","08-security/policies-slc05.md"
"POL-GRAPH-PATHS","1","yes","08-security/policies-slc05.md"
"POL-HRS-APPROVE","3","yes","03-domain/contexts/BC01/commands-slc16.md;05-contracts/openapi-foundation-slc16.md;08-security/policies-slc16.md"
"POL-HRS-QUEUE","1","yes","08-security/policies-slc16.md"
"POL-HRS-REJECT","3","yes","03-domain/contexts/BC01/commands-slc16.md;05-contracts/openapi-foundation-slc16.md;08-security/policies-slc16.md"
"POLICIES-SLC01","2","yes","00-governance/glossary.md;08-security/policies-slc01.md"
"POLICIES-SLC02","1","yes","08-security/policies-slc02.md"
"POLICIES-SLC03","1","yes","08-security/policies-slc03.md"
"POLICIES-SLC04","1","yes","08-security/policies-slc04.md"
"POLICIES-SLC05","1","yes","08-security/policies-slc05.md"
"POLICIES-SLC06","1","yes","08-security/policies-slc06.md"
"POLICIES-SLC07","1","yes","08-security/policies-slc07.md"
"POLICIES-SLC08","1","yes","08-security/policies-slc08.md"
"POLICIES-SLC09","1","yes","08-security/policies-slc09.md"
"POLICIES-SLC10","1","yes","08-security/policies-slc10.md"
"POLICIES-SLC11","1","yes","08-security/policies-slc11.md"
"POLICIES-SLC12","1","yes","08-security/policies-slc12.md"
"POLICIES-SLC12A","1","yes","08-security/policies-slc12a.md"
"POLICIES-SLC14","1","yes","08-security/policies-slc14.md"
"POLICIES-SLC15","1","yes","08-security/policies-slc15.md"
"POLICIES-SLC16","1","yes","08-security/policies-slc16.md"
"POLICIES-SLC17","1","yes","08-security/policies-slc17.md"
"POLICIES-SLC18","1","yes","08-security/policies-slc18.md"
"POLICIES-SLC19","1","yes","08-security/policies-slc19.md"
"POLICY-SET","1","no","13-verification/invariant-properties-slc01.md"
"POL-IMP-ACCEPT-QUARANTINE","3","yes","03-domain/contexts/BC02/commands-slc02.md;05-contracts/openapi-information-slc02.md;08-security/policies-slc02.md"
"POL-IMP-CANCEL","3","yes","03-domain/contexts/BC02/commands-slc02.md;05-contracts/openapi-information-slc02.md;08-security/policies-slc02.md"
"POL-IMP-GET","1","yes","08-security/policies-slc02.md"
"POL-IMP-REPROCESS-QUARANTINE","3","yes","03-domain/contexts/BC02/commands-slc02.md;05-contracts/openapi-information-slc02.md;08-security/policies-slc02.md"
"POL-IMP-SUBMIT","3","yes","03-domain/contexts/BC02/commands-slc02.md;05-contracts/openapi-information-slc02.md;08-security/policies-slc02.md"
"POL-INC-ACTIVATE-CONTINGENCY","3","yes","03-domain/contexts/BC04/commands-slc17.md;05-contracts/openapi-operations-slc17.md;08-security/policies-slc17.md"
"POL-INC-ASSESS","3","yes","03-domain/contexts/BC04/commands-slc17.md;05-contracts/openapi-operations-slc17.md;08-security/policies-slc17.md"
"POL-INC-CANCEL","3","yes","03-domain/contexts/BC04/commands-slc17.md;05-contracts/openapi-operations-slc17.md;08-security/policies-slc17.md"
"POL-INC-CLOSE","3","yes","03-domain/contexts/BC04/commands-slc17.md;05-contracts/openapi-operations-slc17.md;08-security/policies-slc17.md"
"POL-INC-CONTAIN","3","yes","03-domain/contexts/BC04/commands-slc17.md;05-contracts/openapi-operations-slc17.md;08-security/policies-slc17.md"
"POL-INC-DE-ESCALATE","3","yes","03-domain/contexts/BC04/commands-slc17.md;05-contracts/openapi-operations-slc17.md;08-security/policies-slc17.md"
"POL-INC-DISPATCH-RESPONSE","3","yes","03-domain/contexts/BC04/commands-slc17.md;05-contracts/openapi-operations-slc17.md;08-security/policies-slc17.md"
"POL-INC-ESCALATE","3","yes","03-domain/contexts/BC04/commands-slc17.md;05-contracts/openapi-operations-slc17.md;08-security/policies-slc17.md"
"POL-INC-GET","1","yes","08-security/policies-slc17.md"
"POL-INC-LIST","1","yes","08-security/policies-slc17.md"
"POL-INC-RECOVERY-STATUS","1","yes","08-security/policies-slc17.md"
"POL-INC-REPORT","3","yes","03-domain/contexts/BC04/commands-slc17.md;05-contracts/openapi-operations-slc17.md;08-security/policies-slc17.md"
"POL-INC-RESOLVE","3","yes","03-domain/contexts/BC04/commands-slc17.md;05-contracts/openapi-operations-slc17.md;08-security/policies-slc17.md"
"POL-KNO-DISCARD","3","yes","03-domain/contexts/BC06/commands-slc12.md;05-contracts/openapi-knowledge-slc12.md;08-security/policies-slc12.md"
"POL-KNO-DRAFT","3","yes","03-domain/contexts/BC06/commands-slc12.md;05-contracts/openapi-knowledge-slc12.md;08-security/policies-slc12.md"
"POL-KNO-EDIT","3","yes","03-domain/contexts/BC06/commands-slc12.md;05-contracts/openapi-knowledge-slc12.md;08-security/policies-slc12.md"
"POL-KNO-PUBLISH","3","yes","03-domain/contexts/BC06/commands-slc12.md;05-contracts/openapi-knowledge-slc12.md;08-security/policies-slc12.md"
"POL-KNO-RECORD-REUSE","3","yes","03-domain/contexts/BC06/commands-slc12.md;05-contracts/openapi-knowledge-slc12.md;08-security/policies-slc12.md"
"POL-KNO-REJECT","3","yes","03-domain/contexts/BC06/commands-slc12.md;05-contracts/openapi-knowledge-slc12.md;08-security/policies-slc12.md"
"POL-KNO-RETIRE","3","yes","03-domain/contexts/BC06/commands-slc12.md;05-contracts/openapi-knowledge-slc12.md;08-security/policies-slc12.md"
"POL-KNO-RETURN","3","yes","03-domain/contexts/BC06/commands-slc12.md;05-contracts/openapi-knowledge-slc12.md;08-security/policies-slc12.md"
"POL-KNO-SEARCH","1","yes","08-security/policies-slc12.md"
"POL-KNO-SUBMIT","3","yes","03-domain/contexts/BC06/commands-slc12.md;05-contracts/openapi-knowledge-slc12.md;08-security/policies-slc12.md"
"POL-KNO-SUGGEST","1","yes","08-security/policies-slc12.md"
"POL-LABEL-CHECK","1","yes","08-security/policies-slc05.md"
"POL-LGR-CANCEL","3","yes","03-domain/contexts/BC05/commands-slc18.md;05-contracts/openapi-readiness-slc18.md;08-security/policies-slc18.md"
"POL-LGR-DISPATCH","3","yes","03-domain/contexts/BC05/commands-slc18.md;05-contracts/openapi-readiness-slc18.md;08-security/policies-slc18.md"
"POL-LGR-GET","1","yes","08-security/policies-slc18.md"
"POL-LGR-LIST","1","yes","08-security/policies-slc18.md"
"POL-LGR-REQUEST","3","yes","03-domain/contexts/BC05/commands-slc18.md;05-contracts/openapi-readiness-slc18.md;08-security/policies-slc18.md"
"POL-LHD-APPROVE-RELEASE","3","yes","03-domain/contexts/BC08/commands-slc12a.md;05-contracts/openapi-governance-slc12a.md;08-security/policies-slc12a.md"
"POL-LHD-CANCEL-RELEASE","3","yes","03-domain/contexts/BC08/commands-slc12a.md;05-contracts/openapi-governance-slc12a.md;08-security/policies-slc12a.md"
"POL-LHD-CHECK","1","yes","08-security/policies-slc12a.md"
"POL-LHD-EXTEND","3","yes","03-domain/contexts/BC08/commands-slc12a.md;05-contracts/openapi-governance-slc12a.md;08-security/policies-slc12a.md"
"POL-LHD-LIST","1","yes","08-security/policies-slc12a.md"
"POL-LHD-PLACE","3","yes","03-domain/contexts/BC08/commands-slc12a.md;05-contracts/openapi-governance-slc12a.md;08-security/policies-slc12a.md"
"POL-LHD-REQUEST-RELEASE","3","yes","03-domain/contexts/BC08/commands-slc12a.md;05-contracts/openapi-governance-slc12a.md;08-security/policies-slc12a.md"
"POL-LIN-TRACE","1","yes","08-security/policies-slc02.md"
"POL-MDL-APPROVE","3","yes","03-domain/contexts/BC07/commands-slc10.md;05-contracts/openapi-ai-slc10.md;08-security/policies-slc10.md"
"POL-MDL-DEPRECATE","3","yes","03-domain/contexts/BC07/commands-slc10.md;05-contracts/openapi-ai-slc10.md;08-security/policies-slc10.md"
"POL-MDL-FAIL-EVALUATION","3","yes","03-domain/contexts/BC07/commands-slc10.md;05-contracts/openapi-ai-slc10.md;08-security/policies-slc10.md"
"POL-MDL-LIST","1","yes","08-security/policies-slc10.md"
"POL-MDL-PROMOTE","3","yes","03-domain/contexts/BC07/commands-slc10.md;05-contracts/openapi-ai-slc10.md;08-security/policies-slc10.md"
"POL-MDL-REGISTER","3","yes","03-domain/contexts/BC07/commands-slc10.md;05-contracts/openapi-ai-slc10.md;08-security/policies-slc10.md"
"POL-MDL-REINSTATE","3","yes","03-domain/contexts/BC07/commands-slc10.md;05-contracts/openapi-ai-slc10.md;08-security/policies-slc10.md"
"POL-MDL-RETIRE","3","yes","03-domain/contexts/BC07/commands-slc10.md;05-contracts/openapi-ai-slc10.md;08-security/policies-slc10.md"
"POL-MDL-STAGE","3","yes","03-domain/contexts/BC07/commands-slc10.md;05-contracts/openapi-ai-slc10.md;08-security/policies-slc10.md"
"POL-MDL-START-EVALUATION","3","yes","03-domain/contexts/BC07/commands-slc10.md;05-contracts/openapi-ai-slc10.md;08-security/policies-slc10.md"
"POL-MNT-CANCEL","3","yes","03-domain/contexts/BC05/commands-slc09.md;05-contracts/openapi-readiness-slc09.md;08-security/policies-slc09.md"
"POL-MNT-COMPLETE","3","yes","03-domain/contexts/BC05/commands-slc09.md;05-contracts/openapi-readiness-slc09.md;08-security/policies-slc09.md"
"POL-MNT-PLAN","3","yes","03-domain/contexts/BC05/commands-slc09.md;05-contracts/openapi-readiness-slc09.md;08-security/policies-slc09.md"
"POL-MNT-RESCHEDULE","3","yes","03-domain/contexts/BC05/commands-slc09.md;05-contracts/openapi-readiness-slc09.md;08-security/policies-slc09.md"
"POL-MNT-SCHEDULE","1","yes","08-security/policies-slc09.md"
"POL-MNT-START","3","yes","03-domain/contexts/BC05/commands-slc09.md;05-contracts/openapi-readiness-slc09.md;08-security/policies-slc09.md"
"POL-MRS-ACTIVATE","3","yes","03-domain/contexts/BC02/commands-slc04.md;05-contracts/openapi-information-slc04.md;08-security/policies-slc04.md"
"POL-MRS-DRAFT","3","yes","03-domain/contexts/BC02/commands-slc04.md;05-contracts/openapi-information-slc04.md;08-security/policies-slc04.md"
"POL-MRS-EDIT","3","yes","03-domain/contexts/BC02/commands-slc04.md;05-contracts/openapi-information-slc04.md;08-security/policies-slc04.md"
"POL-MRS-GET","1","yes","08-security/policies-slc04.md"
"POL-NTF-INBOX","1","yes","08-security/policies-slc06.md"
"POL-NTF-MARK-READ","3","yes","03-domain/contexts/BC04/commands-slc06.md;05-contracts/openapi-operations-slc06.md;08-security/policies-slc06.md"
"POL-OBS-AMEND","3","yes","03-domain/contexts/BC02/commands-slc02.md;05-contracts/openapi-information-slc02.md;08-security/policies-slc02.md"
"POL-OBS-ATTACH-EVIDENCE","3","yes","03-domain/contexts/BC02/commands-slc02.md;05-contracts/openapi-information-slc02.md;08-security/policies-slc02.md"
"POL-OBS-GET","1","yes","08-security/policies-slc02.md"
"POL-OBS-LIST","1","yes","08-security/policies-slc02.md"
"POL-OBS-RECLASSIFY","3","yes","03-domain/contexts/BC02/commands-slc02.md;05-contracts/openapi-information-slc02.md;08-security/policies-slc02.md"
"POL-OBS-RECORD","3","yes","03-domain/contexts/BC02/commands-slc02.md;05-contracts/openapi-information-slc02.md;08-security/policies-slc02.md"
"POL-OBS-REJECT","3","yes","03-domain/contexts/BC02/commands-slc02.md;05-contracts/openapi-information-slc02.md;08-security/policies-slc02.md"
"POL-OBS-VALIDATE","3","yes","03-domain/contexts/BC02/commands-slc02.md;05-contracts/openapi-information-slc02.md;08-security/policies-slc02.md"
"POL-OFFLINE-PRELOAD","5","yes","03-domain/contexts/BC07/commands-slc11.md;03-domain/contexts/BC07/aggregates/AGG-PRELOAD-PACKAGE.md;08-security/authorization-model.md;08-security/policies-slc11.md;13-verification/tooling/slice-sources.md"
"POL-ORG-ADD-UNIT","3","yes","03-domain/contexts/BC01/commands-slc01.md;05-contracts/openapi-foundation-slc01.md;08-security/policies-slc01.md"
"POL-ORG-CREATE","3","yes","03-domain/contexts/BC01/commands-slc01.md;05-contracts/openapi-foundation-slc01.md;08-security/policies-slc01.md"
"POL-ORG-DEACTIVATE","3","yes","03-domain/contexts/BC01/commands-slc01.md;05-contracts/openapi-foundation-slc01.md;08-security/policies-slc01.md"
"POL-ORG-DEACTIVATE-UNIT","3","yes","03-domain/contexts/BC01/commands-slc01.md;05-contracts/openapi-foundation-slc01.md;08-security/policies-slc01.md"
"POL-ORG-MOVE-UNIT","3","yes","03-domain/contexts/BC01/commands-slc01.md;05-contracts/openapi-foundation-slc01.md;08-security/policies-slc01.md"
"POL-ORG-REACTIVATE","3","yes","03-domain/contexts/BC01/commands-slc01.md;05-contracts/openapi-foundation-slc01.md;08-security/policies-slc01.md"
"POL-ORG-RENAME","3","yes","03-domain/contexts/BC01/commands-slc01.md;05-contracts/openapi-foundation-slc01.md;08-security/policies-slc01.md"
"POL-ORG-RENAME-UNIT","3","yes","03-domain/contexts/BC01/commands-slc01.md;05-contracts/openapi-foundation-slc01.md;08-security/policies-slc01.md"
"POL-ORG-TREE","1","yes","08-security/policies-slc01.md"
"POL-OUT-CORRECT","3","yes","03-domain/contexts/BC04/commands-slc08.md;05-contracts/openapi-operations-slc08.md;08-security/policies-slc08.md"
"POL-OUT-RECORD","3","yes","03-domain/contexts/BC04/commands-slc08.md;05-contracts/openapi-operations-slc08.md;08-security/policies-slc08.md"
"POL-OUT-SERIES","1","yes","08-security/policies-slc08.md"
"POL-PDP-DECIDE","1","yes","08-security/policies-slc01.md"
"POL-PER-DEACTIVATE","3","yes","03-domain/contexts/BC01/commands-slc01.md;05-contracts/openapi-foundation-slc01.md;08-security/policies-slc01.md"
"POL-PER-ERASE","3","yes","03-domain/contexts/BC01/commands-slc01.md;05-contracts/openapi-foundation-slc01.md;08-security/policies-slc01.md"
"POL-PER-REACTIVATE","3","yes","03-domain/contexts/BC01/commands-slc01.md;05-contracts/openapi-foundation-slc01.md;08-security/policies-slc01.md"
"POL-PER-REGISTER","3","yes","03-domain/contexts/BC01/commands-slc01.md;05-contracts/openapi-foundation-slc01.md;08-security/policies-slc01.md"
"POL-PERSONAL-DATA","1","yes","08-security/authorization-model.md"
"POL-PER-UPDATE-DETAILS","3","yes","03-domain/contexts/BC01/commands-slc01.md;05-contracts/openapi-foundation-slc01.md;08-security/policies-slc01.md"
"POL-PKG-CONFIRM-DOWNLOAD","3","yes","03-domain/contexts/BC07/commands-slc11.md;05-contracts/openapi-field-slc11.md;08-security/policies-slc11.md"
"POL-PKG-GET","1","yes","08-security/policies-slc11.md"
"POL-PKG-REQUEST","3","yes","03-domain/contexts/BC07/commands-slc11.md;05-contracts/openapi-field-slc11.md;08-security/policies-slc11.md"
"POL-PKG-REVOKE","3","yes","03-domain/contexts/BC07/commands-slc11.md;05-contracts/openapi-field-slc11.md;08-security/policies-slc11.md"
"POL-PLN-CANCEL","3","yes","03-domain/contexts/BC04/commands-slc08.md;05-contracts/openapi-operations-slc08.md;08-security/policies-slc08.md"
"POL-PLN-CLOSE","3","yes","03-domain/contexts/BC04/commands-slc08.md;05-contracts/openapi-operations-slc08.md;08-security/policies-slc08.md"
"POL-PLN-COMPLETE","3","yes","03-domain/contexts/BC04/commands-slc08.md;05-contracts/openapi-operations-slc08.md;08-security/policies-slc08.md"
"POL-PLN-CREATE","3","yes","03-domain/contexts/BC04/commands-slc08.md;05-contracts/openapi-operations-slc08.md;08-security/policies-slc08.md"
"POL-PLN-GET","1","yes","08-security/policies-slc08.md"
"POL-PLN-PROGRESS","1","yes","08-security/policies-slc08.md"
"POL-PLN-RECLASSIFY","3","yes","03-domain/contexts/BC04/commands-slc08.md;05-contracts/openapi-operations-slc08.md;08-security/policies-slc08.md"
"POL-PLN-RESUME","3","yes","03-domain/contexts/BC04/commands-slc08.md;05-contracts/openapi-operations-slc08.md;08-security/policies-slc08.md"
"POL-PLN-SUSPEND","3","yes","03-domain/contexts/BC04/commands-slc08.md;05-contracts/openapi-operations-slc08.md;08-security/policies-slc08.md"
"POL-PLV-AMEND-MINOR","3","yes","03-domain/contexts/BC04/commands-slc08.md;05-contracts/openapi-operations-slc08.md;08-security/policies-slc08.md"
"POL-PLV-APPROVE","3","yes","03-domain/contexts/BC04/commands-slc08.md;05-contracts/openapi-operations-slc08.md;08-security/policies-slc08.md"
"POL-PLV-DIFF","1","yes","08-security/policies-slc08.md"
"POL-PLV-DISCARD","3","yes","03-domain/contexts/BC04/commands-slc08.md;05-contracts/openapi-operations-slc08.md;08-security/policies-slc08.md"
"POL-PLV-DRAFT","3","yes","03-domain/contexts/BC04/commands-slc08.md;05-contracts/openapi-operations-slc08.md;08-security/policies-slc08.md"
"POL-PLV-EDIT","3","yes","03-domain/contexts/BC04/commands-slc08.md;05-contracts/openapi-operations-slc08.md;08-security/policies-slc08.md"
"POL-PLV-LIST","1","yes","08-security/policies-slc08.md"
"POL-PLV-REJECT","3","yes","03-domain/contexts/BC04/commands-slc08.md;05-contracts/openapi-operations-slc08.md;08-security/policies-slc08.md"
"POL-PLV-RETURN","3","yes","03-domain/contexts/BC04/commands-slc08.md;05-contracts/openapi-operations-slc08.md;08-security/policies-slc08.md"
"POL-PLV-SUBMIT","3","yes","03-domain/contexts/BC04/commands-slc08.md;05-contracts/openapi-operations-slc08.md;08-security/policies-slc08.md"
"POL-POL-APPROVE","3","yes","03-domain/contexts/BC08/commands-slc01.md;05-contracts/openapi-governance-slc01.md;08-security/policies-slc01.md"
"POL-POL-DRAFT","3","yes","03-domain/contexts/BC08/commands-slc01.md;05-contracts/openapi-governance-slc01.md;08-security/policies-slc01.md"
"POL-POL-EDIT","3","yes","03-domain/contexts/BC08/commands-slc01.md;05-contracts/openapi-governance-slc01.md;08-security/policies-slc01.md"
"POL-POL-GET","1","yes","08-security/policies-slc01.md"
"POL-POL-REJECT","3","yes","03-domain/contexts/BC08/commands-slc01.md;05-contracts/openapi-governance-slc01.md;08-security/policies-slc01.md"
"POL-POL-SUBMIT","3","yes","03-domain/contexts/BC08/commands-slc01.md;05-contracts/openapi-governance-slc01.md;08-security/policies-slc01.md"
"POL-POL-TIMELINE","1","yes","08-security/policies-slc09.md"
"POL-PRD-APPROVE","3","yes","03-domain/contexts/BC06/commands-slc12.md;05-contracts/openapi-knowledge-slc12.md;08-security/policies-slc12.md"
"POL-PRD-CREATE","3","yes","03-domain/contexts/BC06/commands-slc12.md;05-contracts/openapi-knowledge-slc12.md;08-security/policies-slc12.md"
"POL-PRD-DISCARD","3","yes","03-domain/contexts/BC06/commands-slc12.md;05-contracts/openapi-knowledge-slc12.md;08-security/policies-slc12.md"
"POL-PRD-EDIT-NARRATIVE","3","yes","03-domain/contexts/BC06/commands-slc12.md;05-contracts/openapi-knowledge-slc12.md;08-security/policies-slc12.md"
"POL-PRD-GENERATE","3","yes","03-domain/contexts/BC06/commands-slc12.md;05-contracts/openapi-knowledge-slc12.md;08-security/policies-slc12.md"
"POL-PRD-GET","1","yes","08-security/policies-slc12.md"
"POL-PRD-LIST","1","yes","08-security/policies-slc12.md"
"POL-PRD-RETURN","3","yes","03-domain/contexts/BC06/commands-slc12.md;05-contracts/openapi-knowledge-slc12.md;08-security/policies-slc12.md"
"POL-PRD-SUBMIT","3","yes","03-domain/contexts/BC06/commands-slc12.md;05-contracts/openapi-knowledge-slc12.md;08-security/policies-slc12.md"
"POL-PRD-WITHDRAW","3","yes","03-domain/contexts/BC06/commands-slc12.md;05-contracts/openapi-knowledge-slc12.md;08-security/policies-slc12.md"
"POL-PRJ-CANCEL-BUILD","3","yes","03-domain/contexts/BC07/commands-slc05.md;05-contracts/openapi-discovery-slc05.md;08-security/policies-slc05.md"
"POL-PRJ-CREATE-VERSION","3","yes","03-domain/contexts/BC07/commands-slc05.md;05-contracts/openapi-discovery-slc05.md;08-security/policies-slc05.md"
"POL-PRJ-PROMOTE","3","yes","03-domain/contexts/BC07/commands-slc05.md;05-contracts/openapi-discovery-slc05.md;08-security/policies-slc05.md"
"POL-PRJ-RETIRE","3","yes","03-domain/contexts/BC07/commands-slc05.md;05-contracts/openapi-discovery-slc05.md;08-security/policies-slc05.md"
"POL-PRJ-STATUS","1","yes","08-security/policies-slc05.md"
"POL-PTM-ACTIVATE","3","yes","03-domain/contexts/BC06/commands-slc12.md;05-contracts/openapi-knowledge-slc12.md;08-security/policies-slc12.md"
"POL-PTM-DEFINE","3","yes","03-domain/contexts/BC06/commands-slc12.md;05-contracts/openapi-knowledge-slc12.md;08-security/policies-slc12.md"
"POL-PTM-EDIT","3","yes","03-domain/contexts/BC06/commands-slc12.md;05-contracts/openapi-knowledge-slc12.md;08-security/policies-slc12.md"
"POL-PTM-RETIRE","3","yes","03-domain/contexts/BC06/commands-slc12.md;05-contracts/openapi-knowledge-slc12.md;08-security/policies-slc12.md"
"POL-QUAL-LIST","1","yes","08-security/policies-slc03.md"
"POL-QUAL-RECORD","3","yes","03-domain/contexts/BC05/commands-slc03.md;05-contracts/openapi-readiness-slc03.md;08-security/policies-slc03.md"
"POL-QUAL-REINSTATE","3","yes","03-domain/contexts/BC05/commands-slc03.md;05-contracts/openapi-readiness-slc03.md;08-security/policies-slc03.md"
"POL-QUAL-RENEW","3","yes","03-domain/contexts/BC05/commands-slc03.md;05-contracts/openapi-readiness-slc03.md;08-security/policies-slc03.md"
"POL-QUAL-REVOKE","3","yes","03-domain/contexts/BC05/commands-slc03.md;05-contracts/openapi-readiness-slc03.md;08-security/policies-slc03.md"
"POL-QUAL-SUSPEND","3","yes","03-domain/contexts/BC05/commands-slc03.md;05-contracts/openapi-readiness-slc03.md;08-security/policies-slc03.md"
"POL-RAS-ASSIGN","3","yes","03-domain/contexts/BC01/commands-slc01.md;05-contracts/openapi-foundation-slc01.md;08-security/policies-slc01.md"
"POL-RAS-REVOKE","3","yes","03-domain/contexts/BC01/commands-slc01.md;05-contracts/openapi-foundation-slc01.md;08-security/policies-slc01.md"
"POL-READINESS","1","yes","08-security/policies-slc09.md"
"POL-REC-CANCEL","3","yes","03-domain/contexts/BC06/commands-slc12.md;05-contracts/openapi-knowledge-slc12.md;08-security/policies-slc12.md"
"POL-REC-REPORT","1","yes","08-security/policies-slc12.md"
"POL-REC-REQUEST","3","yes","03-domain/contexts/BC06/commands-slc12.md;05-contracts/openapi-knowledge-slc12.md;08-security/policies-slc12.md"
"POL-REL-LIST","1","yes","08-security/policies-slc02.md"
"POL-REL-RECLASSIFY","3","yes","03-domain/contexts/BC02/commands-slc02.md;05-contracts/openapi-information-slc02.md;08-security/policies-slc02.md"
"POL-REL-REGISTER","3","yes","03-domain/contexts/BC02/commands-slc02.md;05-contracts/openapi-information-slc02.md;08-security/policies-slc02.md"
"POL-REL-REINSTATE","3","yes","03-domain/contexts/BC02/commands-slc02.md;05-contracts/openapi-information-slc02.md;08-security/policies-slc02.md"
"POL-REL-RETIRE","3","yes","03-domain/contexts/BC02/commands-slc02.md;05-contracts/openapi-information-slc02.md;08-security/policies-slc02.md"
"POL-RIS-ASSESS","3","yes","03-domain/contexts/BC04/commands-slc17.md;05-contracts/openapi-operations-slc17.md;08-security/policies-slc17.md"
"POL-RIS-CLOSE","3","yes","03-domain/contexts/BC04/commands-slc17.md;05-contracts/openapi-operations-slc17.md;08-security/policies-slc17.md"
"POL-RIS-GET","1","yes","08-security/policies-slc17.md"
"POL-RIS-IDENTIFY","3","yes","03-domain/contexts/BC04/commands-slc17.md;05-contracts/openapi-operations-slc17.md;08-security/policies-slc17.md"
"POL-RIS-PLAN-TREATMENT","3","yes","03-domain/contexts/BC04/commands-slc17.md;05-contracts/openapi-operations-slc17.md;08-security/policies-slc17.md"
"POL-RIS-REASSESS","3","yes","03-domain/contexts/BC04/commands-slc17.md;05-contracts/openapi-operations-slc17.md;08-security/policies-slc17.md"
"POL-RIS-REGISTER","1","yes","08-security/policies-slc17.md"
"POL-ROL-ACTIVATE","3","yes","03-domain/contexts/BC01/commands-slc01.md;05-contracts/openapi-foundation-slc01.md;08-security/policies-slc01.md"
"POL-ROL-DEFINE","3","yes","03-domain/contexts/BC01/commands-slc01.md;05-contracts/openapi-foundation-slc01.md;08-security/policies-slc01.md"
"POL-ROL-RETIRE","3","yes","03-domain/contexts/BC01/commands-slc01.md;05-contracts/openapi-foundation-slc01.md;08-security/policies-slc01.md"
"POL-ROL-SET-PERMISSIONS","3","yes","03-domain/contexts/BC01/commands-slc01.md;05-contracts/openapi-foundation-slc01.md;08-security/policies-slc01.md"
"POL-RPL-ADJUST-CAPACITY","3","yes","03-domain/contexts/BC05/commands-slc09.md;05-contracts/openapi-readiness-slc09.md;08-security/policies-slc09.md"
"POL-RPL-CLOSE","3","yes","03-domain/contexts/BC05/commands-slc09.md;05-contracts/openapi-readiness-slc09.md;08-security/policies-slc09.md"
"POL-RPL-CREATE","3","yes","03-domain/contexts/BC05/commands-slc09.md;05-contracts/openapi-readiness-slc09.md;08-security/policies-slc09.md"
"POL-RPL-RESUME","3","yes","03-domain/contexts/BC05/commands-slc09.md;05-contracts/openapi-readiness-slc09.md;08-security/policies-slc09.md"
"POL-RPL-SUSPEND","3","yes","03-domain/contexts/BC05/commands-slc09.md;05-contracts/openapi-readiness-slc09.md;08-security/policies-slc09.md"
"POL-RRQ-ACTIVATE","3","yes","03-domain/contexts/BC05/commands-slc09.md;05-contracts/openapi-readiness-slc09.md;08-security/policies-slc09.md"
"POL-RRQ-DEFINE","3","yes","03-domain/contexts/BC05/commands-slc09.md;05-contracts/openapi-readiness-slc09.md;08-security/policies-slc09.md"
"POL-RRQ-EDIT","3","yes","03-domain/contexts/BC05/commands-slc09.md;05-contracts/openapi-readiness-slc09.md;08-security/policies-slc09.md"
"POL-RRQ-RETIRE","3","yes","03-domain/contexts/BC05/commands-slc09.md;05-contracts/openapi-readiness-slc09.md;08-security/policies-slc09.md"
"POL-RSV-CANCEL","3","yes","03-domain/contexts/BC05/commands-slc09.md;05-contracts/openapi-readiness-slc09.md;08-security/policies-slc09.md"
"POL-RSV-CONFIRM","3","yes","03-domain/contexts/BC05/commands-slc09.md;05-contracts/openapi-readiness-slc09.md;08-security/policies-slc09.md"
"POL-RSV-HOLD","3","yes","03-domain/contexts/BC05/commands-slc09.md;05-contracts/openapi-readiness-slc09.md;08-security/policies-slc09.md"
"POL-RSV-RELEASE","3","yes","03-domain/contexts/BC05/commands-slc09.md;05-contracts/openapi-readiness-slc09.md;08-security/policies-slc09.md"
"POL-RTG-ACTIVATE","3","yes","03-domain/contexts/BC07/commands-slc10.md;05-contracts/openapi-ai-slc10.md;08-security/policies-slc10.md"
"POL-RTG-ACTIVE","1","yes","08-security/policies-slc10.md"
"POL-RTG-DISCARD","3","yes","03-domain/contexts/BC07/commands-slc10.md;05-contracts/openapi-ai-slc10.md;08-security/policies-slc10.md"
"POL-RTG-DRAFT","3","yes","03-domain/contexts/BC07/commands-slc10.md;05-contracts/openapi-ai-slc10.md;08-security/policies-slc10.md"
"POL-RTG-EDIT","3","yes","03-domain/contexts/BC07/commands-slc10.md;05-contracts/openapi-ai-slc10.md;08-security/policies-slc10.md"
"POL-RTS-ACTIVATE","3","yes","03-domain/contexts/BC08/commands-slc12a.md;05-contracts/openapi-governance-slc12a.md;08-security/policies-slc12a.md"
"POL-RTS-ACTIVE","1","yes","08-security/policies-slc12a.md"
"POL-RTS-DISCARD","3","yes","03-domain/contexts/BC08/commands-slc12a.md;05-contracts/openapi-governance-slc12a.md;08-security/policies-slc12a.md"
"POL-RTS-DRAFT","3","yes","03-domain/contexts/BC08/commands-slc12a.md;05-contracts/openapi-governance-slc12a.md;08-security/policies-slc12a.md"
"POL-RTS-EDIT","3","yes","03-domain/contexts/BC08/commands-slc12a.md;05-contracts/openapi-governance-slc12a.md;08-security/policies-slc12a.md"
"POL-RUN-ARTIFACT","1","yes","08-security/policies-slc07.md"
"POL-RUN-CANCEL","3","yes","03-domain/contexts/BC03/commands-slc07.md;05-contracts/openapi-intelligence-slc07.md;08-security/policies-slc07.md"
"POL-RUN-GET","1","yes","08-security/policies-slc07.md"
"POL-RUN-REPRODUCE","3","yes","03-domain/contexts/BC03/commands-slc07.md;05-contracts/openapi-intelligence-slc07.md;08-security/policies-slc07.md"
"POL-RUN-SUBMIT","3","yes","03-domain/contexts/BC03/commands-slc07.md;05-contracts/openapi-intelligence-slc07.md;08-security/policies-slc07.md"
"POL-RWE-CHANGE-TYPE","3","yes","03-domain/contexts/BC02/commands-slc02.md;05-contracts/openapi-information-slc02.md;08-security/policies-slc02.md"
"POL-RWE-GET","1","yes","08-security/policies-slc02.md"
"POL-RWE-RECLASSIFY","3","yes","03-domain/contexts/BC02/commands-slc02.md;05-contracts/openapi-information-slc02.md;08-security/policies-slc02.md"
"POL-RWE-REGISTER","3","yes","03-domain/contexts/BC02/commands-slc02.md;05-contracts/openapi-information-slc02.md;08-security/policies-slc02.md"
"POL-RWE-REINSTATE","3","yes","03-domain/contexts/BC02/commands-slc02.md;05-contracts/openapi-information-slc02.md;08-security/policies-slc02.md"
"POL-RWE-RETIRE","3","yes","03-domain/contexts/BC02/commands-slc02.md;05-contracts/openapi-information-slc02.md;08-security/policies-slc02.md"
"POL-SCF-ASSIGN","3","yes","03-domain/contexts/BC07/commands-slc11.md;05-contracts/openapi-field-slc11.md;08-security/policies-slc11.md"
"POL-SCF-DISCARD","3","yes","03-domain/contexts/BC07/commands-slc11.md;05-contracts/openapi-field-slc11.md;08-security/policies-slc11.md"
"POL-SCF-GET","1","yes","08-security/policies-slc11.md"
"POL-SCF-LIST","1","yes","08-security/policies-slc11.md"
"POL-SCF-REAPPLY","3","yes","03-domain/contexts/BC07/commands-slc11.md;05-contracts/openapi-field-slc11.md;08-security/policies-slc11.md"
"POL-SCF-RESOLVE-MANUALLY","3","yes","03-domain/contexts/BC07/commands-slc11.md;05-contracts/openapi-field-slc11.md;08-security/policies-slc11.md"
"POL-SCN-ACTIVATE","3","yes","03-domain/contexts/BC05/commands-slc19.md;05-contracts/openapi-readiness-slc19.md;08-security/policies-slc19.md"
"POL-SCN-COMPARE","1","yes","08-security/policies-slc07.md"
"POL-SCN-DEFINE","3","yes","03-domain/contexts/BC05/commands-slc19.md;05-contracts/openapi-readiness-slc19.md;08-security/policies-slc19.md"
"POL-SCN-EDIT","3","yes","03-domain/contexts/BC05/commands-slc19.md;05-contracts/openapi-readiness-slc19.md;08-security/policies-slc19.md"
"POL-SCN-GET","1","yes","08-security/policies-slc19.md"
"POL-SCN-LIST","1","yes","08-security/policies-slc19.md"
"POL-SCN-RETIRE","3","yes","03-domain/contexts/BC05/commands-slc19.md;05-contracts/openapi-readiness-slc19.md;08-security/policies-slc19.md"
"POL-SEC-CONTEXT","1","yes","08-security/policies-slc01.md"
"POL-SHP-CANCEL","3","yes","03-domain/contexts/BC05/commands-slc18.md;05-contracts/openapi-readiness-slc18.md;08-security/policies-slc18.md"
"POL-SHP-DELIVER","3","yes","03-domain/contexts/BC05/commands-slc18.md;05-contracts/openapi-readiness-slc18.md;08-security/policies-slc18.md"
"POL-SHP-DEPART","3","yes","03-domain/contexts/BC05/commands-slc18.md;05-contracts/openapi-readiness-slc18.md;08-security/policies-slc18.md"
"POL-SHP-GET","1","yes","08-security/policies-slc18.md"
"POL-SHP-LIST","1","yes","08-security/policies-slc18.md"
"POL-SHP-PLAN","3","yes","03-domain/contexts/BC05/commands-slc18.md;05-contracts/openapi-readiness-slc18.md;08-security/policies-slc18.md"
"POL-SHP-RECORD-CHECKPOINT","3","yes","03-domain/contexts/BC05/commands-slc18.md;05-contracts/openapi-readiness-slc18.md;08-security/policies-slc18.md"
"POL-SHP-REPORT-DAMAGE","3","yes","03-domain/contexts/BC05/commands-slc18.md;05-contracts/openapi-readiness-slc18.md;08-security/policies-slc18.md"
"POL-SHP-REPORT-LOST","3","yes","03-domain/contexts/BC05/commands-slc18.md;05-contracts/openapi-readiness-slc18.md;08-security/policies-slc18.md"
"POL-SHP-TRACKING","1","yes","08-security/policies-slc18.md"
"POL-SIM-ABORT","3","yes","03-domain/contexts/BC05/commands-slc19.md;05-contracts/openapi-readiness-slc19.md;08-security/policies-slc19.md"
"POL-SIM-COMPLETE","3","yes","03-domain/contexts/BC05/commands-slc19.md;05-contracts/openapi-readiness-slc19.md;08-security/policies-slc19.md"
"POL-SIM-DELIVER-INJECT","3","yes","03-domain/contexts/BC05/commands-slc19.md;05-contracts/openapi-readiness-slc19.md;08-security/policies-slc19.md"
"POL-SIM-GET","1","yes","08-security/policies-slc19.md"
"POL-SIM-LIST","1","yes","08-security/policies-slc19.md"
"POL-SIM-PAUSE","3","yes","03-domain/contexts/BC05/commands-slc19.md;05-contracts/openapi-readiness-slc19.md;08-security/policies-slc19.md"
"POL-SIM-RECORD-EVALUATION","3","yes","03-domain/contexts/BC05/commands-slc19.md;05-contracts/openapi-readiness-slc19.md;08-security/policies-slc19.md"
"POL-SIM-RESUME","3","yes","03-domain/contexts/BC05/commands-slc19.md;05-contracts/openapi-readiness-slc19.md;08-security/policies-slc19.md"
"POL-SIM-START","3","yes","03-domain/contexts/BC05/commands-slc19.md;05-contracts/openapi-readiness-slc19.md;08-security/policies-slc19.md"
"POL-SIM-TIMELINE","1","yes","08-security/policies-slc19.md"
"POL-SIT-ACTIVATE","3","yes","03-domain/contexts/BC03/commands-slc06.md;05-contracts/openapi-intelligence-slc06.md;08-security/policies-slc06.md"
"POL-SIT-CHANGES","1","yes","08-security/policies-slc06.md"
"POL-SIT-CLOSE","3","yes","03-domain/contexts/BC03/commands-slc06.md;05-contracts/openapi-intelligence-slc06.md;08-security/policies-slc06.md"
"POL-SIT-COP","1","yes","08-security/policies-slc06.md"
"POL-SIT-CREATE","3","yes","03-domain/contexts/BC03/commands-slc06.md;05-contracts/openapi-intelligence-slc06.md;08-security/policies-slc06.md"
"POL-SIT-EDIT-DEFINITION","3","yes","03-domain/contexts/BC03/commands-slc06.md;05-contracts/openapi-intelligence-slc06.md;08-security/policies-slc06.md"
"POL-SIT-GET","1","yes","08-security/policies-slc06.md"
"POL-SIT-LIST","1","yes","08-security/policies-slc06.md"
"POL-SIT-PAUSE","3","yes","03-domain/contexts/BC03/commands-slc06.md;05-contracts/openapi-intelligence-slc06.md;08-security/policies-slc06.md"
"POL-SIT-RECLASSIFY","3","yes","03-domain/contexts/BC03/commands-slc06.md;05-contracts/openapi-intelligence-slc06.md;08-security/policies-slc06.md"
"POL-SIT-RESUME","3","yes","03-domain/contexts/BC03/commands-slc06.md;05-contracts/openapi-intelligence-slc06.md;08-security/policies-slc06.md"
"POL-SIT-TILE","1","yes","08-security/policies-slc06.md"
"POL-SNS-ACTIVATE","3","yes","03-domain/contexts/BC07/commands-slc16.md;05-contracts/openapi-integration-slc16.md;08-security/policies-slc16.md"
"POL-SNS-LIST","1","yes","08-security/policies-slc16.md"
"POL-SNS-PAUSE","3","yes","03-domain/contexts/BC07/commands-slc16.md;05-contracts/openapi-integration-slc16.md;08-security/policies-slc16.md"
"POL-SNS-REGISTER","3","yes","03-domain/contexts/BC07/commands-slc16.md;05-contracts/openapi-integration-slc16.md;08-security/policies-slc16.md"
"POL-SNS-RETIRE","3","yes","03-domain/contexts/BC07/commands-slc16.md;05-contracts/openapi-integration-slc16.md;08-security/policies-slc16.md"
"POL-SNS-SET-QUALITY-RULES","3","yes","03-domain/contexts/BC07/commands-slc16.md;05-contracts/openapi-integration-slc16.md;08-security/policies-slc16.md"
"POL-SRC-GET","1","yes","08-security/policies-slc02.md"
"POL-SRCH-QUERY","1","yes","08-security/policies-slc05.md"
"POL-SRCH-SUGGEST","1","yes","08-security/policies-slc05.md"
"POL-SRC-RATE-RELIABILITY","3","yes","03-domain/contexts/BC02/commands-slc02.md;05-contracts/openapi-information-slc02.md;08-security/policies-slc02.md"
"POL-SRC-RECLASSIFY","3","yes","03-domain/contexts/BC02/commands-slc02.md;05-contracts/openapi-information-slc02.md;08-security/policies-slc02.md"
"POL-SRC-REGISTER","3","yes","03-domain/contexts/BC02/commands-slc02.md;05-contracts/openapi-information-slc02.md;08-security/policies-slc02.md"
"POL-SRC-REINSTATE","3","yes","03-domain/contexts/BC02/commands-slc02.md;05-contracts/openapi-information-slc02.md;08-security/policies-slc02.md"
"POL-SRC-RETIRE","3","yes","03-domain/contexts/BC02/commands-slc02.md;05-contracts/openapi-information-slc02.md;08-security/policies-slc02.md"
"POL-SRC-SET-PROTECTION","3","yes","03-domain/contexts/BC02/commands-slc02.md;05-contracts/openapi-information-slc02.md;08-security/policies-slc02.md"
"POL-SRC-SUSPEND","3","yes","03-domain/contexts/BC02/commands-slc02.md;05-contracts/openapi-information-slc02.md;08-security/policies-slc02.md"
"POL-SRC-UPDATE-PROFILE","3","yes","03-domain/contexts/BC02/commands-slc02.md;05-contracts/openapi-information-slc02.md;08-security/policies-slc02.md"
"POL-SUB-PAUSE","3","yes","03-domain/contexts/BC04/commands-slc06.md;05-contracts/openapi-operations-slc06.md;08-security/policies-slc06.md"
"POL-SUB-RESUME","3","yes","03-domain/contexts/BC04/commands-slc06.md;05-contracts/openapi-operations-slc06.md;08-security/policies-slc06.md"
"POL-SUB-SUBSCRIBE","3","yes","03-domain/contexts/BC04/commands-slc06.md;05-contracts/openapi-operations-slc06.md;08-security/policies-slc06.md"
"POL-SUB-UNSUBSCRIBE","3","yes","03-domain/contexts/BC04/commands-slc06.md;05-contracts/openapi-operations-slc06.md;08-security/policies-slc06.md"
"POL-SUB-UPDATE-CHANNELS","3","yes","03-domain/contexts/BC04/commands-slc06.md;05-contracts/openapi-operations-slc06.md;08-security/policies-slc06.md"
"POL-SVC-CLOSE","3","yes","03-domain/contexts/BC01/commands-slc01.md;05-contracts/openapi-foundation-slc01.md;08-security/policies-slc01.md"
"POL-SVC-CREATE","3","yes","03-domain/contexts/BC01/commands-slc01.md;05-contracts/openapi-foundation-slc01.md;08-security/policies-slc01.md"
"POL-SVC-DISABLE","3","yes","03-domain/contexts/BC01/commands-slc01.md;05-contracts/openapi-foundation-slc01.md;08-security/policies-slc01.md"
"POL-SVC-ENABLE","3","yes","03-domain/contexts/BC01/commands-slc01.md;05-contracts/openapi-foundation-slc01.md;08-security/policies-slc01.md"
"POL-SVC-ROTATE-CREDENTIAL","3","yes","03-domain/contexts/BC01/commands-slc01.md;05-contracts/openapi-foundation-slc01.md;08-security/policies-slc01.md"
"POL-SYN-DELTA","1","yes","08-security/policies-slc11.md"
"POL-SYN-OPEN","3","yes","03-domain/contexts/BC07/commands-slc11.md;05-contracts/openapi-field-slc11.md;08-security/policies-slc11.md"
"POL-SYN-UPLOAD-BATCH","3","yes","03-domain/contexts/BC07/commands-slc11.md;05-contracts/openapi-field-slc11.md;08-security/policies-slc11.md"
"POL-TASK-ACCEPT","3","yes","03-domain/contexts/BC04/commands-slc03.md;05-contracts/openapi-operations-slc03.md;08-security/policies-slc03.md"
"POL-TASK-ADD-RESULT-ITEM","3","yes","03-domain/contexts/BC04/commands-slc03.md;05-contracts/openapi-operations-slc03.md;08-security/policies-slc03.md"
"POL-TASK-APPROVE","3","yes","03-domain/contexts/BC04/commands-slc03.md;05-contracts/openapi-operations-slc03.md;08-security/policies-slc03.md"
"POL-TASK-APPROVE-SOD","1","yes","08-security/authorization-model.md"
"POL-TASK-ASSIGN","3","yes","03-domain/contexts/BC04/commands-slc03.md;05-contracts/openapi-operations-slc03.md;08-security/policies-slc03.md"
"POL-TASK-BLOCK","3","yes","03-domain/contexts/BC04/commands-slc03.md;05-contracts/openapi-operations-slc03.md;08-security/policies-slc03.md"
"POL-TASK-CANCEL","3","yes","03-domain/contexts/BC04/commands-slc03.md;05-contracts/openapi-operations-slc03.md;08-security/policies-slc03.md"
"POL-TASK-CLOSE","3","yes","03-domain/contexts/BC04/commands-slc03.md;05-contracts/openapi-operations-slc03.md;08-security/policies-slc03.md"
"POL-TASK-COMPLETE","4","yes","03-domain/contexts/BC04/commands-slc03.md;05-contracts/openapi-operations-slc03.md;08-security/authorization-model.md;08-security/policies-slc03.md"
"POL-TASK-CREATE","3","yes","03-domain/contexts/BC04/commands-slc03.md;05-contracts/openapi-operations-slc03.md;08-security/policies-slc03.md"
"POL-TASK-DECLINE","3","yes","03-domain/contexts/BC04/commands-slc03.md;05-contracts/openapi-operations-slc03.md;08-security/policies-slc03.md"
"POL-TASK-EDIT","3","yes","03-domain/contexts/BC04/commands-slc03.md;05-contracts/openapi-operations-slc03.md;08-security/policies-slc03.md"
"POL-TASK-ESCALATE","3","yes","03-domain/contexts/BC04/commands-slc03.md;05-contracts/openapi-operations-slc03.md;08-security/policies-slc03.md"
"POL-TASK-GET","1","yes","08-security/policies-slc03.md"
"POL-TASK-HISTORY","1","yes","08-security/policies-slc03.md"
"POL-TASK-LIST","1","yes","08-security/policies-slc03.md"
"POL-TASK-MARK-READY","3","yes","03-domain/contexts/BC04/commands-slc03.md;05-contracts/openapi-operations-slc03.md;08-security/policies-slc03.md"
"POL-TASK-REASSIGN","3","yes","03-domain/contexts/BC04/commands-slc03.md;05-contracts/openapi-operations-slc03.md;08-security/policies-slc03.md"
"POL-TASK-RECLASSIFY","3","yes","03-domain/contexts/BC04/commands-slc03.md;05-contracts/openapi-operations-slc03.md;08-security/policies-slc03.md"
"POL-TASK-REJECT","3","yes","03-domain/contexts/BC04/commands-slc03.md;05-contracts/openapi-operations-slc03.md;08-security/policies-slc03.md"
"POL-TASK-RESUME","3","yes","03-domain/contexts/BC04/commands-slc03.md;05-contracts/openapi-operations-slc03.md;08-security/policies-slc03.md"
"POL-TASK-RETURN","3","yes","03-domain/contexts/BC04/commands-slc03.md;05-contracts/openapi-operations-slc03.md;08-security/policies-slc03.md"
"POL-TASK-SET-DUE","3","yes","03-domain/contexts/BC04/commands-slc03.md;05-contracts/openapi-operations-slc03.md;08-security/policies-slc03.md"
"POL-TASK-START","3","yes","03-domain/contexts/BC04/commands-slc03.md;05-contracts/openapi-operations-slc03.md;08-security/policies-slc03.md"
"POL-TASK-START-REVIEW","3","yes","03-domain/contexts/BC04/commands-slc03.md;05-contracts/openapi-operations-slc03.md;08-security/policies-slc03.md"
"POL-TASK-SUBMIT","3","yes","03-domain/contexts/BC04/commands-slc03.md;05-contracts/openapi-operations-slc03.md;08-security/policies-slc03.md"
"POL-TASK-SUSPEND","3","yes","03-domain/contexts/BC04/commands-slc03.md;05-contracts/openapi-operations-slc03.md;08-security/policies-slc03.md"
"POL-TASK-UNSUSPEND","3","yes","03-domain/contexts/BC04/commands-slc03.md;05-contracts/openapi-operations-slc03.md;08-security/policies-slc03.md"
"POL-TEN-COMPLETE-CELL-MIGRATION","3","yes","03-domain/contexts/BC01/commands-slc01.md;05-contracts/openapi-foundation-internal-slc01.md;08-security/policies-slc01.md"
"POL-TEN-COMPLETE-DECOMMISSION","3","yes","03-domain/contexts/BC01/commands-slc01.md;05-contracts/openapi-foundation-internal-slc01.md;08-security/policies-slc01.md"
"POL-TEN-COMPLETE-PROVISIONING","3","yes","03-domain/contexts/BC01/commands-slc01.md;05-contracts/openapi-foundation-internal-slc01.md;08-security/policies-slc01.md"
"POL-TEN-FAIL-PROVISIONING","3","yes","03-domain/contexts/BC01/commands-slc01.md;05-contracts/openapi-foundation-internal-slc01.md;08-security/policies-slc01.md"
"POL-TEN-GET","1","yes","08-security/policies-slc01.md"
"POL-TEN-PROVISION","3","yes","03-domain/contexts/BC01/commands-slc01.md;05-contracts/openapi-foundation-slc01.md;08-security/policies-slc01.md"
"POL-TEN-REACTIVATE","3","yes","03-domain/contexts/BC01/commands-slc01.md;05-contracts/openapi-foundation-slc01.md;08-security/policies-slc01.md"
"POL-TEN-RETRY-PROVISIONING","3","yes","03-domain/contexts/BC01/commands-slc01.md;05-contracts/openapi-foundation-slc01.md;08-security/policies-slc01.md"
"POL-TEN-START-CELL-MIGRATION","3","yes","03-domain/contexts/BC01/commands-slc01.md;05-contracts/openapi-foundation-slc01.md;08-security/policies-slc01.md"
"POL-TEN-START-DECOMMISSION","3","yes","03-domain/contexts/BC01/commands-slc01.md;05-contracts/openapi-foundation-slc01.md;08-security/policies-slc01.md"
"POL-TEN-SUSPEND","3","yes","03-domain/contexts/BC01/commands-slc01.md;05-contracts/openapi-foundation-slc01.md;08-security/policies-slc01.md"
"POL-TEN-UPDATE-QUOTAS","3","yes","03-domain/contexts/BC01/commands-slc01.md;05-contracts/openapi-foundation-slc01.md;08-security/policies-slc01.md"
"POL-TOL-ACTIVATE","3","yes","03-domain/contexts/BC07/commands-slc10.md;05-contracts/openapi-ai-slc10.md;08-security/policies-slc10.md"
"POL-TOL-DISABLE","3","yes","03-domain/contexts/BC07/commands-slc10.md;05-contracts/openapi-ai-slc10.md;08-security/policies-slc10.md"
"POL-TOL-ENABLE","3","yes","03-domain/contexts/BC07/commands-slc10.md;05-contracts/openapi-ai-slc10.md;08-security/policies-slc10.md"
"POL-TOL-LIST","1","yes","08-security/policies-slc10.md"
"POL-TOL-REGISTER","3","yes","03-domain/contexts/BC07/commands-slc10.md;05-contracts/openapi-ai-slc10.md;08-security/policies-slc10.md"
"POL-TOL-RETIRE","3","yes","03-domain/contexts/BC07/commands-slc10.md;05-contracts/openapi-ai-slc10.md;08-security/policies-slc10.md"
"POL-TTY-ACTIVATE","3","yes","03-domain/contexts/BC04/commands-slc03.md;05-contracts/openapi-operations-slc03.md;08-security/policies-slc03.md"
"POL-TTY-DEFINE","3","yes","03-domain/contexts/BC04/commands-slc03.md;05-contracts/openapi-operations-slc03.md;08-security/policies-slc03.md"
"POL-TTY-EDIT","3","yes","03-domain/contexts/BC04/commands-slc03.md;05-contracts/openapi-operations-slc03.md;08-security/policies-slc03.md"
"POL-TTY-GET","1","yes","08-security/policies-slc03.md"
"POL-TTY-RETIRE","3","yes","03-domain/contexts/BC04/commands-slc03.md;05-contracts/openapi-operations-slc03.md;08-security/policies-slc03.md"
"POL-USR-CLOSE","3","yes","03-domain/contexts/BC01/commands-slc01.md;05-contracts/openapi-foundation-slc01.md;08-security/policies-slc01.md"
"POL-USR-DISABLE","3","yes","03-domain/contexts/BC01/commands-slc01.md;05-contracts/openapi-foundation-slc01.md;08-security/policies-slc01.md"
"POL-USR-ENABLE","3","yes","03-domain/contexts/BC01/commands-slc01.md;05-contracts/openapi-foundation-slc01.md;08-security/policies-slc01.md"
"POL-USR-GET","1","yes","08-security/policies-slc01.md"
"POL-USR-LINK-IDENTITY","3","yes","03-domain/contexts/BC01/commands-slc01.md;05-contracts/openapi-foundation-slc01.md;08-security/policies-slc01.md"
"POL-USR-LINK-PERSON","3","yes","03-domain/contexts/BC01/commands-slc01.md;05-contracts/openapi-foundation-slc01.md;08-security/policies-slc01.md"
"POL-USR-LIST","1","yes","08-security/policies-slc01.md"
"POL-USR-LOCK","3","yes","03-domain/contexts/BC01/commands-slc01.md;05-contracts/openapi-foundation-slc01.md;08-security/policies-slc01.md"
"POL-USR-PROVISION","3","yes","03-domain/contexts/BC01/commands-slc01.md;05-contracts/openapi-foundation-slc01.md;08-security/policies-slc01.md"
"POL-USR-RECORD-FIRST-SIGN-IN","3","yes","03-domain/contexts/BC01/commands-slc01.md;05-contracts/openapi-foundation-internal-slc01.md;08-security/policies-slc01.md"
"POL-USR-UNLINK-IDENTITY","3","yes","03-domain/contexts/BC01/commands-slc01.md;05-contracts/openapi-foundation-slc01.md;08-security/policies-slc01.md"
"POL-USR-UNLOCK","3","yes","03-domain/contexts/BC01/commands-slc01.md;05-contracts/openapi-foundation-slc01.md;08-security/policies-slc01.md"
"PRIVACY-THREATS","1","yes","08-security/privacy-threats.md"
"PROP-SLC01","1","yes","13-verification/invariant-properties-slc01.md"
"PROP-SLC02","1","yes","13-verification/invariant-properties-slc02.md"
"PROP-SLC03","1","yes","13-verification/invariant-properties-slc03.md"
"PROP-SLC04","1","yes","13-verification/invariant-properties-slc04.md"
"PROP-SLC05","2","yes","00-governance/glossary.md;13-verification/invariant-properties-slc05.md"
"PROP-SLC06","1","yes","13-verification/invariant-properties-slc06.md"
"PROP-SLC07","1","yes","13-verification/invariant-properties-slc07.md"
"PROP-SLC08","1","yes","13-verification/invariant-properties-slc08.md"
"PROP-SLC09","1","yes","13-verification/invariant-properties-slc09.md"
"PROP-SLC10","1","yes","13-verification/invariant-properties-slc10.md"
"PROP-SLC11","1","yes","13-verification/invariant-properties-slc11.md"
"PROP-SLC12","1","yes","13-verification/invariant-properties-slc12.md"
"PROP-SLC12A","1","yes","13-verification/invariant-properties-slc12a.md"
"PROP-SLC14","1","yes","13-verification/invariant-properties-slc14.md"
"PROP-SLC15","1","yes","13-verification/invariant-properties-slc15.md"
"PROP-SLC16","1","yes","13-verification/invariant-properties-slc16.md"
"PROP-SLC17","1","yes","13-verification/invariant-properties-slc17.md"
"PROP-SLC18","1","yes","13-verification/invariant-properties-slc18.md"
"PROP-SLC19","1","yes","13-verification/invariant-properties-slc19.md"
"PRV-01","1","yes","08-security/privacy-threats.md"
"PRV-02","1","yes","08-security/privacy-threats.md"
"PRV-03","1","yes","08-security/privacy-threats.md"
"PRV-04","1","yes","08-security/privacy-threats.md"
"PRV-05","1","yes","08-security/privacy-threats.md"
"PRV-06","1","yes","08-security/privacy-threats.md"
"PRV-07","1","yes","08-security/privacy-threats.md"
"QAS-ACC-001","5","yes","00-governance/registers/unknowns.md;02-requirements/quality-scenarios.md;02-requirements/requirements.md;12-solution/ui-architecture.md;15-traceability/quality-verification-matrix.md"
"QAS-AI-001","7","yes","01-business/release-2-scope.md;02-requirements/quality-scenarios.md;02-requirements/requirements.md;03-domain/contexts/BC07/grounded-ai-spec.md;13-verification/acceptance/SLC-10/invariants-slc10.md;15-traceability/quality-verification-matrix.md;16-reports/ARCHITECTURE-REVIEW-R2.md"
"QAS-AI-002","5","yes","02-requirements/quality-scenarios.md;02-requirements/requirements.md;03-domain/contexts/BC07/grounded-ai-spec.md;13-verification/acceptance/SLC-10/invariants-slc10.md;15-traceability/quality-verification-matrix.md"
"QAS-AI-003","7","yes","02-requirements/quality-scenarios.md;02-requirements/requirements.md;03-domain/contexts/BC07/grounded-ai-spec.md;07-quality/workloads-slc10.md;12-solution/technology-decisions.md;13-verification/acceptance/SLC-10/invariants-slc10.md;15-traceability/quality-verification-matrix.md"
"QAS-AI-004","5","yes","02-requirements/quality-scenarios.md;02-requirements/requirements.md;03-domain/contexts/BC07/grounded-ai-spec.md;13-verification/acceptance/SLC-10/invariants-slc10.md;15-traceability/quality-verification-matrix.md"
"QAS-AI-005","4","yes","02-requirements/quality-scenarios.md;03-domain/contexts/BC07/grounded-ai-spec.md;13-verification/acceptance/SLC-10/invariants-slc10.md;15-traceability/quality-verification-matrix.md"
"QAS-ARC-001","6","yes","02-requirements/quality-scenarios.md;02-requirements/requirements.md;03-domain/contexts/BC06/products-knowledge-archive-spec.md;07-quality/workloads-slc12.md;13-verification/acceptance/SLC-12/invariants-slc12.md;15-traceability/quality-verification-matrix.md"
"QAS-ARC-002","5","yes","02-requirements/quality-scenarios.md;02-requirements/requirements.md;03-domain/contexts/BC06/products-knowledge-archive-spec.md;13-verification/acceptance/SLC-12/invariants-slc12.md;15-traceability/quality-verification-matrix.md"
"QAS-ARC-003","4","yes","02-requirements/quality-scenarios.md;03-domain/contexts/BC06/products-knowledge-archive-spec.md;13-verification/acceptance/SLC-12/invariants-slc12.md;15-traceability/quality-verification-matrix.md"
"QAS-AUD-001","6","yes","02-requirements/quality-scenarios.md;02-requirements/requirements.md;08-security/audit-architecture.md;13-verification/acceptance/SLC-01/invariants-slc01.md;15-traceability/quality-verification-matrix.md;15-traceability/trace-slc01.md"
"QAS-AVL-001","4","yes","02-requirements/quality-scenarios.md;02-requirements/requirements.md;09-reliability/dr-and-continuity.md;15-traceability/quality-verification-matrix.md"
"QAS-AVL-001..003","1","no","02-requirements/requirements.md"
"QAS-AVL-002","4","yes","02-requirements/quality-scenarios.md;02-requirements/requirements.md;09-reliability/dr-and-continuity.md;15-traceability/quality-verification-matrix.md"
"QAS-AVL-003","4","yes","02-requirements/quality-scenarios.md;02-requirements/requirements.md;09-reliability/dr-and-continuity.md;15-traceability/quality-verification-matrix.md"
"QAS-CAT","1","yes","02-requirements/quality-scenarios.md"
"QAS-CNF-001","5","yes","02-requirements/quality-scenarios.md;03-domain/contexts/BC02/conflict-detection-engine.md;07-quality/workloads-slc04.md;13-verification/acceptance/SLC-04/invariants-slc04.md;15-traceability/quality-verification-matrix.md"
"QAS-COL-001","6","yes","02-requirements/quality-scenarios.md;03-domain/contexts/BC02/collection-spec.md;03-domain/contexts/BC02/aggregates/AGG-COLLECTION-REQUIREMENT.md;13-verification/acceptance/SLC-14/invariants-slc14.md;13-verification/tooling/slice-sources.md;15-traceability/quality-verification-matrix.md"
"QAS-COST-001","4","yes","02-requirements/quality-scenarios.md;02-requirements/requirements.md;07-quality/cost-model.md;15-traceability/quality-verification-matrix.md"
"QAS-DQ-001","5","yes","02-requirements/quality-scenarios.md;02-requirements/requirements.md;07-quality/workloads.md;13-verification/acceptance/SLC-02/invariants-slc02.md;15-traceability/quality-verification-matrix.md"
"QAS-ER-001","9","yes","02-requirements/quality-scenarios.md;03-domain/contexts/BC02/candidate-generation.md;03-domain/contexts/BC02/commands-slc04.md;03-domain/contexts/BC02/aggregates/AGG-MATCH-RULESET.md;07-quality/workloads-slc04.md;13-verification/acceptance/SLC-04/invariants-slc04.md;13-verification/tooling/slice-sources.md;14-slices/SLC-04/atam-lite.md;15-traceability/quality-verification-matrix.md"
"QAS-ER-002","8","yes","02-requirements/quality-scenarios.md;03-domain/contexts/BC02/candidate-generation.md;03-domain/contexts/BC02/commands-slc04.md;03-domain/contexts/BC02/aggregates/AGG-MATCH-RULESET.md;07-quality/workloads-slc04.md;13-verification/acceptance/SLC-04/invariants-slc04.md;13-verification/tooling/slice-sources.md;15-traceability/quality-verification-matrix.md"
"QAS-ER-003","4","yes","02-requirements/quality-scenarios.md;03-domain/contexts/BC02/candidate-generation.md;07-quality/workloads-slc04.md;15-traceability/quality-verification-matrix.md"
"QAS-EVO-001","5","yes","02-requirements/quality-scenarios.md;02-requirements/requirements.md;12-solution/release-configuration-migration.md;15-traceability/quality-verification-matrix.md;16-reports/ENGINEERING-BASELINE-R1.md"
"QAS-GOV-001","4","yes","02-requirements/quality-scenarios.md;07-quality/workloads-slc12a.md;13-verification/acceptance/SLC-12a/invariants-slc12a.md;15-traceability/quality-verification-matrix.md"
"QAS-ID","1","no","07-quality/performance-test-strategy.md"
"QAS-INT-001","7","yes","02-requirements/quality-scenarios.md;03-domain/contexts/BC07/enterprise-integration-spec.md;03-domain/contexts/BC07/aggregates/AGG-INTEGRATION-CONNECTION.md;07-quality/workloads-slc16.md;13-verification/acceptance/SLC-16/invariants-slc16.md;13-verification/tooling/slice-sources.md;15-traceability/quality-verification-matrix.md"
"QAS-KNW-001","4","yes","02-requirements/quality-scenarios.md;03-domain/contexts/BC06/products-knowledge-archive-spec.md;13-verification/acceptance/SLC-12/invariants-slc12.md;15-traceability/quality-verification-matrix.md"
"QAS-LOG-001","2","yes","02-requirements/quality-scenarios.md;13-verification/acceptance/SLC-18/invariants-slc18.md"
"QAS-LOG-002","2","yes","02-requirements/quality-scenarios.md;13-verification/acceptance/SLC-18/invariants-slc18.md"
"QAS-OBS-001","6","yes","02-requirements/quality-scenarios.md;02-requirements/requirements.md;12-solution/technology-decisions.md;15-traceability/quality-verification-matrix.md;15-traceability/rtm-r1.md;15-traceability/trace-platform.md"
"QAS-OFF-001","8","yes","00-governance/decisions/ADR-P09.md;02-requirements/quality-scenarios.md;02-requirements/requirements.md;03-domain/contexts/BC07/field-sync-protocol.md;07-quality/workloads-slc11.md;07-quality/workloads.md;13-verification/acceptance/SLC-11/invariants-slc11.md;15-traceability/quality-verification-matrix.md"
"QAS-OFF-002","4","yes","02-requirements/quality-scenarios.md;07-quality/workloads-slc11.md;13-verification/acceptance/SLC-11/invariants-slc11.md;15-traceability/quality-verification-matrix.md"
"QAS-OFF-003","6","yes","02-requirements/quality-scenarios.md;07-quality/performance-test-strategy.md;07-quality/workloads-slc11.md;12-solution/deployment-units.md;13-verification/acceptance/SLC-11/invariants-slc11.md;15-traceability/quality-verification-matrix.md"
"QAS-OPS-001","5","yes","02-requirements/quality-scenarios.md;02-requirements/requirements.md;12-solution/release-configuration-migration.md;12-solution/technology-decisions.md;15-traceability/quality-verification-matrix.md"
"QAS-OPS-002","5","yes","02-requirements/quality-scenarios.md;03-domain/contexts/BC04/task-lifecycle-rules.md;07-quality/workloads-slc03.md;13-verification/acceptance/SLC-03/invariants-slc03.md;15-traceability/quality-verification-matrix.md"
"QAS-OPS-003","4","yes","02-requirements/quality-scenarios.md;07-quality/workloads-slc06.md;13-verification/acceptance/SLC-06/invariants-slc06.md;15-traceability/quality-verification-matrix.md"
"QAS-PERF","2","no","07-quality/performance-test-strategy.md;16-reports/ARCHITECTURE-REVIEW-R1.md"
"QAS-PERF-001","13","yes","00-governance/registers/risks.md;02-requirements/quality-scenarios.md;02-requirements/requirements.md;03-domain/contexts/BC02/claims-temporal-kernel.md;07-quality/performance-test-strategy.md;07-quality/workloads-slc01.md;07-quality/workloads-slc02.md;07-quality/workloads-slc03.md;07-quality/workloads-slc08.md;07-quality/workloads-slc15.md;07-quality/workloads.md;12-solution/technology-decisions.md;15-traceability/quality-verification-matrix.md"
"QAS-PERF-002","8","yes","02-requirements/quality-scenarios.md;04-information/temporal-model.md;07-quality/performance-test-strategy.md;07-quality/workloads-slc02.md;07-quality/workloads-slc07.md;07-quality/workloads-slc08.md;07-quality/workloads.md;15-traceability/quality-verification-matrix.md"
"QAS-PERF-003","9","yes","02-requirements/quality-scenarios.md;02-requirements/requirements.md;03-domain/contexts/BC07/discovery-architecture.md;07-quality/performance-test-strategy.md;07-quality/workloads-slc05.md;07-quality/workloads.md;12-solution/technology-decisions.md;13-verification/acceptance/SLC-05/invariants-slc05.md;15-traceability/quality-verification-matrix.md"
"QAS-PERF-004","6","yes","02-requirements/quality-scenarios.md;03-domain/contexts/BC07/discovery-architecture.md;07-quality/workloads-slc05.md;07-quality/workloads.md;13-verification/acceptance/SLC-05/invariants-slc05.md;15-traceability/quality-verification-matrix.md"
"QAS-PERF-005","8","yes","02-requirements/quality-scenarios.md;02-requirements/requirements.md;03-domain/contexts/BC03/situation-alerting-spec.md;07-quality/performance-test-strategy.md;07-quality/workloads-slc06.md;07-quality/workloads.md;13-verification/acceptance/SLC-06/invariants-slc06.md;15-traceability/quality-verification-matrix.md"
"QAS-PERF-006","9","yes","00-governance/decisions/ADR-P07.md;02-requirements/quality-scenarios.md;02-requirements/requirements.md;03-domain/contexts/BC03/situation-alerting-spec.md;07-quality/workloads-slc06.md;07-quality/workloads.md;13-verification/acceptance/SLC-06/invariants-slc06.md;15-traceability/quality-verification-matrix.md;16-reports/SLC-00-WALKTHROUGH.md"
"QAS-PERF-007","9","yes","00-governance/decisions/ADR-P12.md;02-requirements/quality-scenarios.md;02-requirements/requirements.md;03-domain/contexts/BC03/situation-alerting-spec.md;07-quality/performance-test-strategy.md;07-quality/workloads-slc06.md;07-quality/workloads.md;13-verification/acceptance/SLC-06/invariants-slc06.md;15-traceability/quality-verification-matrix.md"
"QAS-PERF-008","3","yes","02-requirements/quality-scenarios.md;07-quality/workloads.md;15-traceability/quality-verification-matrix.md"
"QAS-PERF-009","8","yes","02-requirements/quality-scenarios.md;07-quality/performance-test-strategy.md;07-quality/workloads-slc01.md;12-solution/technology-decisions.md;12-solution/w8-inputs.md;14-slices/SLC-01/atam-lite.md;15-traceability/quality-verification-matrix.md;15-traceability/trace-slc01.md"
"QAS-PERF-010","5","yes","02-requirements/quality-scenarios.md;03-domain/contexts/BC01/security-context.md;07-quality/workloads-slc01.md;15-traceability/quality-verification-matrix.md;15-traceability/trace-slc01.md"
"QAS-PERF-011","5","yes","02-requirements/quality-scenarios.md;07-quality/workloads-slc01.md;08-security/audit-architecture.md;15-traceability/quality-verification-matrix.md;15-traceability/trace-slc01.md"
"QAS-PERF-012","11","yes","02-requirements/quality-scenarios.md;02-requirements/requirements.md;03-domain/contexts/BC02/aggregates/AGG-OBSERVATION.md;03-domain/contexts/BC07/enterprise-integration-spec.md;07-quality/performance-test-strategy.md;07-quality/workloads-slc02.md;07-quality/workloads-slc16.md;13-verification/acceptance/SLC-02/invariants-slc02.md;13-verification/tooling/slice-sources.md;14-slices/SLC-02/atam-lite.md;15-traceability/quality-verification-matrix.md"
"QAS-PERF-013","6","yes","02-requirements/quality-scenarios.md;03-domain/contexts/BC02/claims-temporal-kernel.md;07-quality/performance-test-strategy.md;07-quality/workloads-slc02.md;14-slices/SLC-02/atam-lite.md;15-traceability/quality-verification-matrix.md"
"QAS-PERF-014","3","yes","02-requirements/quality-scenarios.md;07-quality/workloads-slc02.md;15-traceability/quality-verification-matrix.md"
"QAS-PERF-015","6","yes","02-requirements/quality-scenarios.md;03-domain/contexts/BC02/claims-temporal-kernel.md;07-quality/workloads-slc04.md;13-verification/acceptance/SLC-04/invariants-slc04.md;14-slices/SLC-04/atam-lite.md;15-traceability/quality-verification-matrix.md"
"QAS-PERF-016","4","yes","02-requirements/quality-scenarios.md;07-quality/workloads-slc03.md;13-verification/acceptance/SLC-03/invariants-slc03.md;15-traceability/quality-verification-matrix.md"
"QAS-PERF-017","3","yes","02-requirements/quality-scenarios.md;07-quality/workloads-slc03.md;15-traceability/quality-verification-matrix.md"
"QAS-PERF-018","6","yes","02-requirements/quality-scenarios.md;03-domain/contexts/BC07/discovery-architecture.md;07-quality/workloads-slc05.md;12-solution/technology-decisions.md;12-solution/w8-inputs.md;15-traceability/quality-verification-matrix.md"
"QAS-PERF-019","4","yes","02-requirements/quality-scenarios.md;07-quality/performance-test-strategy.md;07-quality/workloads-slc06.md;15-traceability/quality-verification-matrix.md"
"QAS-PERF-020","5","yes","02-requirements/quality-scenarios.md;07-quality/workloads-slc07.md;12-solution/technology-decisions.md;13-verification/acceptance/SLC-07/invariants-slc07.md;15-traceability/quality-verification-matrix.md"
"QAS-PERF-021","4","yes","02-requirements/quality-scenarios.md;07-quality/workloads-slc08.md;13-verification/acceptance/SLC-08/invariants-slc08.md;15-traceability/quality-verification-matrix.md"
"QAS-PRD-001","5","yes","02-requirements/quality-scenarios.md;03-domain/contexts/BC06/products-knowledge-archive-spec.md;07-quality/workloads-slc12.md;13-verification/acceptance/SLC-12/invariants-slc12.md;15-traceability/quality-verification-matrix.md"
"QAS-PRD-002","5","yes","02-requirements/quality-scenarios.md;03-domain/contexts/BC06/products-knowledge-archive-spec.md;08-security/threat-model-slc12.md;13-verification/acceptance/SLC-12/invariants-slc12.md;15-traceability/quality-verification-matrix.md"
"QAS-PRV-001","8","yes","00-governance/decisions/ADR-P08.md;02-requirements/quality-scenarios.md;02-requirements/requirements.md;03-domain/contexts/BC08/aggregates/AGG-ERASURE-REQUEST.md;08-security/key-hierarchy-and-disposition.md;13-verification/acceptance/SLC-12a/invariants-slc12a.md;13-verification/tooling/slice-sources.md;15-traceability/quality-verification-matrix.md"
"QAS-PRV-002","6","yes","02-requirements/quality-scenarios.md;07-quality/workloads-slc12a.md;09-reliability/dr-and-continuity.md;13-verification/fitness-functions.md;13-verification/acceptance/SLC-12a/invariants-slc12a.md;15-traceability/quality-verification-matrix.md"
"QAS-RCM-001","4","yes","02-requirements/quality-scenarios.md;07-quality/workloads-slc17.md;13-verification/acceptance/SLC-17/invariants-slc17.md;15-traceability/quality-verification-matrix.md"
"QAS-RCM-002","3","yes","02-requirements/quality-scenarios.md;13-verification/acceptance/SLC-17/invariants-slc17.md;15-traceability/quality-verification-matrix.md"
"QAS-REC-001","4","yes","02-requirements/quality-scenarios.md;02-requirements/requirements.md;09-reliability/dr-and-continuity.md;15-traceability/quality-verification-matrix.md"
"QAS-REC-002","4","yes","02-requirements/quality-scenarios.md;02-requirements/requirements.md;09-reliability/dr-and-continuity.md;15-traceability/quality-verification-matrix.md"
"QAS-REC-003","4","yes","02-requirements/quality-scenarios.md;02-requirements/requirements.md;09-reliability/dr-and-continuity.md;15-traceability/quality-verification-matrix.md"
"QAS-REL-001","5","yes","00-governance/decisions/ADR-P02.md;02-requirements/quality-scenarios.md;02-requirements/requirements.md;07-quality/workloads.md;15-traceability/quality-verification-matrix.md"
"QAS-REL-002","6","yes","02-requirements/quality-scenarios.md;02-requirements/requirements.md;03-domain/contexts/BC07/discovery-architecture.md;07-quality/workloads.md;13-verification/acceptance/SLC-05/invariants-slc05.md;15-traceability/quality-verification-matrix.md"
"QAS-REL-003","4","yes","02-requirements/quality-scenarios.md;02-requirements/requirements.md;07-quality/workloads.md;15-traceability/quality-verification-matrix.md"
"QAS-REL-004","6","yes","02-requirements/quality-scenarios.md;03-domain/contexts/BC07/discovery-architecture.md;07-quality/workloads-slc05.md;09-reliability/dr-and-continuity.md;13-verification/acceptance/SLC-05/invariants-slc05.md;15-traceability/quality-verification-matrix.md"
"QAS-RES-001","7","yes","02-requirements/quality-scenarios.md;02-requirements/requirements.md;03-domain/contexts/BC05/allocation-readiness-spec.md;06-data/logical-model/slc-09.md;07-quality/workloads-slc09.md;13-verification/acceptance/SLC-09/invariants-slc09.md;15-traceability/quality-verification-matrix.md"
"QAS-RES-002","5","yes","02-requirements/quality-scenarios.md;03-domain/contexts/BC05/allocation-readiness-spec.md;07-quality/workloads-slc09.md;13-verification/acceptance/SLC-09/invariants-slc09.md;15-traceability/quality-verification-matrix.md"
"QAS-SCAL-001","7","yes","02-requirements/quality-scenarios.md;07-quality/performance-test-strategy.md;07-quality/workloads.md;12-solution/cell-architecture.md;15-traceability/quality-verification-matrix.md;16-reports/ARCHITECTURE-REVIEW-R1.md;16-reports/SESSION-W2.md"
"QAS-SCAL-002","9","yes","02-requirements/quality-scenarios.md;03-domain/contexts/BC03/situation-alerting-spec.md;07-quality/performance-test-strategy.md;07-quality/workloads-slc02.md;07-quality/workloads.md;08-security/threat-model.md;09-reliability/fmea-slc02.md;14-slices/SLC-02/atam-lite.md;15-traceability/quality-verification-matrix.md"
"QAS-SCAL-003","7","yes","00-governance/decisions/ADR-P04.md;02-requirements/quality-scenarios.md;02-requirements/requirements.md;09-reliability/observability-slc01.md;12-solution/cell-architecture.md;15-traceability/quality-verification-matrix.md;15-traceability/trace-slc01.md"
"QAS-SCAL-004","3","yes","02-requirements/quality-scenarios.md;07-quality/workloads.md;15-traceability/quality-verification-matrix.md"
"QAS-SCAL-005","4","yes","02-requirements/quality-scenarios.md;02-requirements/requirements.md;07-quality/performance-test-strategy.md;15-traceability/quality-verification-matrix.md"
"QAS-SEC-001","7","yes","00-governance/decisions/ADR-P04.md;02-requirements/quality-scenarios.md;02-requirements/requirements.md;13-verification/acceptance/SLC-01/invariants-slc01.md;14-slices/SLC-01/atam-lite.md;15-traceability/quality-verification-matrix.md;15-traceability/trace-slc01.md"
"QAS-SEC-002","10","yes","00-governance/decisions/ADR-P06.md;02-requirements/quality-scenarios.md;02-requirements/requirements.md;03-domain/contexts/BC07/discovery-architecture.md;07-quality/performance-test-strategy.md;07-quality/workloads.md;08-security/threat-model.md;13-verification/acceptance/SLC-05/invariants-slc05.md;15-traceability/quality-verification-matrix.md;16-reports/ARCHITECTURE-REVIEW-R1.md"
"QAS-SEC-002..004","1","no","00-governance/decisions/ADR-P06.md"
"QAS-SEC-003","15","yes","00-governance/decisions/ADR-P06.md;02-requirements/quality-scenarios.md;02-requirements/requirements.md;03-domain/contexts/BC01/security-context.md;03-domain/contexts/BC07/discovery-architecture.md;08-security/authorization-model.md;12-solution/technology-decisions.md;13-verification/acceptance/SLC-01/invariants-slc01.md;13-verification/acceptance/SLC-05/invariants-slc05.md;14-slices/SLC-01/atam-lite.md;15-traceability/quality-verification-matrix.md;15-traceability/trace-slc01.md;16-reports/CONSISTENCY-CHECK-W3.md;16-reports/REQUIREMENTS-QUALITY-REPORT.md;16-reports/SESSION-W2.md"
"QAS-SEC-004","8","yes","00-governance/decisions/ADR-P06.md;00-governance/decisions/ADR-P12.md;02-requirements/quality-scenarios.md;02-requirements/requirements.md;03-domain/contexts/BC03/situation-alerting-spec.md;07-quality/workloads.md;13-verification/acceptance/SLC-06/invariants-slc06.md;15-traceability/quality-verification-matrix.md"
"QAS-SEC-005","6","yes","00-governance/decisions/ADR-P11.md;02-requirements/quality-scenarios.md;02-requirements/requirements.md;13-verification/acceptance/SLC-01/invariants-slc01.md;15-traceability/quality-verification-matrix.md;15-traceability/trace-slc01.md"
"QAS-SEC-006","7","yes","02-requirements/quality-scenarios.md;02-requirements/requirements.md;08-security/audit-architecture.md;08-security/threat-model.md;13-verification/acceptance/SLC-01/invariants-slc01.md;15-traceability/quality-verification-matrix.md;15-traceability/trace-slc01.md"
"QAS-SEC-007","6","yes","02-requirements/quality-scenarios.md;02-requirements/requirements.md;03-domain/contexts/BC07/field-sync-protocol.md;07-quality/workloads.md;13-verification/acceptance/SLC-11/invariants-slc11.md;15-traceability/quality-verification-matrix.md"
"QAS-SEC-008","8","yes","02-requirements/quality-scenarios.md;03-domain/contexts/BC01/aggregates/AGG-HR-SYNC-PROPOSAL.md;07-quality/workloads-slc01.md;09-reliability/observability-slc01.md;13-verification/acceptance/SLC-01/invariants-slc01.md;13-verification/tooling/slice-sources.md;15-traceability/quality-verification-matrix.md;15-traceability/trace-slc01.md"
"QAS-SEC-009","5","yes","02-requirements/quality-scenarios.md;07-quality/workloads-slc02.md;08-security/threat-model-slc02.md;13-verification/acceptance/SLC-02/invariants-slc02.md;15-traceability/quality-verification-matrix.md"
"QAS-SEC-010","7","yes","02-requirements/quality-scenarios.md;07-quality/workloads-slc02.md;08-security/threat-model-slc02.md;13-verification/acceptance/SLC-02/invariants-slc02.md;14-slices/SLC-02/atam-lite.md;15-traceability/quality-verification-matrix.md;16-reports/SESSION-W4-W7-SLC02.md"
"QAS-SEC-011","5","yes","02-requirements/quality-scenarios.md;03-domain/contexts/BC07/discovery-architecture.md;07-quality/workloads-slc05.md;13-verification/acceptance/SLC-05/invariants-slc05.md;15-traceability/quality-verification-matrix.md"
"QAS-SEC-012","4","yes","02-requirements/quality-scenarios.md;07-quality/workloads-slc06.md;13-verification/acceptance/SLC-06/invariants-slc06.md;15-traceability/quality-verification-matrix.md"
"QAS-SEC-013","4","yes","02-requirements/quality-scenarios.md;07-quality/workloads-slc07.md;13-verification/acceptance/SLC-07/invariants-slc07.md;15-traceability/quality-verification-matrix.md"
"QAS-TMP-001","9","yes","00-governance/decisions/ADR-P01.md;02-requirements/quality-scenarios.md;02-requirements/requirements.md;03-domain/contexts/BC02/claims-temporal-kernel.md;04-information/temporal-model.md;07-quality/workloads.md;13-verification/acceptance/SLC-02/invariants-slc02.md;14-slices/SLC-02/atam-lite.md;15-traceability/quality-verification-matrix.md"
"QAS-TRC-001","7","yes","02-requirements/quality-scenarios.md;02-requirements/requirements.md;03-domain/contexts/BC03/analysis-reproducibility-spec.md;04-information/provenance-lineage.md;13-verification/acceptance/SLC-07/invariants-slc07.md;14-slices/SLC-02/atam-lite.md;15-traceability/quality-verification-matrix.md"
"QAS-TRC-002","7","yes","02-requirements/quality-scenarios.md;02-requirements/requirements.md;03-domain/contexts/BC03/analysis-reproducibility-spec.md;04-information/provenance-lineage.md;07-quality/workloads.md;13-verification/acceptance/SLC-07/invariants-slc07.md;15-traceability/quality-verification-matrix.md"
"QAS-TRC-003","4","yes","02-requirements/quality-scenarios.md;07-quality/workloads-slc08.md;13-verification/acceptance/SLC-08/invariants-slc08.md;15-traceability/quality-verification-matrix.md"
"QAS-TRX-001","2","yes","02-requirements/quality-scenarios.md;13-verification/acceptance/SLC-19/invariants-slc19.md"
"QAS-TRX-002","2","yes","02-requirements/quality-scenarios.md;13-verification/acceptance/SLC-19/invariants-slc19.md"
"QAS-USA-001","5","yes","00-governance/registers/risks.md;02-requirements/quality-scenarios.md;07-quality/workloads.md;12-solution/ui-architecture.md;15-traceability/quality-verification-matrix.md"
"QAS-USA-002","8","yes","00-governance/decisions/ADR-P15.md;02-requirements/quality-scenarios.md;02-requirements/requirements.md;03-domain/contexts/BC07/discovery-architecture.md;04-information/language-model.md;07-quality/workloads.md;13-verification/acceptance/SLC-05/invariants-slc05.md;15-traceability/quality-verification-matrix.md"
"QRY-ACS-GET","5","yes","03-domain/contexts/BC03/queries-slc07.md;05-contracts/openapi-intelligence-slc07.md;08-security/policies-slc07.md;13-verification/tooling/slice-sources.md;15-traceability/trace-slc07.md"
"QRY-ACS-LIST","5","yes","03-domain/contexts/BC03/queries-slc07.md;05-contracts/openapi-intelligence-slc07.md;08-security/policies-slc07.md;13-verification/tooling/slice-sources.md;15-traceability/trace-slc07.md"
"QRY-ADP-GET","5","yes","03-domain/contexts/BC07/queries-slc02.md;05-contracts/openapi-integration-slc02.md;08-security/policies-slc02.md;13-verification/tooling/slice-sources.md;15-traceability/trace-slc02.md"
"QRY-AIR-CONTEXT","5","yes","03-domain/contexts/BC07/queries-slc10.md;05-contracts/openapi-ai-slc10.md;08-security/policies-slc10.md;13-verification/tooling/slice-sources.md;15-traceability/trace-slc10.md"
"QRY-AIR-GET","5","yes","03-domain/contexts/BC07/queries-slc10.md;05-contracts/openapi-ai-slc10.md;08-security/policies-slc10.md;13-verification/tooling/slice-sources.md;15-traceability/trace-slc10.md"
"QRY-AIRS-QUEUE","5","yes","03-domain/contexts/BC07/queries-slc10.md;05-contracts/openapi-ai-slc10.md;08-security/policies-slc10.md;13-verification/tooling/slice-sources.md;15-traceability/trace-slc10.md"
"QRY-AI-USAGE","5","yes","03-domain/contexts/BC07/queries-slc10.md;05-contracts/openapi-ai-slc10.md;08-security/policies-slc10.md;13-verification/tooling/slice-sources.md;15-traceability/trace-slc10.md"
"QRY-ALC-LIST","5","yes","03-domain/contexts/BC05/queries-slc09.md;05-contracts/openapi-readiness-slc09.md;08-security/policies-slc09.md;13-verification/tooling/slice-sources.md;15-traceability/trace-slc09.md"
"QRY-ALR-LIST","5","yes","03-domain/contexts/BC03/queries-slc06.md;05-contracts/openapi-intelligence-slc06.md;08-security/policies-slc06.md;13-verification/tooling/slice-sources.md;15-traceability/trace-slc06.md"
"QRY-AMT-LIST","5","yes","03-domain/contexts/BC03/queries-slc07.md;05-contracts/openapi-intelligence-slc07.md;08-security/policies-slc07.md;13-verification/tooling/slice-sources.md;15-traceability/trace-slc07.md"
"QRY-ARC-RETRIEVE","5","yes","03-domain/contexts/BC06/queries-slc12.md;05-contracts/openapi-knowledge-slc12.md;08-security/policies-slc12.md;13-verification/tooling/slice-sources.md;15-traceability/trace-slc12.md"
"QRY-ARC-SEARCH","5","yes","03-domain/contexts/BC06/queries-slc12.md;05-contracts/openapi-knowledge-slc12.md;08-security/policies-slc12.md;13-verification/tooling/slice-sources.md;15-traceability/trace-slc12.md"
"QRY-ASM-GET","5","yes","03-domain/contexts/BC03/queries-slc07.md;05-contracts/openapi-intelligence-slc07.md;08-security/policies-slc07.md;13-verification/tooling/slice-sources.md;15-traceability/trace-slc07.md"
"QRY-ASM-VERSIONS","5","yes","03-domain/contexts/BC03/queries-slc07.md;05-contracts/openapi-intelligence-slc07.md;08-security/policies-slc07.md;13-verification/tooling/slice-sources.md;15-traceability/trace-slc07.md"
"QRY-AST-AVAILABILITY","5","yes","03-domain/contexts/BC05/queries-slc09.md;05-contracts/openapi-readiness-slc09.md;08-security/policies-slc09.md;13-verification/tooling/slice-sources.md;15-traceability/trace-slc09.md"
"QRY-AST-GET","5","yes","03-domain/contexts/BC05/queries-slc09.md;05-contracts/openapi-readiness-slc09.md;08-security/policies-slc09.md;13-verification/tooling/slice-sources.md;15-traceability/trace-slc09.md"
"QRY-ATT-DOWNLOAD","5","yes","03-domain/contexts/BC02/queries-slc02.md;05-contracts/openapi-information-slc02.md;08-security/policies-slc02.md;13-verification/tooling/slice-sources.md;15-traceability/trace-slc02.md"
"QRY-AUD-SEARCH","5","yes","03-domain/contexts/BC08/queries-slc01.md;05-contracts/openapi-governance-slc01.md;08-security/policies-slc01.md;13-verification/tooling/slice-sources.md;15-traceability/trace-slc01.md"
"QRY-AUD-VERIFY","6","yes","03-domain/contexts/BC08/queries-slc01.md;05-contracts/openapi-governance-slc01.md;08-security/policies-slc01.md;13-verification/tooling/slice-sources.md;13-verification/tooling/spec-tooling.md;15-traceability/trace-slc01.md"
"QRY-AUT-CHECK","7","yes","03-domain/contexts/BC01/queries-slc01.md;03-domain/contexts/BC01/aggregates/AGG-AUTHORITY-GRANT.md;05-contracts/openapi-foundation-slc01.md;08-security/policies-slc01.md;13-verification/tooling/slice-sources.md;13-verification/tooling/spec-tooling.md;15-traceability/trace-slc01.md"
"QRY-AUT-LIST","5","yes","03-domain/contexts/BC01/queries-slc01.md;05-contracts/openapi-foundation-slc01.md;08-security/policies-slc01.md;13-verification/tooling/slice-sources.md;15-traceability/trace-slc01.md"
"QRY-BASE-TILE","5","yes","03-domain/contexts/BC03/queries-slc06.md;05-contracts/openapi-intelligence-slc06.md;08-security/policies-slc06.md;13-verification/tooling/slice-sources.md;15-traceability/trace-slc06.md"
"QRY-CAP-LIST","5","yes","03-domain/contexts/BC03/queries-slc16.md;05-contracts/openapi-intelligence-slc16.md;08-security/policies-slc16.md;13-verification/tooling/slice-sources.md;15-traceability/trace-slc16.md"
"QRY-CAT","1","no","13-verification/tooling/spec-tooling.md"
"QRY-CAT-BC01-SLC01","1","yes","03-domain/contexts/BC01/queries-slc01.md"
"QRY-CAT-BC01-SLC11","1","yes","03-domain/contexts/BC01/queries-slc11.md"
"QRY-CAT-BC01-SLC16","1","yes","03-domain/contexts/BC01/queries-slc16.md"
"QRY-CAT-BC02-SLC02","1","yes","03-domain/contexts/BC02/queries-slc02.md"
"QRY-CAT-BC02-SLC04","1","yes","03-domain/contexts/BC02/queries-slc04.md"
"QRY-CAT-BC02-SLC14","1","yes","03-domain/contexts/BC02/queries-slc14.md"
"QRY-CAT-BC02-SLC15","1","yes","03-domain/contexts/BC02/queries-slc15.md"
"QRY-CAT-BC03-SLC06","1","yes","03-domain/contexts/BC03/queries-slc06.md"
"QRY-CAT-BC03-SLC07","1","yes","03-domain/contexts/BC03/queries-slc07.md"
"QRY-CAT-BC03-SLC16","1","yes","03-domain/contexts/BC03/queries-slc16.md"
"QRY-CAT-BC04-SLC03","1","yes","03-domain/contexts/BC04/queries-slc03.md"
"QRY-CAT-BC04-SLC06","1","yes","03-domain/contexts/BC04/queries-slc06.md"
"QRY-CAT-BC04-SLC08","1","yes","03-domain/contexts/BC04/queries-slc08.md"
"QRY-CAT-BC04-SLC15","1","yes","03-domain/contexts/BC04/queries-slc15.md"
"QRY-CAT-BC04-SLC17","1","yes","03-domain/contexts/BC04/queries-slc17.md"
"QRY-CAT-BC05-SLC03","1","yes","03-domain/contexts/BC05/queries-slc03.md"
"QRY-CAT-BC05-SLC09","1","yes","03-domain/contexts/BC05/queries-slc09.md"
"QRY-CAT-BC05-SLC18","1","yes","03-domain/contexts/BC05/queries-slc18.md"
"QRY-CAT-BC05-SLC19","1","yes","03-domain/contexts/BC05/queries-slc19.md"
"QRY-CAT-BC06-SLC12","1","yes","03-domain/contexts/BC06/queries-slc12.md"
"QRY-CAT-BC07-SLC02","1","yes","03-domain/contexts/BC07/queries-slc02.md"
"QRY-CAT-BC07-SLC05","1","yes","03-domain/contexts/BC07/queries-slc05.md"
"QRY-CAT-BC07-SLC10","1","yes","03-domain/contexts/BC07/queries-slc10.md"
"QRY-CAT-BC07-SLC11","1","yes","03-domain/contexts/BC07/queries-slc11.md"
"QRY-CAT-BC07-SLC16","1","yes","03-domain/contexts/BC07/queries-slc16.md"
"QRY-CAT-BC08-SLC01","1","yes","03-domain/contexts/BC08/queries-slc01.md"
"QRY-CAT-BC08-SLC12A","1","yes","03-domain/contexts/BC08/queries-slc12a.md"
"QRY-CLM-GET","5","yes","03-domain/contexts/BC02/queries-slc02.md;05-contracts/openapi-information-slc02.md;08-security/policies-slc02.md;13-verification/tooling/slice-sources.md;15-traceability/trace-slc02.md"
"QRY-CLR-GET","5","yes","03-domain/contexts/BC01/queries-slc01.md;05-contracts/openapi-foundation-slc01.md;08-security/policies-slc01.md;13-verification/tooling/slice-sources.md;15-traceability/trace-slc01.md"
"QRY-CLS-ACTIVE","5","yes","03-domain/contexts/BC08/queries-slc01.md;05-contracts/openapi-governance-slc01.md;08-security/policies-slc01.md;13-verification/tooling/slice-sources.md;15-traceability/trace-slc01.md"
"QRY-CLUSTER-GET","5","yes","03-domain/contexts/BC02/queries-slc04.md;05-contracts/openapi-information-slc04.md;08-security/policies-slc04.md;13-verification/tooling/slice-sources.md;15-traceability/trace-slc04.md"
"QRY-CNF-GET","5","yes","03-domain/contexts/BC02/queries-slc04.md;05-contracts/openapi-information-slc04.md;08-security/policies-slc04.md;13-verification/tooling/slice-sources.md;15-traceability/trace-slc04.md"
"QRY-CNF-LIST","6","yes","03-domain/contexts/BC02/queries-slc04.md;05-contracts/openapi-information-slc04.md;08-security/policies-slc04.md;13-verification/acceptance/SLC-04/invariants-slc04.md;13-verification/tooling/slice-sources.md;15-traceability/trace-slc04.md"
"QRY-CON-LIST","5","yes","03-domain/contexts/BC07/queries-slc16.md;05-contracts/openapi-integration-slc16.md;08-security/policies-slc16.md;13-verification/tooling/slice-sources.md;15-traceability/trace-slc16.md"
"QRY-CPL-GET","5","yes","03-domain/contexts/BC02/queries-slc14.md;05-contracts/openapi-information-slc14.md;08-security/policies-slc14.md;13-verification/tooling/slice-sources.md;15-traceability/trace-slc14.md"
"QRY-CRD-GET","5","yes","03-domain/contexts/BC04/queries-slc15.md;05-contracts/openapi-operations-slc15.md;08-security/policies-slc15.md;13-verification/tooling/slice-sources.md;15-traceability/trace-slc15.md"
"QRY-CRD-LIST","5","yes","03-domain/contexts/BC04/queries-slc15.md;05-contracts/openapi-operations-slc15.md;08-security/policies-slc15.md;13-verification/tooling/slice-sources.md;15-traceability/trace-slc15.md"
"QRY-CRP-GET","5","yes","03-domain/contexts/BC02/queries-slc15.md;05-contracts/openapi-information-slc15.md;08-security/policies-slc15.md;13-verification/tooling/slice-sources.md;15-traceability/trace-slc15.md"
"QRY-CRP-QUEUE","5","yes","03-domain/contexts/BC02/queries-slc15.md;05-contracts/openapi-information-slc15.md;08-security/policies-slc15.md;13-verification/tooling/slice-sources.md;15-traceability/trace-slc15.md"
"QRY-CRQ-BOARD","5","yes","03-domain/contexts/BC02/queries-slc14.md;05-contracts/openapi-information-slc14.md;08-security/policies-slc14.md;13-verification/tooling/slice-sources.md;15-traceability/trace-slc14.md"
"QRY-CRQ-EVIDENCE","5","yes","03-domain/contexts/BC02/queries-slc14.md;05-contracts/openapi-information-slc14.md;08-security/policies-slc14.md;13-verification/tooling/slice-sources.md;15-traceability/trace-slc14.md"
"QRY-CRQ-GET","5","yes","03-domain/contexts/BC02/queries-slc14.md;05-contracts/openapi-information-slc14.md;08-security/policies-slc14.md;13-verification/tooling/slice-sources.md;15-traceability/trace-slc14.md"
"QRY-DEC-BASIS","7","yes","03-domain/contexts/BC04/decision-plan-spec.md;03-domain/contexts/BC04/queries-slc08.md;05-contracts/openapi-operations-slc08.md;08-security/policies-slc08.md;13-verification/acceptance/SLC-08/invariants-slc08.md;13-verification/tooling/slice-sources.md;15-traceability/trace-slc08.md"
"QRY-DEC-GET","5","yes","03-domain/contexts/BC04/queries-slc08.md;05-contracts/openapi-operations-slc08.md;08-security/policies-slc08.md;13-verification/tooling/slice-sources.md;15-traceability/trace-slc08.md"
"QRY-DEV-LIST","5","yes","03-domain/contexts/BC01/queries-slc11.md;05-contracts/openapi-foundation-slc11.md;08-security/policies-slc11.md;13-verification/tooling/slice-sources.md;15-traceability/trace-slc11.md"
"QRY-DRQ-GET","5","yes","03-domain/contexts/BC04/queries-slc08.md;05-contracts/openapi-operations-slc08.md;08-security/policies-slc08.md;13-verification/tooling/slice-sources.md;15-traceability/trace-slc08.md"
"QRY-DRQ-LIST","5","yes","03-domain/contexts/BC04/queries-slc08.md;05-contracts/openapi-operations-slc08.md;08-security/policies-slc08.md;13-verification/tooling/slice-sources.md;15-traceability/trace-slc08.md"
"QRY-DSP-GET","5","yes","03-domain/contexts/BC08/queries-slc12a.md;05-contracts/openapi-governance-slc12a.md;08-security/policies-slc12a.md;13-verification/tooling/slice-sources.md;15-traceability/trace-slc12a.md"
"QRY-DST-LOG","5","yes","03-domain/contexts/BC06/queries-slc12.md;05-contracts/openapi-knowledge-slc12.md;08-security/policies-slc12.md;13-verification/tooling/slice-sources.md;15-traceability/trace-slc12.md"
"QRY-ELIG-CHECK","5","yes","03-domain/contexts/BC05/queries-slc03.md;05-contracts/openapi-readiness-slc03.md;08-security/policies-slc03.md;13-verification/tooling/slice-sources.md;15-traceability/trace-slc03.md"
"QRY-ENT-CLAIMS","5","yes","03-domain/contexts/BC02/queries-slc02.md;05-contracts/openapi-information-slc02.md;08-security/policies-slc02.md;13-verification/tooling/slice-sources.md;15-traceability/trace-slc02.md"
"QRY-ENT-LIST","5","yes","03-domain/contexts/BC02/queries-slc02.md;05-contracts/openapi-information-slc02.md;08-security/policies-slc02.md;13-verification/tooling/slice-sources.md;15-traceability/trace-slc02.md"
"QRY-ENT-POSITIONS","5","yes","03-domain/contexts/BC02/queries-slc02.md;05-contracts/openapi-information-slc02.md;08-security/policies-slc02.md;13-verification/tooling/slice-sources.md;15-traceability/trace-slc02.md"
"QRY-ENT-RESOLVED","8","yes","00-governance/RATIFICATION-PACKAGE.md;03-domain/contexts/BC02/queries-slc02.md;05-contracts/openapi-information-slc02.md;08-security/policies-slc02.md;13-verification/tooling/slice-sources.md;14-slices/SLC-04/readiness.md;15-traceability/trace-slc02.md;16-reports/SESSION-W4-W7-SLC04.md"
"QRY-ER-GET","5","yes","03-domain/contexts/BC02/queries-slc04.md;05-contracts/openapi-information-slc04.md;08-security/policies-slc04.md;13-verification/tooling/slice-sources.md;15-traceability/trace-slc04.md"
"QRY-ER-QUEUE","5","yes","03-domain/contexts/BC02/queries-slc04.md;05-contracts/openapi-information-slc04.md;08-security/policies-slc04.md;13-verification/tooling/slice-sources.md;15-traceability/trace-slc04.md"
"QRY-ERS-GET","5","yes","03-domain/contexts/BC08/queries-slc12a.md;05-contracts/openapi-governance-slc12a.md;08-security/policies-slc12a.md;13-verification/tooling/slice-sources.md;15-traceability/trace-slc12a.md"
"QRY-EVD-GET","5","yes","03-domain/contexts/BC02/queries-slc02.md;05-contracts/openapi-information-slc02.md;08-security/policies-slc02.md;13-verification/tooling/slice-sources.md;15-traceability/trace-slc02.md"
"QRY-EXC-LIST","5","yes","03-domain/contexts/BC08/queries-slc01.md;05-contracts/openapi-governance-slc01.md;08-security/policies-slc01.md;13-verification/tooling/slice-sources.md;15-traceability/trace-slc01.md"
"QRY-EXR-GET","5","yes","03-domain/contexts/BC05/queries-slc19.md;05-contracts/openapi-readiness-slc19.md;08-security/policies-slc19.md;13-verification/tooling/slice-sources.md;15-traceability/trace-slc19.md"
"QRY-EXR-LIST","5","yes","03-domain/contexts/BC05/queries-slc19.md;05-contracts/openapi-readiness-slc19.md;08-security/policies-slc19.md;13-verification/tooling/slice-sources.md;15-traceability/trace-slc19.md"
"QRY-EXT-RESOLVE","5","yes","03-domain/contexts/BC02/queries-slc02.md;05-contracts/openapi-information-slc02.md;08-security/policies-slc02.md;13-verification/tooling/slice-sources.md;15-traceability/trace-slc02.md"
"QRY-FND-LIST","5","yes","03-domain/contexts/BC03/queries-slc07.md;05-contracts/openapi-intelligence-slc07.md;08-security/policies-slc07.md;13-verification/tooling/slice-sources.md;15-traceability/trace-slc07.md"
"QRY-GRAPH-NEIGHBORHOOD","5","yes","03-domain/contexts/BC07/queries-slc05.md;05-contracts/openapi-discovery-slc05.md;08-security/policies-slc05.md;13-verification/tooling/slice-sources.md;15-traceability/trace-slc05.md"
"QRY-GRAPH-PATHS","5","yes","03-domain/contexts/BC07/queries-slc05.md;05-contracts/openapi-discovery-slc05.md;08-security/policies-slc05.md;13-verification/tooling/slice-sources.md;15-traceability/trace-slc05.md"
"QRY-HRS-QUEUE","5","yes","03-domain/contexts/BC01/queries-slc16.md;05-contracts/openapi-foundation-slc16.md;08-security/policies-slc16.md;13-verification/tooling/slice-sources.md;15-traceability/trace-slc16.md"
"QRY-IMP-GET","5","yes","03-domain/contexts/BC02/queries-slc02.md;05-contracts/openapi-information-slc02.md;08-security/policies-slc02.md;13-verification/tooling/slice-sources.md;15-traceability/trace-slc02.md"
"QRY-INC-GET","5","yes","03-domain/contexts/BC04/queries-slc17.md;05-contracts/openapi-operations-slc17.md;08-security/policies-slc17.md;13-verification/tooling/slice-sources.md;15-traceability/trace-slc17.md"
"QRY-INC-LIST","5","yes","03-domain/contexts/BC04/queries-slc17.md;05-contracts/openapi-operations-slc17.md;08-security/policies-slc17.md;13-verification/tooling/slice-sources.md;15-traceability/trace-slc17.md"
"QRY-INC-RECOVERY-STATUS","7","yes","03-domain/contexts/BC04/queries-slc17.md;03-domain/contexts/BC04/risk-contingency-spec.md;05-contracts/openapi-operations-slc17.md;08-security/policies-slc17.md;09-reliability/fmea-slc17.md;13-verification/tooling/slice-sources.md;15-traceability/trace-slc17.md"
"QRY-KNO-SEARCH","5","yes","03-domain/contexts/BC06/queries-slc12.md;05-contracts/openapi-knowledge-slc12.md;08-security/policies-slc12.md;13-verification/tooling/slice-sources.md;15-traceability/trace-slc12.md"
"QRY-KNO-SUGGEST","5","yes","03-domain/contexts/BC06/queries-slc12.md;05-contracts/openapi-knowledge-slc12.md;08-security/policies-slc12.md;13-verification/tooling/slice-sources.md;15-traceability/trace-slc12.md"
"QRY-LABEL-CHECK","3","no","05-contracts/openapi-discovery-slc05.md;08-security/policies-slc05.md;13-verification/tooling/slice-sources.md"
"QRY-LGR-GET","5","yes","03-domain/contexts/BC05/queries-slc18.md;05-contracts/openapi-readiness-slc18.md;08-security/policies-slc18.md;13-verification/tooling/slice-sources.md;15-traceability/trace-slc18.md"
"QRY-LGR-LIST","5","yes","03-domain/contexts/BC05/queries-slc18.md;05-contracts/openapi-readiness-slc18.md;08-security/policies-slc18.md;13-verification/tooling/slice-sources.md;15-traceability/trace-slc18.md"
"QRY-LHD-CHECK","5","yes","03-domain/contexts/BC08/queries-slc12a.md;05-contracts/openapi-governance-slc12a.md;08-security/policies-slc12a.md;13-verification/tooling/slice-sources.md;15-traceability/trace-slc12a.md"
"QRY-LHD-LIST","5","yes","03-domain/contexts/BC08/queries-slc12a.md;05-contracts/openapi-governance-slc12a.md;08-security/policies-slc12a.md;13-verification/tooling/slice-sources.md;15-traceability/trace-slc12a.md"
"QRY-LIN-TRACE","5","yes","03-domain/contexts/BC02/queries-slc02.md;05-contracts/openapi-information-slc02.md;08-security/policies-slc02.md;13-verification/tooling/slice-sources.md;15-traceability/trace-slc02.md"
"QRY-MDL-LIST","5","yes","03-domain/contexts/BC07/queries-slc10.md;05-contracts/openapi-ai-slc10.md;08-security/policies-slc10.md;13-verification/tooling/slice-sources.md;15-traceability/trace-slc10.md"
"QRY-MNT-SCHEDULE","5","yes","03-domain/contexts/BC05/queries-slc09.md;05-contracts/openapi-readiness-slc09.md;08-security/policies-slc09.md;13-verification/tooling/slice-sources.md;15-traceability/trace-slc09.md"
"QRY-MRS-GET","5","yes","03-domain/contexts/BC02/queries-slc04.md;05-contracts/openapi-information-slc04.md;08-security/policies-slc04.md;13-verification/tooling/slice-sources.md;15-traceability/trace-slc04.md"
"QRY-NTF-INBOX","5","yes","03-domain/contexts/BC04/queries-slc06.md;05-contracts/openapi-operations-slc06.md;08-security/policies-slc06.md;13-verification/tooling/slice-sources.md;15-traceability/trace-slc06.md"
"QRY-OBS-GET","5","yes","03-domain/contexts/BC02/queries-slc02.md;05-contracts/openapi-information-slc02.md;08-security/policies-slc02.md;13-verification/tooling/slice-sources.md;15-traceability/trace-slc02.md"
"QRY-OBS-LIST","5","yes","03-domain/contexts/BC02/queries-slc02.md;05-contracts/openapi-information-slc02.md;08-security/policies-slc02.md;13-verification/tooling/slice-sources.md;15-traceability/trace-slc02.md"
"QRY-ORG-TREE","5","yes","03-domain/contexts/BC01/queries-slc01.md;05-contracts/openapi-foundation-slc01.md;08-security/policies-slc01.md;13-verification/tooling/slice-sources.md;15-traceability/trace-slc01.md"
"QRY-OUT-SERIES","5","yes","03-domain/contexts/BC04/queries-slc08.md;05-contracts/openapi-operations-slc08.md;08-security/policies-slc08.md;13-verification/tooling/slice-sources.md;15-traceability/trace-slc08.md"
"QRY-PDP-DECIDE","6","yes","03-domain/contexts/BC08/queries-slc01.md;05-contracts/openapi-governance-slc01.md;08-security/policies-slc01.md;13-verification/tooling/slice-sources.md;13-verification/tooling/spec-tooling.md;15-traceability/trace-slc01.md"
"QRY-PKG-GET","5","yes","03-domain/contexts/BC07/queries-slc11.md;05-contracts/openapi-field-slc11.md;08-security/policies-slc11.md;13-verification/tooling/slice-sources.md;15-traceability/trace-slc11.md"
"QRY-PLN-GET","5","yes","03-domain/contexts/BC04/queries-slc08.md;05-contracts/openapi-operations-slc08.md;08-security/policies-slc08.md;13-verification/tooling/slice-sources.md;15-traceability/trace-slc08.md"
"QRY-PLN-PROGRESS","5","yes","03-domain/contexts/BC04/queries-slc08.md;05-contracts/openapi-operations-slc08.md;08-security/policies-slc08.md;13-verification/tooling/slice-sources.md;15-traceability/trace-slc08.md"
"QRY-PLV-DIFF","7","yes","03-domain/contexts/BC04/decision-plan-spec.md;03-domain/contexts/BC04/queries-slc08.md;05-contracts/openapi-operations-slc08.md;08-security/policies-slc08.md;13-verification/acceptance/SLC-08/invariants-slc08.md;13-verification/tooling/slice-sources.md;15-traceability/trace-slc08.md"
"QRY-PLV-LIST","5","yes","03-domain/contexts/BC04/queries-slc08.md;05-contracts/openapi-operations-slc08.md;08-security/policies-slc08.md;13-verification/tooling/slice-sources.md;15-traceability/trace-slc08.md"
"QRY-POL-GET","5","yes","03-domain/contexts/BC08/queries-slc01.md;05-contracts/openapi-governance-slc01.md;08-security/policies-slc01.md;13-verification/tooling/slice-sources.md;15-traceability/trace-slc01.md"
"QRY-POL-TIMELINE","5","yes","03-domain/contexts/BC05/queries-slc09.md;05-contracts/openapi-readiness-slc09.md;08-security/policies-slc09.md;13-verification/tooling/slice-sources.md;15-traceability/trace-slc09.md"
"QRY-PRD-GET","5","yes","03-domain/contexts/BC06/queries-slc12.md;05-contracts/openapi-knowledge-slc12.md;08-security/policies-slc12.md;13-verification/tooling/slice-sources.md;15-traceability/trace-slc12.md"
"QRY-PRD-LIST","5","yes","03-domain/contexts/BC06/queries-slc12.md;05-contracts/openapi-knowledge-slc12.md;08-security/policies-slc12.md;13-verification/tooling/slice-sources.md;15-traceability/trace-slc12.md"
"QRY-PRJ-STATUS","5","yes","03-domain/contexts/BC07/queries-slc05.md;05-contracts/openapi-discovery-slc05.md;08-security/policies-slc05.md;13-verification/tooling/slice-sources.md;15-traceability/trace-slc05.md"
"QRY-QUAL-LIST","5","yes","03-domain/contexts/BC05/queries-slc03.md;05-contracts/openapi-readiness-slc03.md;08-security/policies-slc03.md;13-verification/tooling/slice-sources.md;15-traceability/trace-slc03.md"
"QRY-READINESS","5","yes","03-domain/contexts/BC05/queries-slc09.md;05-contracts/openapi-readiness-slc09.md;08-security/policies-slc09.md;13-verification/tooling/slice-sources.md;15-traceability/trace-slc09.md"
"QRY-REC-REPORT","5","yes","03-domain/contexts/BC06/queries-slc12.md;05-contracts/openapi-knowledge-slc12.md;08-security/policies-slc12.md;13-verification/tooling/slice-sources.md;15-traceability/trace-slc12.md"
"QRY-REL-LIST","5","yes","03-domain/contexts/BC02/queries-slc02.md;05-contracts/openapi-information-slc02.md;08-security/policies-slc02.md;13-verification/tooling/slice-sources.md;15-traceability/trace-slc02.md"
"QRY-RIS-GET","5","yes","03-domain/contexts/BC04/queries-slc17.md;05-contracts/openapi-operations-slc17.md;08-security/policies-slc17.md;13-verification/tooling/slice-sources.md;15-traceability/trace-slc17.md"
"QRY-RIS-REGISTER","5","yes","03-domain/contexts/BC04/queries-slc17.md;05-contracts/openapi-operations-slc17.md;08-security/policies-slc17.md;13-verification/tooling/slice-sources.md;15-traceability/trace-slc17.md"
"QRY-RTG-ACTIVE","5","yes","03-domain/contexts/BC07/queries-slc10.md;05-contracts/openapi-ai-slc10.md;08-security/policies-slc10.md;13-verification/tooling/slice-sources.md;15-traceability/trace-slc10.md"
"QRY-RTS-ACTIVE","5","yes","03-domain/contexts/BC08/queries-slc12a.md;05-contracts/openapi-governance-slc12a.md;08-security/policies-slc12a.md;13-verification/tooling/slice-sources.md;15-traceability/trace-slc12a.md"
"QRY-RUN-ARTIFACT","5","yes","03-domain/contexts/BC03/queries-slc07.md;05-contracts/openapi-intelligence-slc07.md;08-security/policies-slc07.md;13-verification/tooling/slice-sources.md;15-traceability/trace-slc07.md"
"QRY-RUN-GET","5","yes","03-domain/contexts/BC03/queries-slc07.md;05-contracts/openapi-intelligence-slc07.md;08-security/policies-slc07.md;13-verification/tooling/slice-sources.md;15-traceability/trace-slc07.md"
"QRY-RWE-GET","5","yes","03-domain/contexts/BC02/queries-slc02.md;05-contracts/openapi-information-slc02.md;08-security/policies-slc02.md;13-verification/tooling/slice-sources.md;15-traceability/trace-slc02.md"
"QRY-SCF-GET","5","yes","03-domain/contexts/BC07/queries-slc11.md;05-contracts/openapi-field-slc11.md;08-security/policies-slc11.md;13-verification/tooling/slice-sources.md;15-traceability/trace-slc11.md"
"QRY-SCF-LIST","5","yes","03-domain/contexts/BC07/queries-slc11.md;05-contracts/openapi-field-slc11.md;08-security/policies-slc11.md;13-verification/tooling/slice-sources.md;15-traceability/trace-slc11.md"
"QRY-SCN-COMPARE","5","yes","03-domain/contexts/BC03/queries-slc07.md;05-contracts/openapi-intelligence-slc07.md;08-security/policies-slc07.md;13-verification/tooling/slice-sources.md;15-traceability/trace-slc07.md"
"QRY-SCN-GET","5","yes","03-domain/contexts/BC05/queries-slc19.md;05-contracts/openapi-readiness-slc19.md;08-security/policies-slc19.md;13-verification/tooling/slice-sources.md;15-traceability/trace-slc19.md"
"QRY-SCN-LIST","5","yes","03-domain/contexts/BC05/queries-slc19.md;05-contracts/openapi-readiness-slc19.md;08-security/policies-slc19.md;13-verification/tooling/slice-sources.md;15-traceability/trace-slc19.md"
"QRY-SEC-CONTEXT","6","yes","03-domain/contexts/BC01/queries-slc01.md;05-contracts/openapi-foundation-slc01.md;08-security/policies-slc01.md;13-verification/tooling/slice-sources.md;13-verification/tooling/spec-tooling.md;15-traceability/trace-slc01.md"
"QRY-SHP-GET","5","yes","03-domain/contexts/BC05/queries-slc18.md;05-contracts/openapi-readiness-slc18.md;08-security/policies-slc18.md;13-verification/tooling/slice-sources.md;15-traceability/trace-slc18.md"
"QRY-SHP-LIST","5","yes","03-domain/contexts/BC05/queries-slc18.md;05-contracts/openapi-readiness-slc18.md;08-security/policies-slc18.md;13-verification/tooling/slice-sources.md;15-traceability/trace-slc18.md"
"QRY-SHP-TRACKING","6","yes","02-requirements/requirements.md;03-domain/contexts/BC05/queries-slc18.md;05-contracts/openapi-readiness-slc18.md;08-security/policies-slc18.md;13-verification/tooling/slice-sources.md;15-traceability/trace-slc18.md"
"QRY-SIM-GET","5","yes","03-domain/contexts/BC05/queries-slc19.md;05-contracts/openapi-readiness-slc19.md;08-security/policies-slc19.md;13-verification/tooling/slice-sources.md;15-traceability/trace-slc19.md"
"QRY-SIM-LIST","5","yes","03-domain/contexts/BC05/queries-slc19.md;05-contracts/openapi-readiness-slc19.md;08-security/policies-slc19.md;13-verification/tooling/slice-sources.md;15-traceability/trace-slc19.md"
"QRY-SIM-TIMELINE","6","yes","02-requirements/requirements.md;03-domain/contexts/BC05/queries-slc19.md;05-contracts/openapi-readiness-slc19.md;08-security/policies-slc19.md;13-verification/tooling/slice-sources.md;15-traceability/trace-slc19.md"
"QRY-SIT-CHANGES","6","yes","03-domain/contexts/BC03/queries-slc06.md;05-contracts/openapi-intelligence-slc06.md;06-data/logical-model/slc-06.md;08-security/policies-slc06.md;13-verification/tooling/slice-sources.md;15-traceability/trace-slc06.md"
"QRY-SIT-COP","5","yes","03-domain/contexts/BC03/queries-slc06.md;05-contracts/openapi-intelligence-slc06.md;08-security/policies-slc06.md;13-verification/tooling/slice-sources.md;15-traceability/trace-slc06.md"
"QRY-SIT-GET","5","yes","03-domain/contexts/BC03/queries-slc06.md;05-contracts/openapi-intelligence-slc06.md;08-security/policies-slc06.md;13-verification/tooling/slice-sources.md;15-traceability/trace-slc06.md"
"QRY-SIT-LIST","5","yes","03-domain/contexts/BC03/queries-slc06.md;05-contracts/openapi-intelligence-slc06.md;08-security/policies-slc06.md;13-verification/tooling/slice-sources.md;15-traceability/trace-slc06.md"
"QRY-SIT-TILE","5","yes","03-domain/contexts/BC03/queries-slc06.md;05-contracts/openapi-intelligence-slc06.md;08-security/policies-slc06.md;13-verification/tooling/slice-sources.md;15-traceability/trace-slc06.md"
"QRY-SNS-LIST","5","yes","03-domain/contexts/BC07/queries-slc16.md;05-contracts/openapi-integration-slc16.md;08-security/policies-slc16.md;13-verification/tooling/slice-sources.md;15-traceability/trace-slc16.md"
"QRY-SRC-GET","5","yes","03-domain/contexts/BC02/queries-slc02.md;05-contracts/openapi-information-slc02.md;08-security/policies-slc02.md;13-verification/tooling/slice-sources.md;15-traceability/trace-slc02.md"
"QRY-SRCH-QUERY","5","yes","03-domain/contexts/BC07/queries-slc05.md;05-contracts/openapi-discovery-slc05.md;08-security/policies-slc05.md;13-verification/tooling/slice-sources.md;15-traceability/trace-slc05.md"
"QRY-SRCH-SUGGEST","5","yes","03-domain/contexts/BC07/queries-slc05.md;05-contracts/openapi-discovery-slc05.md;08-security/policies-slc05.md;13-verification/tooling/slice-sources.md;15-traceability/trace-slc05.md"
"QRY-SYN-DELTA","5","yes","03-domain/contexts/BC07/queries-slc11.md;05-contracts/openapi-field-slc11.md;08-security/policies-slc11.md;13-verification/tooling/slice-sources.md;15-traceability/trace-slc11.md"
"QRY-TASK-GET","5","yes","03-domain/contexts/BC04/queries-slc03.md;05-contracts/openapi-operations-slc03.md;08-security/policies-slc03.md;13-verification/tooling/slice-sources.md;15-traceability/trace-slc03.md"
"QRY-TASK-HISTORY","6","yes","03-domain/contexts/BC04/queries-slc03.md;05-contracts/openapi-operations-slc03.md;06-data/logical-model/slc-03.md;08-security/policies-slc03.md;13-verification/tooling/slice-sources.md;15-traceability/trace-slc03.md"
"QRY-TASK-LIST","5","yes","03-domain/contexts/BC04/queries-slc03.md;05-contracts/openapi-operations-slc03.md;08-security/policies-slc03.md;13-verification/tooling/slice-sources.md;15-traceability/trace-slc03.md"
"QRY-TEN-GET","5","yes","03-domain/contexts/BC01/queries-slc01.md;05-contracts/openapi-foundation-slc01.md;08-security/policies-slc01.md;13-verification/tooling/slice-sources.md;15-traceability/trace-slc01.md"
"QRY-TOL-LIST","5","yes","03-domain/contexts/BC07/queries-slc10.md;05-contracts/openapi-ai-slc10.md;08-security/policies-slc10.md;13-verification/tooling/slice-sources.md;15-traceability/trace-slc10.md"
"QRY-TTY-GET","5","yes","03-domain/contexts/BC04/queries-slc03.md;05-contracts/openapi-operations-slc03.md;08-security/policies-slc03.md;13-verification/tooling/slice-sources.md;15-traceability/trace-slc03.md"
"QRY-USR-GET","5","yes","03-domain/contexts/BC01/queries-slc01.md;05-contracts/openapi-foundation-slc01.md;08-security/policies-slc01.md;13-verification/tooling/slice-sources.md;15-traceability/trace-slc01.md"
"QRY-USR-LIST","5","yes","03-domain/contexts/BC01/queries-slc01.md;05-contracts/openapi-foundation-slc01.md;08-security/policies-slc01.md;13-verification/tooling/slice-sources.md;15-traceability/trace-slc01.md"
"QUALITY-MATRIX","2","yes","15-traceability/quality-verification-matrix.md;16-reports/IMPLEMENTATION-READINESS-R1.md"
"QUALITY-REPORT.","2","no","16-reports/SESSION-W2.md;16-reports/gate-reports/GATE-STATUS-W2.md"
"QUALITY-REPORT-R2.","1","no","16-reports/SESSION-W2-R2.md"
"RD-ALERT-RULE-TYPES","4","yes","03-domain/contexts/BC03/commands-slc06.md;03-domain/contexts/BC03/aggregates/AGG-ALERT-RULE.md;04-information/reference-data.md;13-verification/tooling/slice-sources.md"
"RD-ASSET-TYPES","6","no","01-business/release-2-scope.md;03-domain/contexts/BC04/risk-contingency-spec.md;03-domain/contexts/BC05/commands-slc09.md;03-domain/contexts/BC05/logistics-spec.md;03-domain/contexts/BC05/aggregates/AGG-ASSET.md;13-verification/tooling/slice-sources.md"
"RD-CLASSIFICATION","1","yes","04-information/reference-data.md"
"RD-COLLECTION-METHODS","3","no","03-domain/contexts/BC02/commands-slc14.md;03-domain/contexts/BC02/aggregates/AGG-COLLECTION-PLAN.md;13-verification/tooling/slice-sources.md"
"RD-COMPETENCIES","11","yes","03-domain/contexts/BC04/commands-slc03.md;03-domain/contexts/BC04/aggregates/AGG-TASK-TYPE.md;03-domain/contexts/BC05/commands-slc03.md;03-domain/contexts/BC05/commands-slc09.md;03-domain/contexts/BC05/commands-slc19.md;03-domain/contexts/BC05/aggregates/AGG-QUALIFICATION-RECORD.md;03-domain/contexts/BC05/aggregates/AGG-ROLE-REQUIREMENT.md;03-domain/contexts/BC05/aggregates/AGG-SCENARIO.md;03-domain/contexts/BC05/aggregates/AGG-SIMULATION.md;04-information/reference-data.md;13-verification/tooling/slice-sources.md"
"RD-CONDITION-GRADES","3","no","03-domain/contexts/BC05/commands-slc09.md;03-domain/contexts/BC05/aggregates/AGG-ASSET.md;13-verification/tooling/slice-sources.md"
"RD-CONFLICT-RULES","3","yes","03-domain/contexts/BC02/conflict-detection-engine.md;04-information/conflict-model.md;04-information/reference-data.md"
"RD-CRS","1","yes","04-information/reference-data.md"
"RD-DECISION-TYPES","4","yes","03-domain/contexts/BC04/commands-slc08.md;03-domain/contexts/BC04/aggregates/AGG-DECISION-REQUEST.md;04-information/reference-data.md;13-verification/tooling/slice-sources.md"
"RD-ENTITY-TYPES","4","yes","03-domain/contexts/BC02/commands-slc02.md;03-domain/contexts/BC02/aggregates/AGG-ENTITY.md;04-information/reference-data.md;13-verification/tooling/slice-sources.md"
"RD-ESTIMATIVE-PROBABILITY","6","yes","03-domain/contexts/BC03/analysis-reproducibility-spec.md;03-domain/contexts/BC03/commands-slc07.md;03-domain/contexts/BC03/aggregates/AGG-ASSESSMENT.md;04-information/confidence-model.md;04-information/reference-data.md;13-verification/tooling/slice-sources.md"
"RD-EVENT-TYPES","4","yes","03-domain/contexts/BC02/commands-slc02.md;03-domain/contexts/BC02/aggregates/AGG-REALWORLD-EVENT.md;04-information/reference-data.md;13-verification/tooling/slice-sources.md"
"RD-EVIDENCE-TYPES","4","yes","03-domain/contexts/BC02/commands-slc02.md;03-domain/contexts/BC02/aggregates/AGG-EVIDENCE.md;04-information/reference-data.md;13-verification/tooling/slice-sources.md"
"RD-EXERCISE-TYPES","3","no","03-domain/contexts/BC05/commands-slc19.md;03-domain/contexts/BC05/aggregates/AGG-SCENARIO.md;13-verification/tooling/slice-sources.md"
"RD-HAZARD-CATEGORIES","8","no","02-requirements/requirements.md;03-domain/contexts/BC04/commands-slc17.md;03-domain/contexts/BC04/risk-contingency-spec.md;03-domain/contexts/BC04/aggregates/AGG-INCIDENT.md;03-domain/contexts/BC04/aggregates/AGG-RISK.md;13-verification/tooling/slice-sources.md;14-slices/SLC-17/readiness.md;16-reports/SESSION-W4-W7-SLC17.md"
"RD-INFO-CREDIBILITY","1","yes","04-information/reference-data.md"
"RD-LANGUAGES","1","yes","04-information/reference-data.md"
"RD-LOGISTICS-ITEM-TYPES","7","no","02-requirements/requirements.md;03-domain/contexts/BC05/commands-slc18.md;03-domain/contexts/BC05/logistics-spec.md;03-domain/contexts/BC05/aggregates/AGG-LOGISTICS-REQUEST.md;06-data/logical-model/slc-18.md;13-verification/tooling/slice-sources.md;14-slices/SLC-18/readiness.md"
"RD-OBJECT-TYPES","2","yes","04-information/object-envelope.md;04-information/reference-data.md"
"RD-PREDICATES","7","yes","03-domain/contexts/BC02/claims-temporal-kernel.md;03-domain/contexts/BC02/commands-slc02.md;03-domain/contexts/BC02/aggregates/AGG-CLAIM.md;04-information/claim-evidence-model.md;04-information/reference-data.md;07-quality/workloads-slc02.md;13-verification/tooling/slice-sources.md"
"RD-RECORD-CLASSES","5","yes","03-domain/contexts/BC08/commands-slc12a.md;03-domain/contexts/BC08/aggregates/AGG-RETENTION-SCHEDULE.md;04-information/reference-data.md;13-verification/acceptance/SLC-12a/invariants-slc12a.md;13-verification/tooling/slice-sources.md"
"RD-RELATIONSHIP-TYPES","4","yes","03-domain/contexts/BC02/commands-slc02.md;03-domain/contexts/BC02/aggregates/AGG-RELATIONSHIP.md;04-information/reference-data.md;13-verification/tooling/slice-sources.md"
"RD-RESOURCE-TYPES","5","no","03-domain/contexts/BC04/risk-contingency-spec.md;03-domain/contexts/BC05/commands-slc09.md;03-domain/contexts/BC05/logistics-spec.md;03-domain/contexts/BC05/aggregates/AGG-RESOURCE-POOL.md;13-verification/tooling/slice-sources.md"
"RD-SOURCE-RELIABILITY","2","yes","04-information/claim-evidence-model.md;04-information/reference-data.md"
"RD-SOURCE-TYPES","4","yes","03-domain/contexts/BC02/commands-slc02.md;03-domain/contexts/BC02/aggregates/AGG-SOURCE.md;04-information/reference-data.md;13-verification/tooling/slice-sources.md"
"RD-TASK-TYPES","1","yes","04-information/reference-data.md"
"RD-UNITS","1","yes","04-information/reference-data.md"
"REG-ASM","1","yes","00-governance/registers/assumptions.md"
"REG-CR","1","yes","00-governance/registers/corrections.md"
"REG-DEBT","1","yes","00-governance/registers/technical-debt.md"
"REG-DEP","1","yes","00-governance/registers/dependencies.md"
"REG-HAP","1","yes","00-governance/registers/human-approvals.md"
"REG-OQ","1","yes","00-governance/registers/open-questions.md"
"REG-RSK","1","yes","00-governance/registers/risks.md"
"REG-UNK","1","yes","00-governance/registers/unknowns.md"
"RELEASE-CONFIG-MIGRATION","3","yes","12-solution/release-configuration-migration.md;15-traceability/trace-platform.md;16-reports/IMPLEMENTATION-READINESS-R1.md"
"REPORT-R1","1","no","16-reports/IMPLEMENTATION-READINESS-R1.md"
"REPORT-R1.","1","no","16-reports/SESSION-W9.md"
"REPORT-R2.","1","no","16-reports/SESSION-R2-BASELINE.md"
"REQ-AI-001","12","yes","02-requirements/quality-scenarios.md;02-requirements/requirements.md;02-requirements/use-cases.md;03-domain/contexts/BC07/grounded-ai-spec.md;03-domain/contexts/BC07/queries-slc10.md;03-domain/contexts/BC07/aggregates/AGG-AI-REQUEST.md;05-contracts/openapi-ai-slc10.md;13-verification/acceptance/SLC-10/ai-request-state-machine.md;13-verification/acceptance/SLC-10/invariants-slc10.md;13-verification/tooling/slice-sources.md;15-traceability/rtm-r2.md;15-traceability/trace-slc10.md"
"REQ-AI-002","12","yes","02-requirements/quality-scenarios.md;02-requirements/requirements.md;02-requirements/use-cases.md;03-domain/contexts/BC07/grounded-ai-spec.md;03-domain/contexts/BC07/queries-slc10.md;03-domain/contexts/BC07/aggregates/AGG-AI-REQUEST.md;05-contracts/openapi-ai-slc10.md;13-verification/acceptance/SLC-10/ai-request-state-machine.md;13-verification/acceptance/SLC-10/invariants-slc10.md;13-verification/tooling/slice-sources.md;15-traceability/rtm-r2.md;15-traceability/trace-slc10.md"
"REQ-AI-003","10","yes","02-requirements/quality-scenarios.md;02-requirements/requirements.md;02-requirements/use-cases.md;03-domain/contexts/BC07/grounded-ai-spec.md;03-domain/contexts/BC07/aggregates/AGG-AI-REQUEST.md;13-verification/acceptance/SLC-10/ai-request-state-machine.md;13-verification/acceptance/SLC-10/invariants-slc10.md;13-verification/tooling/slice-sources.md;15-traceability/rtm-r2.md;15-traceability/trace-slc10.md"
"REQ-AI-004","10","yes","02-requirements/quality-scenarios.md;02-requirements/requirements.md;02-requirements/use-cases.md;03-domain/contexts/BC07/grounded-ai-spec.md;03-domain/contexts/BC07/aggregates/AGG-AI-REQUEST.md;13-verification/acceptance/SLC-10/ai-request-state-machine.md;13-verification/acceptance/SLC-10/invariants-slc10.md;13-verification/tooling/slice-sources.md;15-traceability/rtm-r2.md;15-traceability/trace-slc10.md"
"REQ-AI-005","13","yes","02-requirements/requirements.md;02-requirements/use-cases.md;03-domain/contexts/BC06/commands-slc12.md;03-domain/contexts/BC06/aggregates/AGG-PRODUCT.md;03-domain/contexts/BC07/grounded-ai-spec.md;03-domain/contexts/BC07/queries-slc10.md;03-domain/contexts/BC07/aggregates/AGG-AI-RESULT.md;05-contracts/openapi-ai-slc10.md;13-verification/acceptance/SLC-10/ai-result-state-machine.md;13-verification/acceptance/SLC-10/invariants-slc10.md;13-verification/tooling/slice-sources.md;15-traceability/rtm-r2.md;15-traceability/trace-slc10.md"
"REQ-AI-006","9","yes","02-requirements/requirements.md;02-requirements/use-cases.md;03-domain/contexts/BC07/grounded-ai-spec.md;03-domain/contexts/BC07/aggregates/AGG-AI-RESULT.md;13-verification/acceptance/SLC-10/ai-result-state-machine.md;13-verification/acceptance/SLC-10/invariants-slc10.md;13-verification/tooling/slice-sources.md;15-traceability/rtm-r2.md;15-traceability/trace-slc10.md"
"REQ-AI-007","9","yes","02-requirements/requirements.md;02-requirements/use-cases.md;03-domain/contexts/BC07/grounded-ai-spec.md;03-domain/contexts/BC07/aggregates/AGG-AI-REQUEST.md;13-verification/acceptance/SLC-10/ai-request-state-machine.md;13-verification/acceptance/SLC-10/invariants-slc10.md;13-verification/tooling/slice-sources.md;15-traceability/rtm-r2.md;15-traceability/trace-slc10.md"
"REQ-AI-008","15","yes","02-requirements/requirements.md;02-requirements/use-cases.md;03-domain/contexts/BC07/grounded-ai-spec.md;03-domain/contexts/BC07/queries-slc10.md;03-domain/contexts/BC07/aggregates/AGG-AI-REQUEST.md;03-domain/contexts/BC07/aggregates/AGG-AI-RESULT.md;03-domain/contexts/BC07/aggregates/AGG-AI-ROUTING.md;05-contracts/openapi-ai-slc10.md;13-verification/acceptance/SLC-10/ai-request-state-machine.md;13-verification/acceptance/SLC-10/ai-result-state-machine.md;13-verification/acceptance/SLC-10/ai-routing-state-machine.md;13-verification/acceptance/SLC-10/invariants-slc10.md;13-verification/tooling/slice-sources.md;15-traceability/rtm-r2.md;15-traceability/trace-slc10.md"
"REQ-AI-009","9","yes","02-requirements/requirements.md;03-domain/contexts/BC07/queries-slc10.md;03-domain/contexts/BC07/aggregates/AGG-MODEL-VERSION.md;05-contracts/openapi-ai-slc10.md;13-verification/acceptance/SLC-10/invariants-slc10.md;13-verification/acceptance/SLC-10/model-version-state-machine.md;13-verification/tooling/slice-sources.md;15-traceability/rtm-r2.md;15-traceability/trace-slc10.md"
"REQ-AI-010","10","yes","02-requirements/requirements.md;03-domain/contexts/BC07/commands-slc10.md;03-domain/contexts/BC07/aggregates/AGG-EVAL-SUITE.md;03-domain/contexts/BC07/aggregates/AGG-MODEL-VERSION.md;13-verification/acceptance/SLC-10/eval-suite-state-machine.md;13-verification/acceptance/SLC-10/invariants-slc10.md;13-verification/acceptance/SLC-10/model-version-state-machine.md;13-verification/tooling/slice-sources.md;15-traceability/rtm-r2.md;15-traceability/trace-slc10.md"
"REQ-AI-011","10","yes","02-requirements/requirements.md;03-domain/contexts/BC07/grounded-ai-spec.md;03-domain/contexts/BC07/aggregates/AGG-AI-REQUEST.md;03-domain/contexts/BC07/aggregates/AGG-AI-ROUTING.md;13-verification/acceptance/SLC-10/ai-request-state-machine.md;13-verification/acceptance/SLC-10/ai-routing-state-machine.md;13-verification/acceptance/SLC-10/invariants-slc10.md;13-verification/tooling/slice-sources.md;15-traceability/rtm-r2.md;15-traceability/trace-slc10.md"
"REQ-AI-012","11","yes","02-requirements/requirements.md;02-requirements/use-cases.md;03-domain/contexts/BC07/grounded-ai-spec.md;03-domain/contexts/BC07/aggregates/AGG-AI-REQUEST.md;03-domain/contexts/BC07/aggregates/AGG-AI-TOOL.md;13-verification/acceptance/SLC-10/ai-request-state-machine.md;13-verification/acceptance/SLC-10/ai-tool-state-machine.md;13-verification/acceptance/SLC-10/invariants-slc10.md;13-verification/tooling/slice-sources.md;15-traceability/rtm-r2.md;15-traceability/trace-slc10.md"
"REQ-AI-013","10","yes","02-requirements/requirements.md;03-domain/contexts/BC07/queries-slc10.md;03-domain/contexts/BC07/aggregates/AGG-AI-TOOL.md;05-contracts/openapi-ai-slc10.md;13-verification/acceptance/SLC-10/ai-tool-state-machine.md;13-verification/acceptance/SLC-10/invariants-slc10.md;13-verification/tooling/slice-sources.md;15-traceability/rtm-r2.md;15-traceability/trace-slc10.md;16-reports/REQUIREMENTS-QUALITY-REPORT-R2.md"
"REQ-AI-014","6","yes","02-requirements/requirements.md;02-requirements/use-cases.md;03-domain/contexts/BC07/grounded-ai-spec.md;13-verification/acceptance/SLC-10/invariants-slc10.md;15-traceability/rtm-r2.md;15-traceability/trace-slc10.md"
"REQ-ANL-001","12","yes","02-requirements/requirements.md;02-requirements/use-cases.md;03-domain/contexts/BC03/analysis-reproducibility-spec.md;03-domain/contexts/BC03/commands-slc07.md;03-domain/contexts/BC03/queries-slc07.md;03-domain/contexts/BC03/aggregates/AGG-ANALYSIS-CASE.md;05-contracts/openapi-intelligence-slc07.md;13-verification/acceptance/SLC-07/analysis-case-state-machine.md;13-verification/acceptance/SLC-07/invariants-slc07.md;13-verification/tooling/slice-sources.md;15-traceability/rtm-r1.md;15-traceability/trace-slc07.md"
"REQ-ANL-002","14","yes","02-requirements/requirements.md;02-requirements/use-cases.md;03-domain/contexts/BC03/analysis-reproducibility-spec.md;03-domain/contexts/BC03/queries-slc07.md;03-domain/contexts/BC03/aggregates/AGG-ANALYSIS-METHOD.md;03-domain/contexts/BC03/aggregates/AGG-ANALYSIS-RUN.md;04-information/provenance-lineage.md;05-contracts/openapi-intelligence-slc07.md;13-verification/acceptance/SLC-07/analysis-method-state-machine.md;13-verification/acceptance/SLC-07/analysis-run-state-machine.md;13-verification/acceptance/SLC-07/invariants-slc07.md;13-verification/tooling/slice-sources.md;15-traceability/rtm-r1.md;15-traceability/trace-slc07.md"
"REQ-ANL-003","11","yes","02-requirements/requirements.md;02-requirements/use-cases.md;03-domain/contexts/BC03/analysis-reproducibility-spec.md;03-domain/contexts/BC03/aggregates/AGG-ANALYSIS-METHOD.md;03-domain/contexts/BC03/aggregates/AGG-ANALYSIS-RUN.md;13-verification/acceptance/SLC-07/analysis-method-state-machine.md;13-verification/acceptance/SLC-07/analysis-run-state-machine.md;13-verification/acceptance/SLC-07/invariants-slc07.md;13-verification/tooling/slice-sources.md;15-traceability/rtm-r1.md;15-traceability/trace-slc07.md"
"REQ-ANL-004","9","yes","02-requirements/requirements.md;02-requirements/use-cases.md;03-domain/contexts/BC03/analysis-reproducibility-spec.md;03-domain/contexts/BC03/aggregates/AGG-ANALYSIS-RUN.md;13-verification/acceptance/SLC-07/analysis-run-state-machine.md;13-verification/acceptance/SLC-07/invariants-slc07.md;13-verification/tooling/slice-sources.md;15-traceability/rtm-r1.md;15-traceability/trace-slc07.md"
"REQ-ANL-005","15","yes","02-requirements/requirements.md;02-requirements/use-cases.md;03-domain/contexts/BC03/analysis-reproducibility-spec.md;03-domain/contexts/BC03/commands-slc07.md;03-domain/contexts/BC03/queries-slc07.md;03-domain/contexts/BC03/aggregates/AGG-ASSESSMENT.md;03-domain/contexts/BC03/aggregates/AGG-FINDING.md;05-contracts/openapi-intelligence-slc07.md;13-verification/acceptance/SLC-07/assessment-state-machine.md;13-verification/acceptance/SLC-07/finding-state-machine.md;13-verification/acceptance/SLC-07/invariants-slc07.md;13-verification/tooling/slice-sources.md;15-traceability/rtm-r1.md;15-traceability/trace-slc07.md;16-reports/REQUIREMENTS-QUALITY-REPORT.md"
"REQ-ANL-006","11","yes","02-requirements/requirements.md;02-requirements/use-cases.md;03-domain/contexts/BC03/analysis-reproducibility-spec.md;03-domain/contexts/BC03/queries-slc07.md;03-domain/contexts/BC03/aggregates/AGG-ASSESSMENT.md;05-contracts/openapi-intelligence-slc07.md;13-verification/acceptance/SLC-07/assessment-state-machine.md;13-verification/acceptance/SLC-07/invariants-slc07.md;13-verification/tooling/slice-sources.md;15-traceability/rtm-r1.md;15-traceability/trace-slc07.md"
"REQ-ANL-007","12","yes","02-requirements/requirements.md;02-requirements/use-cases.md;03-domain/contexts/BC03/analysis-reproducibility-spec.md;03-domain/contexts/BC03/commands-slc07.md;03-domain/contexts/BC03/queries-slc07.md;03-domain/contexts/BC03/aggregates/AGG-ANALYSIS-CASE.md;05-contracts/openapi-intelligence-slc07.md;13-verification/acceptance/SLC-07/analysis-case-state-machine.md;13-verification/acceptance/SLC-07/invariants-slc07.md;13-verification/tooling/slice-sources.md;15-traceability/rtm-r1.md;15-traceability/trace-slc07.md"
"REQ-ANL-008","11","yes","01-business/business-rules.md;02-requirements/requirements.md;03-domain/contexts/BC03/analysis-reproducibility-spec.md;03-domain/contexts/BC03/queries-slc07.md;03-domain/contexts/BC03/aggregates/AGG-ASSESSMENT.md;05-contracts/openapi-intelligence-slc07.md;13-verification/acceptance/SLC-07/assessment-state-machine.md;13-verification/acceptance/SLC-07/invariants-slc07.md;13-verification/tooling/slice-sources.md;15-traceability/rtm-r1.md;15-traceability/trace-slc07.md"
"REQ-ARC-001","9","yes","02-requirements/requirements.md;02-requirements/use-cases.md;03-domain/contexts/BC06/products-knowledge-archive-spec.md;03-domain/contexts/BC06/aggregates/AGG-ARCHIVE-PACKAGE.md;13-verification/acceptance/SLC-12/archive-package-state-machine.md;13-verification/acceptance/SLC-12/invariants-slc12.md;13-verification/tooling/slice-sources.md;15-traceability/rtm-r2.md;15-traceability/trace-slc12.md"
"REQ-ARC-001..003","2","no","03-domain/contexts/BC06/products-knowledge-archive-spec.md;13-verification/acceptance/SLC-12/invariants-slc12.md"
"REQ-ARC-002","10","yes","02-requirements/quality-scenarios.md;02-requirements/requirements.md;02-requirements/use-cases.md;03-domain/contexts/BC06/products-knowledge-archive-spec.md;03-domain/contexts/BC06/aggregates/AGG-ARCHIVE-PACKAGE.md;13-verification/acceptance/SLC-12/archive-package-state-machine.md;13-verification/acceptance/SLC-12/invariants-slc12.md;13-verification/tooling/slice-sources.md;15-traceability/rtm-r2.md;15-traceability/trace-slc12.md"
"REQ-ARC-003","13","yes","02-requirements/quality-scenarios.md;02-requirements/requirements.md;02-requirements/use-cases.md;03-domain/contexts/BC06/products-knowledge-archive-spec.md;03-domain/contexts/BC06/queries-slc12.md;03-domain/contexts/BC06/aggregates/AGG-ARCHIVE-PACKAGE.md;05-contracts/openapi-knowledge-slc12.md;06-data/logical-model/slc-12.md;13-verification/acceptance/SLC-12/archive-package-state-machine.md;13-verification/acceptance/SLC-12/invariants-slc12.md;13-verification/tooling/slice-sources.md;15-traceability/rtm-r2.md;15-traceability/trace-slc12.md"
"REQ-ARC-004","12","yes","02-requirements/quality-scenarios.md;02-requirements/requirements.md;02-requirements/use-cases.md;03-domain/contexts/BC06/products-knowledge-archive-spec.md;03-domain/contexts/BC06/queries-slc12.md;03-domain/contexts/BC06/aggregates/AGG-RECONSTRUCTION.md;05-contracts/openapi-knowledge-slc12.md;13-verification/acceptance/SLC-12/invariants-slc12.md;13-verification/acceptance/SLC-12/reconstruction-state-machine.md;13-verification/tooling/slice-sources.md;15-traceability/rtm-r2.md;15-traceability/trace-slc12.md"
"REQ-BASELINE","1","yes","02-requirements/requirements.md"
"REQ-COL-001","12","yes","02-requirements/requirements.md;02-requirements/use-cases.md;03-domain/contexts/BC02/collection-spec.md;03-domain/contexts/BC02/commands-slc14.md;03-domain/contexts/BC02/queries-slc14.md;03-domain/contexts/BC02/aggregates/AGG-COLLECTION-REQUIREMENT.md;05-contracts/openapi-information-slc14.md;13-verification/acceptance/SLC-14/collection-requirement-state-machine.md;13-verification/acceptance/SLC-14/invariants-slc14.md;13-verification/tooling/slice-sources.md;15-traceability/rtm-r2.md;15-traceability/trace-slc14.md"
"REQ-COL-002","11","yes","02-requirements/requirements.md;02-requirements/use-cases.md;03-domain/contexts/BC02/collection-spec.md;03-domain/contexts/BC02/queries-slc14.md;03-domain/contexts/BC02/aggregates/AGG-COLLECTION-PLAN.md;05-contracts/openapi-information-slc14.md;13-verification/acceptance/SLC-14/collection-plan-state-machine.md;13-verification/acceptance/SLC-14/invariants-slc14.md;13-verification/tooling/slice-sources.md;15-traceability/rtm-r2.md;15-traceability/trace-slc14.md"
"REQ-COL-003","12","yes","02-requirements/quality-scenarios.md;02-requirements/requirements.md;02-requirements/use-cases.md;03-domain/contexts/BC02/collection-spec.md;03-domain/contexts/BC02/queries-slc14.md;03-domain/contexts/BC02/aggregates/AGG-COLLECTION-REQUIREMENT.md;05-contracts/openapi-information-slc14.md;13-verification/acceptance/SLC-14/collection-requirement-state-machine.md;13-verification/acceptance/SLC-14/invariants-slc14.md;13-verification/tooling/slice-sources.md;15-traceability/rtm-r2.md;15-traceability/trace-slc14.md"
"REQ-COM-001","14","yes","02-requirements/requirements.md;02-requirements/use-cases.md;03-domain/contexts/BC03/situation-alerting-spec.md;03-domain/contexts/BC04/queries-slc06.md;03-domain/contexts/BC04/aggregates/AGG-NOTIFICATION.md;03-domain/contexts/BC04/aggregates/AGG-SUBSCRIPTION.md;05-contracts/openapi-operations-slc06.md;07-quality/workloads-slc06.md;13-verification/acceptance/SLC-06/invariants-slc06.md;13-verification/acceptance/SLC-06/notification-state-machine.md;13-verification/acceptance/SLC-06/subscription-state-machine.md;13-verification/tooling/slice-sources.md;15-traceability/rtm-r1.md;15-traceability/trace-slc06.md"
"REQ-COM-002","11","yes","02-requirements/requirements.md;02-requirements/use-cases.md;03-domain/contexts/BC03/situation-alerting-spec.md;03-domain/contexts/BC04/aggregates/AGG-NOTIFICATION.md;13-verification/acceptance/SLC-06/invariants-slc06.md;13-verification/acceptance/SLC-06/notification-state-machine.md;13-verification/tooling/slice-sources.md;15-traceability/rtm-r1.md;15-traceability/trace-slc06.md;16-reports/REQUIREMENTS-QUALITY-REPORT.md;16-reports/SESSION-W2.md"
"REQ-CRD-001","11","yes","02-requirements/requirements.md;02-requirements/use-cases.md;03-domain/contexts/BC02/correlation-fusion-spec.md;03-domain/contexts/BC04/queries-slc15.md;03-domain/contexts/BC04/aggregates/AGG-COORDINATION-CASE.md;05-contracts/openapi-operations-slc15.md;13-verification/acceptance/SLC-15/coordination-case-state-machine.md;13-verification/acceptance/SLC-15/invariants-slc15.md;13-verification/tooling/slice-sources.md;15-traceability/rtm-r2.md;15-traceability/trace-slc15.md"
"REQ-CRD-002","9","yes","02-requirements/requirements.md;02-requirements/use-cases.md;03-domain/contexts/BC02/correlation-fusion-spec.md;03-domain/contexts/BC04/aggregates/AGG-COORDINATION-CASE.md;13-verification/acceptance/SLC-15/coordination-case-state-machine.md;13-verification/acceptance/SLC-15/invariants-slc15.md;13-verification/tooling/slice-sources.md;15-traceability/rtm-r2.md;15-traceability/trace-slc15.md"
"REQ-DEC-001","13","yes","02-requirements/requirements.md;02-requirements/use-cases.md;03-domain/ownership.md;03-domain/contexts/BC04/commands-slc08.md;03-domain/contexts/BC04/decision-plan-spec.md;03-domain/contexts/BC04/queries-slc08.md;03-domain/contexts/BC04/aggregates/AGG-DECISION-REQUEST.md;05-contracts/openapi-operations-slc08.md;13-verification/acceptance/SLC-08/decision-request-state-machine.md;13-verification/acceptance/SLC-08/invariants-slc08.md;13-verification/tooling/slice-sources.md;15-traceability/rtm-r1.md;15-traceability/trace-slc08.md"
"REQ-DEC-002","11","yes","01-business/business-rules.md;02-requirements/requirements.md;02-requirements/use-cases.md;03-domain/contexts/BC04/commands-slc08.md;03-domain/contexts/BC04/decision-plan-spec.md;03-domain/contexts/BC04/aggregates/AGG-DECISION.md;13-verification/acceptance/SLC-08/decision-state-machine.md;13-verification/acceptance/SLC-08/invariants-slc08.md;13-verification/tooling/slice-sources.md;15-traceability/rtm-r1.md;15-traceability/trace-slc08.md"
"REQ-DEC-003","13","yes","02-requirements/requirements.md;02-requirements/use-cases.md;03-domain/contexts/BC04/decision-plan-spec.md;03-domain/contexts/BC04/queries-slc08.md;03-domain/contexts/BC04/aggregates/AGG-DECISION.md;04-information/provenance-lineage.md;05-contracts/openapi-operations-slc08.md;13-verification/acceptance/SLC-08/decision-state-machine.md;13-verification/acceptance/SLC-08/invariants-slc08.md;13-verification/tooling/slice-sources.md;15-traceability/rtm-r1.md;15-traceability/trace-slc08.md;16-reports/SLC-00-WALKTHROUGH.md"
"REQ-DEC-004","9","yes","02-requirements/requirements.md;02-requirements/use-cases.md;03-domain/contexts/BC04/decision-plan-spec.md;03-domain/contexts/BC04/aggregates/AGG-DECISION.md;13-verification/acceptance/SLC-08/decision-state-machine.md;13-verification/acceptance/SLC-08/invariants-slc08.md;13-verification/tooling/slice-sources.md;15-traceability/rtm-r1.md;15-traceability/trace-slc08.md"
"REQ-FND-001","10","yes","02-requirements/requirements.md;02-requirements/use-cases.md;03-domain/contexts/BC01/queries-slc01.md;03-domain/contexts/BC01/aggregates/AGG-TENANT.md;05-contracts/openapi-foundation-slc01.md;13-verification/acceptance/SLC-01/invariants-slc01.md;13-verification/acceptance/SLC-01/tenant-state-machine.md;13-verification/tooling/slice-sources.md;15-traceability/rtm-r1.md;15-traceability/trace-slc01.md"
"REQ-FND-002","9","yes","02-requirements/requirements.md;02-requirements/use-cases.md;03-domain/contexts/BC01/queries-slc01.md;03-domain/contexts/BC01/aggregates/AGG-ORGANIZATION.md;05-contracts/openapi-foundation-slc01.md;13-verification/acceptance/SLC-01/organization-state-machine.md;13-verification/tooling/slice-sources.md;15-traceability/rtm-r1.md;15-traceability/trace-slc01.md"
"REQ-FND-003","8","yes","02-requirements/requirements.md;02-requirements/use-cases.md;03-domain/contexts/BC01/aggregates/AGG-TENANT.md;13-verification/acceptance/SLC-01/invariants-slc01.md;13-verification/acceptance/SLC-01/tenant-state-machine.md;13-verification/tooling/slice-sources.md;15-traceability/rtm-r1.md;15-traceability/trace-slc01.md"
"REQ-FND-004","8","yes","02-requirements/requirements.md;02-requirements/use-cases.md;03-domain/contexts/BC01/aggregates/AGG-TENANT.md;12-solution/cell-architecture.md;13-verification/acceptance/SLC-01/tenant-state-machine.md;13-verification/tooling/slice-sources.md;15-traceability/rtm-r1.md;15-traceability/trace-slc01.md"
"REQ-FND-005","11","yes","02-requirements/quality-scenarios.md;02-requirements/requirements.md;02-requirements/use-cases.md;03-domain/contexts/BC01/aggregates/AGG-USER.md;07-quality/workloads-slc01.md;12-solution/technology-decisions.md;13-verification/acceptance/SLC-01/user-state-machine.md;13-verification/tooling/slice-sources.md;15-traceability/quality-verification-matrix.md;15-traceability/rtm-r1.md;15-traceability/trace-slc01.md"
"REQ-FND-006","13","yes","02-requirements/requirements.md;02-requirements/use-cases.md;03-domain/contexts/BC01/queries-slc01.md;03-domain/contexts/BC01/aggregates/AGG-PERSON.md;03-domain/contexts/BC01/aggregates/AGG-SERVICE-ACCOUNT.md;03-domain/contexts/BC01/aggregates/AGG-USER.md;05-contracts/openapi-foundation-slc01.md;13-verification/acceptance/SLC-01/person-state-machine.md;13-verification/acceptance/SLC-01/service-account-state-machine.md;13-verification/acceptance/SLC-01/user-state-machine.md;13-verification/tooling/slice-sources.md;15-traceability/rtm-r1.md;15-traceability/trace-slc01.md"
"REQ-FND-007","9","yes","02-requirements/requirements.md;02-requirements/use-cases.md;03-domain/contexts/BC01/queries-slc01.md;03-domain/contexts/BC01/aggregates/AGG-AUTHORITY-GRANT.md;05-contracts/openapi-foundation-slc01.md;13-verification/acceptance/SLC-01/authority-grant-state-machine.md;13-verification/tooling/slice-sources.md;15-traceability/rtm-r1.md;15-traceability/trace-slc01.md"
"REQ-FND-008","8","yes","02-requirements/requirements.md;02-requirements/use-cases.md;03-domain/contexts/BC01/aggregates/AGG-AUTHORITY-GRANT.md;13-verification/acceptance/SLC-01/authority-grant-state-machine.md;13-verification/acceptance/SLC-01/invariants-slc01.md;13-verification/tooling/slice-sources.md;15-traceability/rtm-r1.md;15-traceability/trace-slc01.md"
"REQ-FND-009","10","yes","02-requirements/requirements.md;02-requirements/use-cases.md;03-domain/contexts/BC01/queries-slc01.md;03-domain/contexts/BC01/aggregates/AGG-AUTHORITY-GRANT.md;05-contracts/openapi-foundation-slc01.md;13-verification/acceptance/SLC-01/authority-grant-state-machine.md;13-verification/acceptance/SLC-01/invariants-slc01.md;13-verification/tooling/slice-sources.md;15-traceability/rtm-r1.md;15-traceability/trace-slc01.md"
"REQ-FND-010","16","yes","01-business/business-rules.md;02-requirements/requirements.md;03-domain/contexts/BC01/queries-slc01.md;03-domain/contexts/BC01/security-context.md;03-domain/contexts/BC07/discovery-architecture.md;03-domain/contexts/BC08/queries-slc01.md;05-contracts/openapi-foundation-slc01.md;05-contracts/openapi-governance-slc01.md;08-security/authorization-model.md;13-verification/fitness-functions.md;13-verification/acceptance/SLC-01/invariants-slc01.md;13-verification/acceptance/SLC-05/invariants-slc05.md;13-verification/tooling/slice-sources.md;15-traceability/rtm-r1.md;15-traceability/trace-slc01.md;15-traceability/trace-slc05.md"
"REQ-FND-011","12","yes","00-governance/registers/corrections.md;02-requirements/requirements.md;02-requirements/use-cases.md;03-domain/contexts/BC01/security-context.md;03-domain/contexts/BC01/aggregates/AGG-ROLE-ASSIGNMENT.md;03-domain/contexts/BC08/aggregates/AGG-POLICY-SET.md;08-security/authorization-model.md;13-verification/acceptance/SLC-01/policy-set-state-machine.md;13-verification/acceptance/SLC-01/role-assignment-state-machine.md;13-verification/tooling/slice-sources.md;15-traceability/rtm-r1.md;15-traceability/trace-slc01.md"
"REQ-FND-012","8","yes","02-requirements/requirements.md;02-requirements/use-cases.md;03-domain/contexts/BC08/aggregates/AGG-POLICY-SET.md;08-security/authorization-model.md;13-verification/acceptance/SLC-01/policy-set-state-machine.md;13-verification/tooling/slice-sources.md;15-traceability/rtm-r1.md;15-traceability/trace-slc01.md"
"REQ-FND-013","7","yes","02-requirements/requirements.md;08-security/authorization-model.md;13-verification/fitness-functions.md;13-verification/acceptance/SLC-01/invariants-slc01.md;15-traceability/rtm-r1.md;15-traceability/trace-slc01.md;16-reports/CONSISTENCY-CHECK-W3.md"
"REQ-FND-014","9","yes","00-governance/registers/corrections.md;02-requirements/requirements.md;02-requirements/use-cases.md;03-domain/contexts/BC01/aggregates/AGG-ROLE.md;08-security/authorization-model.md;13-verification/acceptance/SLC-01/role-state-machine.md;13-verification/tooling/slice-sources.md;15-traceability/rtm-r1.md;15-traceability/trace-slc01.md"
"REQ-FND-015","11","yes","01-business/business-rules.md;02-requirements/requirements.md;02-requirements/use-cases.md;03-domain/contexts/BC08/queries-slc01.md;05-contracts/openapi-governance-slc01.md;08-security/audit-architecture.md;08-security/classification-scheme.md;13-verification/acceptance/SLC-01/invariants-slc01.md;13-verification/tooling/slice-sources.md;15-traceability/rtm-r1.md;15-traceability/trace-slc01.md"
"REQ-FND-016","9","yes","02-requirements/requirements.md;02-requirements/use-cases.md;03-domain/contexts/BC08/queries-slc01.md;05-contracts/openapi-governance-slc01.md;08-security/audit-architecture.md;13-verification/acceptance/SLC-01/invariants-slc01.md;13-verification/tooling/slice-sources.md;15-traceability/rtm-r1.md;15-traceability/trace-slc01.md"
"REQ-FND-017","11","yes","02-requirements/requirements.md;02-requirements/use-cases.md;03-domain/ownership.md;03-domain/contexts/BC08/queries-slc01.md;03-domain/contexts/BC08/aggregates/AGG-SECURITY-EXCEPTION.md;05-contracts/openapi-governance-slc01.md;13-verification/acceptance/SLC-01/invariants-slc01.md;13-verification/acceptance/SLC-01/security-exception-state-machine.md;13-verification/tooling/slice-sources.md;15-traceability/rtm-r1.md;15-traceability/trace-slc01.md"
"REQ-FND-018","8","yes","02-requirements/requirements.md;02-requirements/use-cases.md;03-domain/ownership.md;03-domain/contexts/BC01/aggregates/AGG-TENANT.md;13-verification/acceptance/SLC-01/tenant-state-machine.md;13-verification/tooling/slice-sources.md;15-traceability/rtm-r1.md;15-traceability/trace-slc01.md"
"REQ-FUS-001","13","yes","02-requirements/requirements.md;02-requirements/use-cases.md;03-domain/contexts/BC02/correlation-fusion-spec.md;03-domain/contexts/BC02/queries-slc15.md;03-domain/contexts/BC02/aggregates/AGG-CORRELATION-PROPOSAL.md;03-domain/contexts/BC02/aggregates/AGG-CORRELATION-RULE.md;05-contracts/openapi-information-slc15.md;13-verification/acceptance/SLC-15/correlation-proposal-state-machine.md;13-verification/acceptance/SLC-15/correlation-rule-state-machine.md;13-verification/acceptance/SLC-15/invariants-slc15.md;13-verification/tooling/slice-sources.md;15-traceability/rtm-r2.md;15-traceability/trace-slc15.md"
"REQ-FUS-002","11","yes","02-requirements/requirements.md;02-requirements/use-cases.md;03-domain/contexts/BC02/correlation-fusion-spec.md;03-domain/contexts/BC02/queries-slc15.md;03-domain/contexts/BC02/aggregates/AGG-CORRELATION-PROPOSAL.md;05-contracts/openapi-information-slc15.md;13-verification/acceptance/SLC-15/correlation-proposal-state-machine.md;13-verification/acceptance/SLC-15/invariants-slc15.md;13-verification/tooling/slice-sources.md;15-traceability/rtm-r2.md;15-traceability/trace-slc15.md"
"REQ-GOV-001","11","yes","00-governance/registers/corrections.md;02-requirements/requirements.md;02-requirements/use-cases.md;03-domain/contexts/BC08/queries-slc01.md;03-domain/contexts/BC08/aggregates/AGG-CLASSIFICATION-SCHEME.md;05-contracts/openapi-governance-slc01.md;08-security/classification-scheme.md;13-verification/acceptance/SLC-01/classification-scheme-state-machine.md;13-verification/tooling/slice-sources.md;15-traceability/rtm-r1.md;15-traceability/trace-slc01.md"
"REQ-GOV-002","8","yes","00-governance/registers/corrections.md;02-requirements/requirements.md;08-security/classification-scheme.md;08-security/label-derivation-rules.md;15-traceability/rtm-r1.md;15-traceability/trace-platform.md;16-reports/CONSISTENCY-CHECK-W3.md;16-reports/SESSION-W4-W7-SLC12a.md"
"REQ-GOV-003","12","yes","00-governance/registers/corrections.md;02-requirements/requirements.md;02-requirements/use-cases.md;03-domain/contexts/BC01/queries-slc01.md;03-domain/contexts/BC01/aggregates/AGG-CLEARANCE.md;05-contracts/openapi-foundation-slc01.md;08-security/classification-scheme.md;13-verification/acceptance/SLC-01/clearance-state-machine.md;13-verification/acceptance/SLC-01/invariants-slc01.md;13-verification/tooling/slice-sources.md;15-traceability/rtm-r1.md;15-traceability/trace-slc01.md"
"REQ-GOV-003.","1","no","00-governance/registers/corrections.md"
"REQ-GOV-004","26","yes","00-governance/decisions/ADR-P06.md;00-governance/registers/corrections.md;02-requirements/requirements.md;02-requirements/use-cases.md;03-domain/contexts/BC01/security-context.md;03-domain/contexts/BC01/aggregates/AGG-CLEARANCE.md;03-domain/contexts/BC02/commands-slc02.md;03-domain/contexts/BC02/aggregates/AGG-CLAIM.md;03-domain/contexts/BC02/aggregates/AGG-ENTITY.md;03-domain/contexts/BC02/aggregates/AGG-EVIDENCE.md;03-domain/contexts/BC02/aggregates/AGG-OBSERVATION.md;03-domain/contexts/BC02/aggregates/AGG-REALWORLD-EVENT.md;03-domain/contexts/BC02/aggregates/AGG-RELATIONSHIP.md;03-domain/contexts/BC02/aggregates/AGG-SOURCE.md;03-domain/contexts/BC07/discovery-architecture.md;08-security/classification-scheme.md;13-verification/acceptance/SLC-01/clearance-state-machine.md;13-verification/acceptance/SLC-01/invariants-slc01.md;13-verification/acceptance/SLC-05/invariants-slc05.md;13-verification/tooling/slice-sources.md;15-traceability/rtm-r1.md;15-traceability/trace-slc01.md;15-traceability/trace-slc05.md;16-reports/CONSISTENCY-CHECK-W3.md;16-reports/REQUIREMENTS-QUALITY-REPORT.md;16-reports/SESSION-W2.md"
"REQ-GOV-004.","1","no","00-governance/registers/corrections.md"
"REQ-GOV-005","5","yes","02-requirements/requirements.md;08-security/data-protection.md;12-solution/cell-architecture.md;15-traceability/rtm-r1.md;15-traceability/trace-platform.md"
"REQ-GOV-006","16","yes","02-requirements/requirements.md;02-requirements/use-cases.md;03-domain/ownership.md;03-domain/contexts/BC08/commands-slc12a.md;03-domain/contexts/BC08/queries-slc12a.md;03-domain/contexts/BC08/aggregates/AGG-DISPOSITION-RUN.md;03-domain/contexts/BC08/aggregates/AGG-RETENTION-SCHEDULE.md;05-contracts/openapi-governance-slc12a.md;08-security/key-hierarchy-and-disposition.md;13-verification/acceptance/SLC-12a/disposition-run-state-machine.md;13-verification/acceptance/SLC-12a/invariants-slc12a.md;13-verification/acceptance/SLC-12a/retention-schedule-state-machine.md;13-verification/tooling/slice-sources.md;14-slices/SLC-01/readiness.md;15-traceability/rtm-r1.md;15-traceability/trace-slc12a.md"
"REQ-GOV-007","14","yes","02-requirements/requirements.md;02-requirements/use-cases.md;03-domain/ownership.md;03-domain/contexts/BC08/queries-slc12a.md;03-domain/contexts/BC08/aggregates/AGG-DISPOSITION-RUN.md;03-domain/contexts/BC08/aggregates/AGG-LEGAL-HOLD.md;05-contracts/openapi-governance-slc12a.md;08-security/key-hierarchy-and-disposition.md;13-verification/acceptance/SLC-12a/disposition-run-state-machine.md;13-verification/acceptance/SLC-12a/invariants-slc12a.md;13-verification/acceptance/SLC-12a/legal-hold-state-machine.md;13-verification/tooling/slice-sources.md;15-traceability/rtm-r1.md;15-traceability/trace-slc12a.md"
"REQ-GOV-008","19","yes","02-requirements/requirements.md;02-requirements/use-cases.md;03-domain/contexts/BC01/aggregates/AGG-PERSON.md;03-domain/contexts/BC02/aggregates/AGG-ATTACHMENT.md;03-domain/contexts/BC08/queries-slc12a.md;03-domain/contexts/BC08/aggregates/AGG-ERASURE-REQUEST.md;05-contracts/openapi-governance-slc12a.md;08-security/data-protection.md;08-security/key-hierarchy-and-disposition.md;13-verification/acceptance/SLC-01/person-state-machine.md;13-verification/acceptance/SLC-02/attachment-state-machine.md;13-verification/acceptance/SLC-12a/erasure-request-state-machine.md;13-verification/acceptance/SLC-12a/invariants-slc12a.md;13-verification/tooling/slice-sources.md;15-traceability/rtm-r1.md;15-traceability/trace-slc01.md;15-traceability/trace-slc02.md;15-traceability/trace-slc12a.md;16-reports/REQUIREMENTS-QUALITY-REPORT.md"
"REQ-GOV-009","13","yes","00-governance/registers/corrections.md;02-requirements/requirements.md;02-requirements/use-cases.md;03-domain/contexts/BC08/queries-slc01.md;03-domain/contexts/BC08/aggregates/AGG-CLASSIFICATION-SCHEME.md;03-domain/contexts/BC08/aggregates/AGG-POLICY-SET.md;05-contracts/openapi-governance-slc01.md;08-security/authorization-model.md;13-verification/acceptance/SLC-01/classification-scheme-state-machine.md;13-verification/acceptance/SLC-01/policy-set-state-machine.md;13-verification/tooling/slice-sources.md;15-traceability/rtm-r1.md;15-traceability/trace-slc01.md"
"REQ-INF","1","no","14-slices/SLC-02/readiness.md"
"REQ-INF-001","11","yes","02-requirements/requirements.md;02-requirements/use-cases.md;03-domain/contexts/BC02/queries-slc02.md;03-domain/contexts/BC02/aggregates/AGG-SOURCE.md;04-information/claim-evidence-model.md;05-contracts/openapi-information-slc02.md;13-verification/acceptance/SLC-02/invariants-slc02.md;13-verification/acceptance/SLC-02/source-state-machine.md;13-verification/tooling/slice-sources.md;15-traceability/rtm-r1.md;15-traceability/trace-slc02.md"
"REQ-INF-002","11","yes","02-requirements/requirements.md;02-requirements/use-cases.md;03-domain/contexts/BC02/queries-slc02.md;03-domain/contexts/BC02/aggregates/AGG-OBSERVATION.md;04-information/claim-evidence-model.md;05-contracts/openapi-information-slc02.md;13-verification/acceptance/SLC-02/invariants-slc02.md;13-verification/acceptance/SLC-02/observation-state-machine.md;13-verification/tooling/slice-sources.md;15-traceability/rtm-r1.md;15-traceability/trace-slc02.md"
"REQ-INF-003","12","yes","02-requirements/requirements.md;02-requirements/use-cases.md;03-domain/contexts/BC02/aggregates/AGG-ATTACHMENT.md;03-domain/contexts/BC02/aggregates/AGG-EVIDENCE.md;04-information/claim-evidence-model.md;13-verification/acceptance/SLC-02/attachment-state-machine.md;13-verification/acceptance/SLC-02/evidence-state-machine.md;13-verification/acceptance/SLC-02/invariants-slc02.md;13-verification/tooling/slice-sources.md;15-traceability/rtm-r1.md;15-traceability/trace-slc02.md;16-reports/REQUIREMENTS-QUALITY-REPORT.md"
"REQ-INF-004","14","yes","02-requirements/requirements.md;02-requirements/use-cases.md;03-domain/contexts/BC02/queries-slc02.md;03-domain/contexts/BC02/aggregates/AGG-ATTACHMENT.md;03-domain/contexts/BC02/aggregates/AGG-EVIDENCE.md;05-contracts/openapi-information-slc02.md;08-security/data-protection.md;08-security/threat-model-slc02.md;13-verification/acceptance/SLC-02/attachment-state-machine.md;13-verification/acceptance/SLC-02/evidence-state-machine.md;13-verification/acceptance/SLC-02/invariants-slc02.md;13-verification/tooling/slice-sources.md;15-traceability/rtm-r1.md;15-traceability/trace-slc02.md"
"REQ-INF-005","14","yes","02-requirements/requirements.md;02-requirements/use-cases.md;03-domain/context-map.md;03-domain/contexts/BC02/aggregates/AGG-IMPORT-BATCH.md;03-domain/contexts/BC07/queries-slc02.md;03-domain/contexts/BC07/aggregates/AGG-ADAPTER.md;04-information/provenance-lineage.md;05-contracts/openapi-integration-slc02.md;13-verification/acceptance/SLC-02/adapter-state-machine.md;13-verification/acceptance/SLC-02/import-batch-state-machine.md;13-verification/acceptance/SLC-02/invariants-slc02.md;13-verification/tooling/slice-sources.md;15-traceability/rtm-r1.md;15-traceability/trace-slc02.md"
"REQ-INF-005..009","1","no","13-verification/acceptance/SLC-02/invariants-slc02.md"
"REQ-INF-006","12","yes","02-requirements/quality-scenarios.md;02-requirements/requirements.md;02-requirements/use-cases.md;03-domain/contexts/BC02/queries-slc02.md;03-domain/contexts/BC02/aggregates/AGG-IMPORT-BATCH.md;04-information/spatial-model.md;05-contracts/openapi-information-slc02.md;13-verification/acceptance/SLC-02/import-batch-state-machine.md;13-verification/acceptance/SLC-02/invariants-slc02.md;13-verification/tooling/slice-sources.md;15-traceability/rtm-r1.md;15-traceability/trace-slc02.md"
"REQ-INF-007","8","yes","02-requirements/requirements.md;02-requirements/use-cases.md;03-domain/contexts/BC02/aggregates/AGG-IMPORT-BATCH.md;13-verification/acceptance/SLC-02/import-batch-state-machine.md;13-verification/acceptance/SLC-02/invariants-slc02.md;13-verification/tooling/slice-sources.md;15-traceability/rtm-r1.md;15-traceability/trace-slc02.md"
"REQ-INF-008","12","yes","02-requirements/requirements.md;02-requirements/use-cases.md;03-domain/contexts/BC02/aggregates/AGG-IMPORT-BATCH.md;03-domain/contexts/BC07/aggregates/AGG-ADAPTER.md;04-information/spatial-model.md;12-solution/technology-decisions.md;13-verification/acceptance/SLC-02/adapter-state-machine.md;13-verification/acceptance/SLC-02/import-batch-state-machine.md;13-verification/acceptance/SLC-02/invariants-slc02.md;13-verification/tooling/slice-sources.md;15-traceability/rtm-r1.md;15-traceability/trace-slc02.md"
"REQ-INF-009","10","yes","02-requirements/requirements.md;02-requirements/use-cases.md;03-domain/contexts/BC02/aggregates/AGG-IMPORT-BATCH.md;03-domain/contexts/BC07/aggregates/AGG-ADAPTER.md;13-verification/acceptance/SLC-02/adapter-state-machine.md;13-verification/acceptance/SLC-02/import-batch-state-machine.md;13-verification/acceptance/SLC-02/invariants-slc02.md;13-verification/tooling/slice-sources.md;15-traceability/rtm-r1.md;15-traceability/trace-slc02.md"
"REQ-INF-020","12","yes","02-requirements/requirements.md;02-requirements/use-cases.md;03-domain/contexts/BC02/queries-slc02.md;03-domain/contexts/BC02/aggregates/AGG-ENTITY.md;03-domain/contexts/BC02/aggregates/AGG-REALWORLD-EVENT.md;05-contracts/openapi-information-slc02.md;13-verification/acceptance/SLC-02/entity-state-machine.md;13-verification/acceptance/SLC-02/invariants-slc02.md;13-verification/acceptance/SLC-02/realworld-event-state-machine.md;13-verification/tooling/slice-sources.md;15-traceability/rtm-r1.md;15-traceability/trace-slc02.md"
"REQ-INF-021","17","yes","01-business/business-rules.md;02-requirements/requirements.md;02-requirements/use-cases.md;03-domain/contexts/BC02/claims-temporal-kernel.md;03-domain/contexts/BC02/queries-slc02.md;03-domain/contexts/BC02/aggregates/AGG-CLAIM.md;03-domain/contexts/BC02/aggregates/AGG-ENTITY.md;03-domain/contexts/BC02/aggregates/AGG-EVIDENCE-LINK.md;04-information/claim-evidence-model.md;05-contracts/openapi-information-slc02.md;13-verification/acceptance/SLC-02/claim-state-machine.md;13-verification/acceptance/SLC-02/entity-state-machine.md;13-verification/acceptance/SLC-02/evidence-link-state-machine.md;13-verification/acceptance/SLC-02/invariants-slc02.md;13-verification/tooling/slice-sources.md;15-traceability/rtm-r1.md;15-traceability/trace-slc02.md"
"REQ-INF-022","11","yes","02-requirements/requirements.md;03-domain/contexts/BC02/claims-temporal-kernel.md;03-domain/contexts/BC02/queries-slc02.md;03-domain/contexts/BC02/aggregates/AGG-CLAIM.md;04-information/temporal-model.md;05-contracts/openapi-information-slc02.md;13-verification/acceptance/SLC-02/claim-state-machine.md;13-verification/acceptance/SLC-02/invariants-slc02.md;13-verification/tooling/slice-sources.md;15-traceability/rtm-r1.md;15-traceability/trace-slc02.md"
"REQ-INF-022..024","1","no","13-verification/acceptance/SLC-02/invariants-slc02.md"
"REQ-INF-023","11","yes","02-requirements/requirements.md;02-requirements/use-cases.md;03-domain/contexts/BC02/claims-temporal-kernel.md;03-domain/contexts/BC02/queries-slc02.md;04-information/temporal-model.md;05-contracts/openapi-information-slc02.md;13-verification/acceptance/SLC-02/invariants-slc02.md;13-verification/tooling/slice-sources.md;15-traceability/rtm-r1.md;15-traceability/trace-slc02.md;16-reports/REQUIREMENTS-QUALITY-REPORT.md"
"REQ-INF-024","16","yes","01-business/business-rules.md;02-requirements/requirements.md;03-domain/contexts/BC02/claims-temporal-kernel.md;03-domain/contexts/BC02/aggregates/AGG-CLAIM.md;03-domain/contexts/BC02/aggregates/AGG-CONFLICT.md;04-information/claim-evidence-model.md;04-information/temporal-model.md;13-verification/fitness-functions.md;13-verification/acceptance/SLC-02/claim-state-machine.md;13-verification/acceptance/SLC-02/invariants-slc02.md;13-verification/acceptance/SLC-04/conflict-state-machine.md;13-verification/acceptance/SLC-04/invariants-slc04.md;13-verification/tooling/slice-sources.md;15-traceability/rtm-r1.md;15-traceability/trace-slc02.md;15-traceability/trace-slc04.md"
"REQ-INF-025","14","yes","01-business/business-rules.md;02-requirements/requirements.md;02-requirements/use-cases.md;03-domain/contexts/BC02/conflict-detection-engine.md;03-domain/contexts/BC02/queries-slc04.md;03-domain/contexts/BC02/aggregates/AGG-CONFLICT.md;04-information/conflict-model.md;05-contracts/openapi-information-slc04.md;13-verification/acceptance/SLC-04/conflict-state-machine.md;13-verification/acceptance/SLC-04/invariants-slc04.md;13-verification/tooling/slice-sources.md;15-traceability/rtm-r1.md;15-traceability/trace-slc02.md;15-traceability/trace-slc04.md"
"REQ-INF-026","9","yes","02-requirements/requirements.md;03-domain/contexts/BC02/claims-temporal-kernel.md;03-domain/contexts/BC02/aggregates/AGG-CLAIM.md;04-information/confidence-model.md;13-verification/acceptance/SLC-02/claim-state-machine.md;13-verification/acceptance/SLC-02/invariants-slc02.md;13-verification/tooling/slice-sources.md;15-traceability/rtm-r1.md;15-traceability/trace-slc02.md"
"REQ-INF-027","16","yes","02-requirements/requirements.md;02-requirements/use-cases.md;03-domain/contexts/BC02/queries-slc02.md;03-domain/contexts/BC02/aggregates/AGG-RELATIONSHIP.md;03-domain/contexts/BC07/discovery-architecture.md;03-domain/contexts/BC07/queries-slc05.md;04-information/claim-evidence-model.md;05-contracts/openapi-discovery-slc05.md;05-contracts/openapi-information-slc02.md;13-verification/acceptance/SLC-02/invariants-slc02.md;13-verification/acceptance/SLC-02/relationship-state-machine.md;13-verification/acceptance/SLC-05/invariants-slc05.md;13-verification/tooling/slice-sources.md;15-traceability/rtm-r1.md;15-traceability/trace-slc02.md;15-traceability/trace-slc05.md"
"REQ-INF-028","8","yes","02-requirements/requirements.md;03-domain/contexts/BC02/aggregates/AGG-OBSERVATION.md;04-information/spatial-model.md;13-verification/acceptance/SLC-02/invariants-slc02.md;13-verification/acceptance/SLC-02/observation-state-machine.md;13-verification/tooling/slice-sources.md;15-traceability/rtm-r1.md;15-traceability/trace-slc02.md"
"REQ-INF-029","6","yes","00-governance/decisions/ADR-P16.md;02-requirements/requirements.md;04-information/spatial-model.md;13-verification/acceptance/SLC-02/invariants-slc02.md;15-traceability/rtm-r1.md;15-traceability/trace-slc02.md"
"REQ-INF-030","9","yes","02-requirements/requirements.md;02-requirements/use-cases.md;03-domain/contexts/BC02/queries-slc02.md;04-information/spatial-model.md;05-contracts/openapi-information-slc02.md;13-verification/acceptance/SLC-02/invariants-slc02.md;13-verification/tooling/slice-sources.md;15-traceability/rtm-r1.md;15-traceability/trace-slc02.md"
"REQ-INF-031","5","yes","02-requirements/requirements.md;04-information/language-model.md;13-verification/acceptance/SLC-02/invariants-slc02.md;15-traceability/rtm-r1.md;15-traceability/trace-slc02.md"
"REQ-INF-032","15","yes","02-requirements/requirements.md;02-requirements/use-cases.md;03-domain/contexts/BC02/candidate-generation.md;03-domain/contexts/BC02/queries-slc04.md;03-domain/contexts/BC02/aggregates/AGG-ER-CASE.md;03-domain/contexts/BC02/aggregates/AGG-MATCH-RULESET.md;04-information/entity-resolution.md;05-contracts/openapi-information-slc04.md;13-verification/acceptance/SLC-04/er-case-state-machine.md;13-verification/acceptance/SLC-04/invariants-slc04.md;13-verification/acceptance/SLC-04/match-ruleset-state-machine.md;13-verification/tooling/slice-sources.md;15-traceability/rtm-r1.md;15-traceability/trace-slc02.md;15-traceability/trace-slc04.md"
"REQ-INF-033","14","yes","02-requirements/requirements.md;02-requirements/use-cases.md;03-domain/contexts/BC02/queries-slc04.md;03-domain/contexts/BC02/aggregates/AGG-ER-CASE.md;04-information/entity-resolution.md;05-contracts/openapi-information-slc04.md;13-verification/acceptance/SLC-04/er-case-state-machine.md;13-verification/acceptance/SLC-04/invariants-slc04.md;13-verification/tooling/slice-sources.md;15-traceability/rtm-r1.md;15-traceability/trace-slc02.md;15-traceability/trace-slc04.md;16-reports/CONSISTENCY-CHECK-W3.md;16-reports/SESSION-W3.md"
"REQ-INF-034","11","yes","02-requirements/requirements.md;02-requirements/use-cases.md;03-domain/contexts/BC02/aggregates/AGG-ER-CASE.md;04-information/entity-resolution.md;13-verification/acceptance/SLC-04/er-case-state-machine.md;13-verification/acceptance/SLC-04/invariants-slc04.md;13-verification/tooling/slice-sources.md;15-traceability/rtm-r1.md;15-traceability/trace-slc02.md;15-traceability/trace-slc04.md;16-reports/CONSISTENCY-CHECK-W3.md"
"REQ-INF-035","15","yes","02-requirements/requirements.md;03-domain/contexts/BC02/queries-slc02.md;03-domain/contexts/BC03/analysis-reproducibility-spec.md;03-domain/contexts/BC03/aggregates/AGG-ANALYSIS-RUN.md;03-domain/contexts/BC03/aggregates/AGG-FINDING.md;04-information/provenance-lineage.md;05-contracts/openapi-information-slc02.md;13-verification/acceptance/SLC-02/invariants-slc02.md;13-verification/acceptance/SLC-07/analysis-run-state-machine.md;13-verification/acceptance/SLC-07/finding-state-machine.md;13-verification/acceptance/SLC-07/invariants-slc07.md;13-verification/tooling/slice-sources.md;15-traceability/rtm-r1.md;15-traceability/trace-slc02.md;15-traceability/trace-slc07.md"
"REQ-INF-036","11","yes","02-requirements/requirements.md;03-domain/contexts/BC02/queries-slc02.md;03-domain/contexts/BC02/aggregates/AGG-ENTITY.md;03-domain/contexts/BC02/aggregates/AGG-EXTERNAL-ID.md;05-contracts/openapi-information-slc02.md;13-verification/acceptance/SLC-02/entity-state-machine.md;13-verification/acceptance/SLC-02/external-id-state-machine.md;13-verification/acceptance/SLC-02/invariants-slc02.md;13-verification/tooling/slice-sources.md;15-traceability/rtm-r1.md;15-traceability/trace-slc02.md"
"REQ-INF-037","9","yes","01-business/business-rules.md;02-requirements/requirements.md;03-domain/contexts/BC02/aggregates/AGG-CLAIM.md;04-information/claim-evidence-model.md;13-verification/acceptance/SLC-02/claim-state-machine.md;13-verification/acceptance/SLC-02/invariants-slc02.md;13-verification/tooling/slice-sources.md;15-traceability/rtm-r1.md;15-traceability/trace-slc02.md"
"REQ-INT-001","12","yes","02-requirements/quality-scenarios.md;02-requirements/requirements.md;02-requirements/use-cases.md;03-domain/contexts/BC07/enterprise-integration-spec.md;03-domain/contexts/BC07/queries-slc16.md;03-domain/contexts/BC07/aggregates/AGG-INTEGRATION-CONNECTION.md;05-contracts/openapi-integration-slc16.md;13-verification/acceptance/SLC-16/integration-connection-state-machine.md;13-verification/acceptance/SLC-16/invariants-slc16.md;13-verification/tooling/slice-sources.md;15-traceability/rtm-r2.md;15-traceability/trace-slc16.md"
"REQ-INT-002","11","yes","02-requirements/requirements.md;02-requirements/use-cases.md;03-domain/contexts/BC07/enterprise-integration-spec.md;03-domain/contexts/BC07/queries-slc16.md;03-domain/contexts/BC07/aggregates/AGG-SENSOR-STREAM.md;05-contracts/openapi-integration-slc16.md;13-verification/acceptance/SLC-16/invariants-slc16.md;13-verification/acceptance/SLC-16/sensor-stream-state-machine.md;13-verification/tooling/slice-sources.md;15-traceability/rtm-r2.md;15-traceability/trace-slc16.md"
"REQ-INT-003","11","yes","02-requirements/requirements.md;02-requirements/use-cases.md;03-domain/contexts/BC03/queries-slc16.md;03-domain/contexts/BC03/aggregates/AGG-CAP-MESSAGE.md;03-domain/contexts/BC07/enterprise-integration-spec.md;05-contracts/openapi-intelligence-slc16.md;13-verification/acceptance/SLC-16/cap-message-state-machine.md;13-verification/acceptance/SLC-16/invariants-slc16.md;13-verification/tooling/slice-sources.md;15-traceability/rtm-r2.md;15-traceability/trace-slc16.md"
"REQ-INT-004","11","yes","02-requirements/requirements.md;02-requirements/use-cases.md;03-domain/contexts/BC01/queries-slc16.md;03-domain/contexts/BC01/aggregates/AGG-HR-SYNC-PROPOSAL.md;03-domain/contexts/BC07/enterprise-integration-spec.md;05-contracts/openapi-foundation-slc16.md;13-verification/acceptance/SLC-16/hr-sync-proposal-state-machine.md;13-verification/acceptance/SLC-16/invariants-slc16.md;13-verification/tooling/slice-sources.md;15-traceability/rtm-r2.md;15-traceability/trace-slc16.md"
"REQ-KNW-001","11","yes","02-requirements/requirements.md;02-requirements/use-cases.md;03-domain/contexts/BC06/products-knowledge-archive-spec.md;03-domain/contexts/BC06/queries-slc12.md;03-domain/contexts/BC06/aggregates/AGG-KNOWLEDGE-OBJECT.md;05-contracts/openapi-knowledge-slc12.md;13-verification/acceptance/SLC-12/invariants-slc12.md;13-verification/acceptance/SLC-12/knowledge-object-state-machine.md;13-verification/tooling/slice-sources.md;15-traceability/rtm-r2.md;15-traceability/trace-slc12.md"
"REQ-KNW-001..003","1","no","13-verification/acceptance/SLC-12/invariants-slc12.md"
"REQ-KNW-002","15","yes","00-governance/registers/corrections.md;02-requirements/requirements.md;02-requirements/use-cases.md;03-domain/contexts/BC05/training-exercise-spec.md;03-domain/contexts/BC06/commands-slc12.md;03-domain/contexts/BC06/products-knowledge-archive-spec.md;03-domain/contexts/BC06/aggregates/AGG-KNOWLEDGE-OBJECT.md;13-verification/acceptance/SLC-12/invariants-slc12.md;13-verification/acceptance/SLC-12/knowledge-object-state-machine.md;13-verification/acceptance/SLC-19/invariants-slc19.md;13-verification/tooling/slice-sources.md;14-slices/SLC-19/readiness.md;15-traceability/rtm-r2.md;15-traceability/trace-slc12.md;16-reports/SESSION-W4-W7-SLC19.md"
"REQ-KNW-003","12","yes","02-requirements/quality-scenarios.md;02-requirements/requirements.md;02-requirements/use-cases.md;03-domain/contexts/BC06/products-knowledge-archive-spec.md;03-domain/contexts/BC06/queries-slc12.md;03-domain/contexts/BC06/aggregates/AGG-KNOWLEDGE-OBJECT.md;05-contracts/openapi-knowledge-slc12.md;13-verification/acceptance/SLC-12/invariants-slc12.md;13-verification/acceptance/SLC-12/knowledge-object-state-machine.md;13-verification/tooling/slice-sources.md;15-traceability/rtm-r2.md;15-traceability/trace-slc12.md"
"REQ-LOG-001","7","yes","02-requirements/requirements.md;03-domain/contexts/BC05/logistics-spec.md;03-domain/contexts/BC05/aggregates/AGG-LOGISTICS-REQUEST.md;13-verification/acceptance/SLC-18/invariants-slc18.md;13-verification/acceptance/SLC-18/logistics-request-state-machine.md;13-verification/tooling/slice-sources.md;15-traceability/trace-slc18.md"
"REQ-LOG-002","8","yes","02-requirements/quality-scenarios.md;02-requirements/requirements.md;03-domain/contexts/BC05/logistics-spec.md;03-domain/contexts/BC05/aggregates/AGG-LOGISTICS-REQUEST.md;13-verification/acceptance/SLC-18/invariants-slc18.md;13-verification/acceptance/SLC-18/logistics-request-state-machine.md;13-verification/tooling/slice-sources.md;15-traceability/trace-slc18.md"
"REQ-LOG-003","7","yes","02-requirements/requirements.md;03-domain/contexts/BC05/aggregates/AGG-LOGISTICS-REQUEST.md;13-verification/acceptance/SLC-18/invariants-slc18.md;13-verification/acceptance/SLC-18/logistics-request-state-machine.md;13-verification/tooling/slice-sources.md;14-slices/SLC-18/readiness.md;15-traceability/trace-slc18.md"
"REQ-LOG-004","7","yes","02-requirements/quality-scenarios.md;02-requirements/requirements.md;03-domain/contexts/BC05/aggregates/AGG-SHIPMENT.md;13-verification/acceptance/SLC-18/invariants-slc18.md;13-verification/acceptance/SLC-18/shipment-state-machine.md;13-verification/tooling/slice-sources.md;15-traceability/trace-slc18.md"
"REQ-LOG-005","5","yes","02-requirements/requirements.md;03-domain/contexts/BC05/aggregates/AGG-SHIPMENT.md;13-verification/acceptance/SLC-18/shipment-state-machine.md;13-verification/tooling/slice-sources.md;15-traceability/trace-slc18.md"
"REQ-LOG-006","6","yes","02-requirements/requirements.md;03-domain/contexts/BC05/aggregates/AGG-SHIPMENT.md;13-verification/acceptance/SLC-18/invariants-slc18.md;13-verification/acceptance/SLC-18/shipment-state-machine.md;13-verification/tooling/slice-sources.md;15-traceability/trace-slc18.md"
"REQ-LOG-007","5","yes","02-requirements/requirements.md;03-domain/contexts/BC05/aggregates/AGG-SHIPMENT.md;13-verification/acceptance/SLC-18/shipment-state-machine.md;13-verification/tooling/slice-sources.md;15-traceability/trace-slc18.md"
"REQ-LOG-008","7","yes","02-requirements/requirements.md;03-domain/contexts/BC05/logistics-spec.md;03-domain/contexts/BC05/aggregates/AGG-LOGISTICS-REQUEST.md;13-verification/acceptance/SLC-18/invariants-slc18.md;13-verification/acceptance/SLC-18/logistics-request-state-machine.md;13-verification/tooling/slice-sources.md;15-traceability/trace-slc18.md"
"REQ-LOG-009","8","yes","02-requirements/requirements.md;03-domain/contexts/BC05/aggregates/AGG-LOGISTICS-REQUEST.md;03-domain/contexts/BC05/aggregates/AGG-SHIPMENT.md;13-verification/acceptance/SLC-18/invariants-slc18.md;13-verification/acceptance/SLC-18/logistics-request-state-machine.md;13-verification/acceptance/SLC-18/shipment-state-machine.md;13-verification/tooling/slice-sources.md;15-traceability/trace-slc18.md"
"REQ-LOG-010","5","yes","02-requirements/requirements.md;03-domain/contexts/BC05/queries-slc18.md;05-contracts/openapi-readiness-slc18.md;13-verification/tooling/slice-sources.md;15-traceability/trace-slc18.md"
"REQ-LOG-011","5","yes","02-requirements/requirements.md;03-domain/contexts/BC05/queries-slc18.md;05-contracts/openapi-readiness-slc18.md;13-verification/tooling/slice-sources.md;15-traceability/trace-slc18.md"
"REQ-LOG-012","5","yes","02-requirements/requirements.md;03-domain/contexts/BC05/queries-slc18.md;05-contracts/openapi-readiness-slc18.md;13-verification/tooling/slice-sources.md;15-traceability/trace-slc18.md"
"REQ-LOG-013","6","yes","02-requirements/requirements.md;03-domain/contexts/BC05/logistics-spec.md;03-domain/contexts/BC05/aggregates/AGG-LOGISTICS-REQUEST.md;13-verification/acceptance/SLC-18/logistics-request-state-machine.md;13-verification/tooling/slice-sources.md;15-traceability/trace-slc18.md"
"REQ-LOG-014","6","yes","02-requirements/requirements.md;03-domain/contexts/BC05/logistics-spec.md;03-domain/contexts/BC05/aggregates/AGG-LOGISTICS-REQUEST.md;13-verification/acceptance/SLC-18/logistics-request-state-machine.md;13-verification/tooling/slice-sources.md;15-traceability/trace-slc18.md"
"REQ-OFF-001","16","yes","02-requirements/requirements.md;02-requirements/use-cases.md;03-domain/contexts/BC04/task-lifecycle-rules.md;03-domain/contexts/BC04/aggregates/AGG-TASK.md;03-domain/contexts/BC07/field-sync-protocol.md;03-domain/contexts/BC07/queries-slc11.md;03-domain/contexts/BC07/aggregates/AGG-SYNC-SESSION.md;05-contracts/openapi-field-slc11.md;13-verification/acceptance/SLC-03/invariants-slc03.md;13-verification/acceptance/SLC-03/task-state-machine.md;13-verification/acceptance/SLC-11/invariants-slc11.md;13-verification/acceptance/SLC-11/sync-session-state-machine.md;13-verification/tooling/slice-sources.md;15-traceability/rtm-r1.md;15-traceability/trace-slc03.md;15-traceability/trace-slc11.md"
"REQ-OFF-002","11","yes","02-requirements/requirements.md;02-requirements/use-cases.md;03-domain/contexts/BC07/field-sync-protocol.md;03-domain/contexts/BC07/queries-slc11.md;03-domain/contexts/BC07/aggregates/AGG-PRELOAD-PACKAGE.md;05-contracts/openapi-field-slc11.md;13-verification/acceptance/SLC-11/invariants-slc11.md;13-verification/acceptance/SLC-11/preload-package-state-machine.md;13-verification/tooling/slice-sources.md;15-traceability/rtm-r1.md;15-traceability/trace-slc11.md"
"REQ-OFF-003","10","yes","02-requirements/requirements.md;02-requirements/use-cases.md;03-domain/contexts/BC07/field-sync-protocol.md;03-domain/contexts/BC07/aggregates/AGG-SYNC-SESSION.md;04-information/temporal-model.md;13-verification/acceptance/SLC-11/invariants-slc11.md;13-verification/acceptance/SLC-11/sync-session-state-machine.md;13-verification/tooling/slice-sources.md;15-traceability/rtm-r1.md;15-traceability/trace-slc11.md"
"REQ-OFF-004","15","yes","02-requirements/requirements.md;02-requirements/use-cases.md;03-domain/contexts/BC07/field-sync-protocol.md;03-domain/contexts/BC07/queries-slc11.md;03-domain/contexts/BC07/aggregates/AGG-SYNC-CONFLICT.md;03-domain/contexts/BC07/aggregates/AGG-SYNC-SESSION.md;04-information/conflict-model.md;05-contracts/openapi-field-slc11.md;13-verification/acceptance/SLC-11/invariants-slc11.md;13-verification/acceptance/SLC-11/sync-conflict-state-machine.md;13-verification/acceptance/SLC-11/sync-session-state-machine.md;13-verification/tooling/slice-sources.md;15-traceability/rtm-r1.md;15-traceability/trace-slc11.md;16-reports/REQUIREMENTS-QUALITY-REPORT.md"
"REQ-OFF-005","15","yes","02-requirements/requirements.md;02-requirements/use-cases.md;03-domain/ownership.md;03-domain/contexts/BC01/queries-slc11.md;03-domain/contexts/BC01/aggregates/AGG-DEVICE.md;03-domain/contexts/BC07/field-sync-protocol.md;03-domain/contexts/BC07/aggregates/AGG-PRELOAD-PACKAGE.md;05-contracts/openapi-foundation-slc11.md;08-security/data-protection.md;13-verification/acceptance/SLC-11/device-state-machine.md;13-verification/acceptance/SLC-11/invariants-slc11.md;13-verification/acceptance/SLC-11/preload-package-state-machine.md;13-verification/tooling/slice-sources.md;15-traceability/rtm-r1.md;15-traceability/trace-slc11.md"
"REQ-OFF-006","9","yes","02-requirements/requirements.md;02-requirements/use-cases.md;03-domain/contexts/BC07/field-sync-protocol.md;03-domain/contexts/BC07/aggregates/AGG-SYNC-SESSION.md;13-verification/acceptance/SLC-11/invariants-slc11.md;13-verification/acceptance/SLC-11/sync-session-state-machine.md;13-verification/tooling/slice-sources.md;15-traceability/rtm-r1.md;15-traceability/trace-slc11.md"
"REQ-OPS-001","14","yes","02-requirements/requirements.md;02-requirements/use-cases.md;03-domain/contexts/BC04/commands-slc08.md;03-domain/contexts/BC04/decision-plan-spec.md;03-domain/contexts/BC04/queries-slc08.md;03-domain/contexts/BC04/aggregates/AGG-PLAN-VERSION.md;03-domain/contexts/BC04/aggregates/AGG-PLAN.md;05-contracts/openapi-operations-slc08.md;13-verification/acceptance/SLC-08/invariants-slc08.md;13-verification/acceptance/SLC-08/plan-state-machine.md;13-verification/acceptance/SLC-08/plan-version-state-machine.md;13-verification/tooling/slice-sources.md;15-traceability/rtm-r1.md;15-traceability/trace-slc08.md"
"REQ-OPS-001..005","1","no","13-verification/acceptance/SLC-08/invariants-slc08.md"
"REQ-OPS-002","10","yes","02-requirements/requirements.md;02-requirements/use-cases.md;03-domain/contexts/BC04/commands-slc08.md;03-domain/contexts/BC04/decision-plan-spec.md;03-domain/contexts/BC04/aggregates/AGG-PLAN.md;13-verification/acceptance/SLC-08/invariants-slc08.md;13-verification/acceptance/SLC-08/plan-state-machine.md;13-verification/tooling/slice-sources.md;15-traceability/rtm-r1.md;15-traceability/trace-slc08.md"
"REQ-OPS-003","14","yes","01-business/business-rules.md;02-requirements/requirements.md;02-requirements/use-cases.md;03-domain/contexts/BC04/decision-plan-spec.md;03-domain/contexts/BC04/queries-slc08.md;03-domain/contexts/BC04/aggregates/AGG-PLAN-VERSION.md;03-domain/contexts/BC04/aggregates/AGG-PLAN.md;05-contracts/openapi-operations-slc08.md;13-verification/acceptance/SLC-08/invariants-slc08.md;13-verification/acceptance/SLC-08/plan-state-machine.md;13-verification/acceptance/SLC-08/plan-version-state-machine.md;13-verification/tooling/slice-sources.md;15-traceability/rtm-r1.md;15-traceability/trace-slc08.md"
"REQ-OPS-004","12","yes","01-business/business-rules.md;02-requirements/requirements.md;02-requirements/use-cases.md;03-domain/contexts/BC04/decision-plan-spec.md;03-domain/contexts/BC04/queries-slc08.md;03-domain/contexts/BC04/aggregates/AGG-PLAN-VERSION.md;05-contracts/openapi-operations-slc08.md;13-verification/acceptance/SLC-08/invariants-slc08.md;13-verification/acceptance/SLC-08/plan-version-state-machine.md;13-verification/tooling/slice-sources.md;15-traceability/rtm-r1.md;15-traceability/trace-slc08.md"
"REQ-OPS-005","16","yes","02-requirements/requirements.md;02-requirements/use-cases.md;03-domain/contexts/BC01/aggregates/AGG-ROLE-ASSIGNMENT.md;03-domain/contexts/BC04/commands-slc08.md;03-domain/contexts/BC04/decision-plan-spec.md;03-domain/contexts/BC04/aggregates/AGG-PLAN-VERSION.md;08-security/authorization-model.md;08-security/policies-slc01.md;08-security/policies-slc08.md;13-verification/acceptance/SLC-01/role-assignment-state-machine.md;13-verification/acceptance/SLC-08/invariants-slc08.md;13-verification/acceptance/SLC-08/plan-version-state-machine.md;13-verification/tooling/slice-sources.md;15-traceability/rtm-r1.md;15-traceability/trace-slc01.md;15-traceability/trace-slc08.md"
"REQ-OPS-006","11","yes","02-requirements/requirements.md;02-requirements/use-cases.md;03-domain/contexts/BC04/queries-slc03.md;03-domain/contexts/BC04/task-lifecycle-rules.md;03-domain/contexts/BC04/aggregates/AGG-TASK.md;05-contracts/openapi-operations-slc03.md;13-verification/acceptance/SLC-03/invariants-slc03.md;13-verification/acceptance/SLC-03/task-state-machine.md;13-verification/tooling/slice-sources.md;15-traceability/rtm-r1.md;15-traceability/trace-slc03.md"
"REQ-OPS-007","13","yes","01-business/business-rules.md;02-requirements/requirements.md;02-requirements/use-cases.md;03-domain/contexts/BC04/commands-slc03.md;03-domain/contexts/BC04/aggregates/AGG-TASK-TYPE.md;03-domain/contexts/BC04/aggregates/AGG-TASK.md;03-domain/contexts/BC05/eligibility-rules.md;13-verification/acceptance/SLC-03/invariants-slc03.md;13-verification/acceptance/SLC-03/task-state-machine.md;13-verification/acceptance/SLC-03/task-type-state-machine.md;13-verification/tooling/slice-sources.md;15-traceability/rtm-r1.md;15-traceability/trace-slc03.md"
"REQ-OPS-008","10","yes","01-business/business-rules.md;02-requirements/requirements.md;02-requirements/use-cases.md;03-domain/contexts/BC04/task-lifecycle-rules.md;03-domain/contexts/BC04/aggregates/AGG-TASK.md;13-verification/acceptance/SLC-03/invariants-slc03.md;13-verification/acceptance/SLC-03/task-state-machine.md;13-verification/tooling/slice-sources.md;15-traceability/rtm-r1.md;15-traceability/trace-slc03.md"
"REQ-OPS-009","13","yes","02-requirements/requirements.md;02-requirements/use-cases.md;03-domain/contexts/BC01/aggregates/AGG-ROLE-ASSIGNMENT.md;03-domain/contexts/BC04/commands-slc03.md;03-domain/contexts/BC04/aggregates/AGG-TASK.md;08-security/authorization-model.md;13-verification/acceptance/SLC-01/role-assignment-state-machine.md;13-verification/acceptance/SLC-03/invariants-slc03.md;13-verification/acceptance/SLC-03/task-state-machine.md;13-verification/tooling/slice-sources.md;15-traceability/rtm-r1.md;15-traceability/trace-slc01.md;15-traceability/trace-slc03.md"
"REQ-OPS-010","11","yes","02-requirements/requirements.md;02-requirements/use-cases.md;03-domain/contexts/BC04/commands-slc03.md;03-domain/contexts/BC04/aggregates/AGG-TASK.md;09-reliability/observability-slc03.md;09-reliability/observability-slc08.md;13-verification/acceptance/SLC-03/invariants-slc03.md;13-verification/acceptance/SLC-03/task-state-machine.md;13-verification/tooling/slice-sources.md;15-traceability/rtm-r1.md;15-traceability/trace-slc03.md"
"REQ-OPS-011","7","yes","02-requirements/requirements.md;03-domain/contexts/BC04/aggregates/AGG-TASK.md;13-verification/acceptance/SLC-03/invariants-slc03.md;13-verification/acceptance/SLC-03/task-state-machine.md;13-verification/tooling/slice-sources.md;15-traceability/rtm-r1.md;15-traceability/trace-slc03.md"
"REQ-OPS-012","10","yes","02-requirements/requirements.md;02-requirements/use-cases.md;03-domain/contexts/BC04/commands-slc03.md;03-domain/contexts/BC04/task-lifecycle-rules.md;03-domain/contexts/BC04/aggregates/AGG-TASK.md;13-verification/acceptance/SLC-03/invariants-slc03.md;13-verification/acceptance/SLC-03/task-state-machine.md;13-verification/tooling/slice-sources.md;15-traceability/rtm-r1.md;15-traceability/trace-slc03.md"
"REQ-OPS-013","12","yes","02-requirements/requirements.md;02-requirements/use-cases.md;03-domain/ownership.md;03-domain/contexts/BC04/decision-plan-spec.md;03-domain/contexts/BC04/queries-slc08.md;03-domain/contexts/BC04/aggregates/AGG-OUTCOME-TRACKER.md;05-contracts/openapi-operations-slc08.md;13-verification/acceptance/SLC-08/invariants-slc08.md;13-verification/acceptance/SLC-08/outcome-tracker-state-machine.md;13-verification/tooling/slice-sources.md;15-traceability/rtm-r1.md;15-traceability/trace-slc08.md"
"REQ-OPS-014","14","yes","02-requirements/requirements.md;02-requirements/use-cases.md;03-domain/contexts/BC04/queries-slc03.md;03-domain/contexts/BC04/aggregates/AGG-PLAN-VERSION.md;03-domain/contexts/BC04/aggregates/AGG-TASK-TYPE.md;05-contracts/openapi-operations-slc03.md;13-verification/acceptance/SLC-03/invariants-slc03.md;13-verification/acceptance/SLC-03/task-type-state-machine.md;13-verification/acceptance/SLC-08/invariants-slc08.md;13-verification/acceptance/SLC-08/plan-version-state-machine.md;13-verification/tooling/slice-sources.md;15-traceability/rtm-r1.md;15-traceability/trace-slc03.md;15-traceability/trace-slc08.md"
"REQ-PLT-001","6","yes","02-requirements/requirements.md;12-solution/release-configuration-migration.md;12-solution/technology-decisions.md;13-verification/fitness-functions.md;15-traceability/rtm-r1.md;15-traceability/trace-platform.md"
"REQ-PLT-002","5","yes","02-requirements/requirements.md;12-solution/cell-architecture.md;12-solution/release-configuration-migration.md;15-traceability/rtm-r1.md;15-traceability/trace-platform.md"
"REQ-PLT-003","3","yes","02-requirements/requirements.md;15-traceability/rtm-r1.md;15-traceability/trace-platform.md"
"REQ-PLT-004","5","yes","02-requirements/requirements.md;09-reliability/dr-and-continuity.md;15-traceability/rtm-r1.md;15-traceability/trace-platform.md;16-reports/REQUIREMENTS-QUALITY-REPORT.md"
"REQ-PLT-005","4","yes","02-requirements/requirements.md;03-domain/contexts/BC06/products-knowledge-archive-spec.md;15-traceability/rtm-r1.md;15-traceability/trace-platform.md"
"REQ-PLT-006","31","yes","02-requirements/requirements.md;03-domain/contexts/BC01/events-slc01.md;03-domain/contexts/BC01/events-slc11.md;03-domain/contexts/BC01/events-slc16.md;03-domain/contexts/BC02/events-slc02.md;03-domain/contexts/BC02/events-slc04.md;03-domain/contexts/BC02/events-slc14.md;03-domain/contexts/BC02/events-slc15.md;03-domain/contexts/BC03/events-slc06.md;03-domain/contexts/BC03/events-slc07.md;03-domain/contexts/BC03/events-slc16.md;03-domain/contexts/BC04/events-slc03.md;03-domain/contexts/BC04/events-slc06.md;03-domain/contexts/BC04/events-slc08.md;03-domain/contexts/BC04/events-slc15.md;03-domain/contexts/BC04/events-slc17.md;03-domain/contexts/BC05/events-slc03.md;03-domain/contexts/BC05/events-slc09.md;03-domain/contexts/BC05/events-slc18.md;03-domain/contexts/BC05/events-slc19.md;03-domain/contexts/BC06/events-slc12.md;03-domain/contexts/BC07/events-slc02.md;03-domain/contexts/BC07/events-slc05.md;03-domain/contexts/BC07/events-slc10.md;03-domain/contexts/BC07/events-slc11.md;03-domain/contexts/BC07/events-slc16.md;03-domain/contexts/BC08/events-slc01.md;03-domain/contexts/BC08/events-slc12a.md;13-verification/tooling/spec-tooling.md;15-traceability/rtm-r1.md;15-traceability/trace-platform.md"
"REQ-PLT-007","34","yes","02-requirements/requirements.md;05-contracts/openapi-ai-slc10.md;05-contracts/openapi-discovery-slc05.md;05-contracts/openapi-field-slc11.md;05-contracts/openapi-foundation-internal-slc01.md;05-contracts/openapi-foundation-slc01.md;05-contracts/openapi-foundation-slc11.md;05-contracts/openapi-foundation-slc16.md;05-contracts/openapi-governance-slc01.md;05-contracts/openapi-governance-slc12a.md;05-contracts/openapi-information-slc02.md;05-contracts/openapi-information-slc04.md;05-contracts/openapi-information-slc14.md;05-contracts/openapi-information-slc15.md;05-contracts/openapi-integration-slc02.md;05-contracts/openapi-integration-slc16.md;05-contracts/openapi-intelligence-slc06.md;05-contracts/openapi-intelligence-slc07.md;05-contracts/openapi-intelligence-slc16.md;05-contracts/openapi-knowledge-slc12.md;05-contracts/openapi-operations-slc03.md;05-contracts/openapi-operations-slc06.md;05-contracts/openapi-operations-slc08.md;05-contracts/openapi-operations-slc15.md;05-contracts/openapi-operations-slc17.md;05-contracts/openapi-readiness-slc03.md;05-contracts/openapi-readiness-slc09.md;05-contracts/openapi-readiness-slc18.md;05-contracts/openapi-readiness-slc19.md;12-solution/release-configuration-migration.md;13-verification/fitness-functions.md;13-verification/tooling/spec-tooling.md;15-traceability/rtm-r1.md;15-traceability/trace-platform.md"
"REQ-PLT-008","32","yes","02-requirements/requirements.md;05-contracts/openapi-ai-slc10.md;05-contracts/openapi-discovery-slc05.md;05-contracts/openapi-field-slc11.md;05-contracts/openapi-foundation-internal-slc01.md;05-contracts/openapi-foundation-slc01.md;05-contracts/openapi-foundation-slc11.md;05-contracts/openapi-foundation-slc16.md;05-contracts/openapi-governance-slc01.md;05-contracts/openapi-governance-slc12a.md;05-contracts/openapi-information-slc02.md;05-contracts/openapi-information-slc04.md;05-contracts/openapi-information-slc14.md;05-contracts/openapi-information-slc15.md;05-contracts/openapi-integration-slc02.md;05-contracts/openapi-integration-slc16.md;05-contracts/openapi-intelligence-slc06.md;05-contracts/openapi-intelligence-slc07.md;05-contracts/openapi-intelligence-slc16.md;05-contracts/openapi-knowledge-slc12.md;05-contracts/openapi-operations-slc03.md;05-contracts/openapi-operations-slc06.md;05-contracts/openapi-operations-slc08.md;05-contracts/openapi-operations-slc15.md;05-contracts/openapi-operations-slc17.md;05-contracts/openapi-readiness-slc03.md;05-contracts/openapi-readiness-slc09.md;05-contracts/openapi-readiness-slc18.md;05-contracts/openapi-readiness-slc19.md;13-verification/tooling/spec-tooling.md;15-traceability/rtm-r1.md;15-traceability/trace-platform.md"
"REQ-PLT-009","32","yes","02-requirements/requirements.md;05-contracts/openapi-ai-slc10.md;05-contracts/openapi-discovery-slc05.md;05-contracts/openapi-field-slc11.md;05-contracts/openapi-foundation-internal-slc01.md;05-contracts/openapi-foundation-slc01.md;05-contracts/openapi-foundation-slc11.md;05-contracts/openapi-foundation-slc16.md;05-contracts/openapi-governance-slc01.md;05-contracts/openapi-governance-slc12a.md;05-contracts/openapi-information-slc02.md;05-contracts/openapi-information-slc04.md;05-contracts/openapi-information-slc14.md;05-contracts/openapi-information-slc15.md;05-contracts/openapi-integration-slc02.md;05-contracts/openapi-integration-slc16.md;05-contracts/openapi-intelligence-slc06.md;05-contracts/openapi-intelligence-slc07.md;05-contracts/openapi-intelligence-slc16.md;05-contracts/openapi-knowledge-slc12.md;05-contracts/openapi-operations-slc03.md;05-contracts/openapi-operations-slc06.md;05-contracts/openapi-operations-slc08.md;05-contracts/openapi-operations-slc15.md;05-contracts/openapi-operations-slc17.md;05-contracts/openapi-readiness-slc03.md;05-contracts/openapi-readiness-slc09.md;05-contracts/openapi-readiness-slc18.md;05-contracts/openapi-readiness-slc19.md;13-verification/tooling/spec-tooling.md;15-traceability/rtm-r1.md;15-traceability/trace-platform.md"
"REQ-PLT-010","6","yes","02-requirements/requirements.md;04-information/language-model.md;12-solution/technology-decisions.md;12-solution/ui-architecture.md;15-traceability/rtm-r1.md;15-traceability/trace-platform.md"
"REQ-PLT-011","4","yes","02-requirements/requirements.md;12-solution/ui-architecture.md;15-traceability/rtm-r1.md;15-traceability/trace-platform.md"
"REQ-PLT-012","4","yes","02-requirements/requirements.md;09-reliability/dr-and-continuity.md;15-traceability/rtm-r1.md;15-traceability/trace-platform.md"
"REQ-PLT-013","5","yes","02-requirements/requirements.md;07-quality/cost-model.md;12-solution/technology-decisions.md;15-traceability/rtm-r1.md;15-traceability/trace-platform.md"
"REQ-PRD-001","14","yes","02-requirements/quality-scenarios.md;02-requirements/requirements.md;02-requirements/use-cases.md;03-domain/contexts/BC06/products-knowledge-archive-spec.md;03-domain/contexts/BC06/queries-slc12.md;03-domain/contexts/BC06/aggregates/AGG-PRODUCT-TEMPLATE.md;03-domain/contexts/BC06/aggregates/AGG-PRODUCT.md;05-contracts/openapi-knowledge-slc12.md;13-verification/acceptance/SLC-12/invariants-slc12.md;13-verification/acceptance/SLC-12/product-state-machine.md;13-verification/acceptance/SLC-12/product-template-state-machine.md;13-verification/tooling/slice-sources.md;15-traceability/rtm-r2.md;15-traceability/trace-slc12.md"
"REQ-PRD-001..003","2","no","03-domain/contexts/BC06/products-knowledge-archive-spec.md;13-verification/acceptance/SLC-12/invariants-slc12.md"
"REQ-PRD-002","10","yes","02-requirements/quality-scenarios.md;02-requirements/requirements.md;02-requirements/use-cases.md;03-domain/contexts/BC06/products-knowledge-archive-spec.md;03-domain/contexts/BC06/aggregates/AGG-PRODUCT.md;13-verification/acceptance/SLC-12/invariants-slc12.md;13-verification/acceptance/SLC-12/product-state-machine.md;13-verification/tooling/slice-sources.md;15-traceability/rtm-r2.md;15-traceability/trace-slc12.md"
"REQ-PRD-003","11","yes","02-requirements/requirements.md;02-requirements/use-cases.md;03-domain/contexts/BC06/products-knowledge-archive-spec.md;03-domain/contexts/BC06/queries-slc12.md;03-domain/contexts/BC06/aggregates/AGG-PRODUCT.md;05-contracts/openapi-knowledge-slc12.md;13-verification/acceptance/SLC-12/invariants-slc12.md;13-verification/acceptance/SLC-12/product-state-machine.md;13-verification/tooling/slice-sources.md;15-traceability/rtm-r2.md;15-traceability/trace-slc12.md"
"REQ-PRD-004","11","yes","02-requirements/requirements.md;02-requirements/use-cases.md;03-domain/contexts/BC06/products-knowledge-archive-spec.md;03-domain/contexts/BC06/queries-slc12.md;03-domain/contexts/BC06/aggregates/AGG-DISTRIBUTION.md;05-contracts/openapi-knowledge-slc12.md;13-verification/acceptance/SLC-12/distribution-state-machine.md;13-verification/acceptance/SLC-12/invariants-slc12.md;13-verification/tooling/slice-sources.md;15-traceability/rtm-r2.md;15-traceability/trace-slc12.md"
"REQ-PRD-005","9","yes","02-requirements/requirements.md;02-requirements/use-cases.md;03-domain/contexts/BC06/products-knowledge-archive-spec.md;03-domain/contexts/BC06/aggregates/AGG-DISTRIBUTION.md;13-verification/acceptance/SLC-12/distribution-state-machine.md;13-verification/acceptance/SLC-12/invariants-slc12.md;13-verification/tooling/slice-sources.md;15-traceability/rtm-r2.md;15-traceability/trace-slc12.md"
"REQ-QUALITY-R2","1","yes","16-reports/REQUIREMENTS-QUALITY-REPORT-R2.md"
"REQ-QUALITY-REPORT","1","yes","16-reports/REQUIREMENTS-QUALITY-REPORT.md"
"REQ-RCM-001","6","yes","02-requirements/requirements.md;03-domain/contexts/BC04/risk-contingency-spec.md;03-domain/contexts/BC04/aggregates/AGG-RISK.md;13-verification/acceptance/SLC-17/risk-state-machine.md;13-verification/tooling/slice-sources.md;15-traceability/trace-slc17.md"
"REQ-RCM-002","6","yes","02-requirements/requirements.md;03-domain/contexts/BC04/aggregates/AGG-RISK.md;13-verification/acceptance/SLC-17/invariants-slc17.md;13-verification/acceptance/SLC-17/risk-state-machine.md;13-verification/tooling/slice-sources.md;15-traceability/trace-slc17.md"
"REQ-RCM-003","6","yes","02-requirements/requirements.md;03-domain/contexts/BC04/aggregates/AGG-RISK.md;13-verification/acceptance/SLC-17/invariants-slc17.md;13-verification/acceptance/SLC-17/risk-state-machine.md;13-verification/tooling/slice-sources.md;15-traceability/trace-slc17.md"
"REQ-RCM-004","7","yes","02-requirements/quality-scenarios.md;02-requirements/requirements.md;03-domain/contexts/BC04/aggregates/AGG-RISK.md;13-verification/acceptance/SLC-17/invariants-slc17.md;13-verification/acceptance/SLC-17/risk-state-machine.md;13-verification/tooling/slice-sources.md;15-traceability/trace-slc17.md"
"REQ-RCM-005","6","yes","02-requirements/requirements.md;03-domain/contexts/BC04/aggregates/AGG-RISK.md;13-verification/acceptance/SLC-17/invariants-slc17.md;13-verification/acceptance/SLC-17/risk-state-machine.md;13-verification/tooling/slice-sources.md;15-traceability/trace-slc17.md"
"REQ-RCM-006","5","yes","02-requirements/requirements.md;03-domain/contexts/BC04/aggregates/AGG-INCIDENT.md;13-verification/acceptance/SLC-17/incident-state-machine.md;13-verification/tooling/slice-sources.md;15-traceability/trace-slc17.md"
"REQ-RCM-007","5","yes","02-requirements/requirements.md;03-domain/contexts/BC04/aggregates/AGG-INCIDENT.md;13-verification/acceptance/SLC-17/incident-state-machine.md;13-verification/tooling/slice-sources.md;15-traceability/trace-slc17.md"
"REQ-RCM-008","5","yes","02-requirements/requirements.md;03-domain/contexts/BC04/aggregates/AGG-INCIDENT.md;13-verification/acceptance/SLC-17/incident-state-machine.md;13-verification/tooling/slice-sources.md;15-traceability/trace-slc17.md"
"REQ-RCM-009","8","yes","02-requirements/quality-scenarios.md;02-requirements/requirements.md;03-domain/contexts/BC04/risk-contingency-spec.md;03-domain/contexts/BC04/aggregates/AGG-INCIDENT.md;13-verification/acceptance/SLC-17/incident-state-machine.md;13-verification/acceptance/SLC-17/invariants-slc17.md;13-verification/tooling/slice-sources.md;15-traceability/trace-slc17.md"
"REQ-RCM-010","6","yes","02-requirements/requirements.md;03-domain/contexts/BC04/aggregates/AGG-INCIDENT.md;13-verification/acceptance/SLC-17/incident-state-machine.md;13-verification/acceptance/SLC-17/invariants-slc17.md;13-verification/tooling/slice-sources.md;15-traceability/trace-slc17.md"
"REQ-RCM-011","7","yes","02-requirements/requirements.md;03-domain/contexts/BC04/risk-contingency-spec.md;03-domain/contexts/BC04/aggregates/AGG-INCIDENT.md;13-verification/acceptance/SLC-17/incident-state-machine.md;13-verification/acceptance/SLC-17/invariants-slc17.md;13-verification/tooling/slice-sources.md;15-traceability/trace-slc17.md"
"REQ-RCM-012","6","yes","02-requirements/requirements.md;03-domain/contexts/BC04/aggregates/AGG-INCIDENT.md;13-verification/acceptance/SLC-17/incident-state-machine.md;13-verification/acceptance/SLC-17/invariants-slc17.md;13-verification/tooling/slice-sources.md;15-traceability/trace-slc17.md"
"REQ-RCM-013","6","yes","02-requirements/requirements.md;03-domain/contexts/BC04/aggregates/AGG-INCIDENT.md;13-verification/acceptance/SLC-17/incident-state-machine.md;13-verification/acceptance/SLC-17/invariants-slc17.md;13-verification/tooling/slice-sources.md;15-traceability/trace-slc17.md"
"REQ-RCM-014","5","yes","02-requirements/requirements.md;03-domain/contexts/BC04/queries-slc17.md;05-contracts/openapi-operations-slc17.md;13-verification/tooling/slice-sources.md;15-traceability/trace-slc17.md"
"REQ-RCM-015","5","yes","02-requirements/requirements.md;03-domain/contexts/BC04/queries-slc17.md;05-contracts/openapi-operations-slc17.md;13-verification/tooling/slice-sources.md;15-traceability/trace-slc17.md"
"REQ-RCM-016","6","yes","02-requirements/requirements.md;03-domain/contexts/BC04/queries-slc17.md;03-domain/contexts/BC04/risk-contingency-spec.md;05-contracts/openapi-operations-slc17.md;13-verification/tooling/slice-sources.md;15-traceability/trace-slc17.md"
"REQ-RDY-001","11","yes","02-requirements/requirements.md;02-requirements/use-cases.md;03-domain/contexts/BC05/eligibility-rules.md;03-domain/contexts/BC05/queries-slc03.md;03-domain/contexts/BC05/aggregates/AGG-QUALIFICATION-RECORD.md;05-contracts/openapi-readiness-slc03.md;13-verification/acceptance/SLC-03/invariants-slc03.md;13-verification/acceptance/SLC-03/qualification-record-state-machine.md;13-verification/tooling/slice-sources.md;15-traceability/rtm-r1.md;15-traceability/trace-slc03.md"
"REQ-RDY-002","11","yes","02-requirements/requirements.md;02-requirements/use-cases.md;03-domain/contexts/BC05/eligibility-rules.md;03-domain/contexts/BC05/queries-slc03.md;03-domain/contexts/BC05/aggregates/AGG-QUALIFICATION-RECORD.md;05-contracts/openapi-readiness-slc03.md;13-verification/acceptance/SLC-03/invariants-slc03.md;13-verification/acceptance/SLC-03/qualification-record-state-machine.md;13-verification/tooling/slice-sources.md;15-traceability/rtm-r1.md;15-traceability/trace-slc03.md"
"REQ-RES-001","10","yes","02-requirements/requirements.md;02-requirements/use-cases.md;03-domain/contexts/BC05/queries-slc09.md;03-domain/contexts/BC05/aggregates/AGG-ASSET.md;05-contracts/openapi-readiness-slc09.md;13-verification/acceptance/SLC-09/asset-state-machine.md;13-verification/acceptance/SLC-09/invariants-slc09.md;13-verification/tooling/slice-sources.md;15-traceability/rtm-r2.md;15-traceability/trace-slc09.md"
"REQ-RES-002","8","yes","02-requirements/requirements.md;02-requirements/use-cases.md;03-domain/contexts/BC05/aggregates/AGG-ASSET.md;13-verification/acceptance/SLC-09/asset-state-machine.md;13-verification/acceptance/SLC-09/invariants-slc09.md;13-verification/tooling/slice-sources.md;15-traceability/rtm-r2.md;15-traceability/trace-slc09.md"
"REQ-RES-003","13","yes","02-requirements/requirements.md;02-requirements/use-cases.md;03-domain/contexts/BC05/allocation-readiness-spec.md;03-domain/contexts/BC05/queries-slc09.md;03-domain/contexts/BC05/aggregates/AGG-ASSET-ASSIGNMENT.md;03-domain/contexts/BC05/aggregates/AGG-ASSET.md;05-contracts/openapi-readiness-slc09.md;13-verification/acceptance/SLC-09/asset-assignment-state-machine.md;13-verification/acceptance/SLC-09/asset-state-machine.md;13-verification/acceptance/SLC-09/invariants-slc09.md;13-verification/tooling/slice-sources.md;15-traceability/rtm-r2.md;15-traceability/trace-slc09.md"
"REQ-RES-004","11","yes","02-requirements/requirements.md;02-requirements/use-cases.md;03-domain/contexts/BC05/allocation-readiness-spec.md;03-domain/contexts/BC05/queries-slc09.md;03-domain/contexts/BC05/aggregates/AGG-MAINTENANCE-ORDER.md;05-contracts/openapi-readiness-slc09.md;13-verification/acceptance/SLC-09/invariants-slc09.md;13-verification/acceptance/SLC-09/maintenance-order-state-machine.md;13-verification/tooling/slice-sources.md;15-traceability/rtm-r2.md;15-traceability/trace-slc09.md"
"REQ-RES-005","8","yes","02-requirements/requirements.md;02-requirements/use-cases.md;03-domain/contexts/BC05/aggregates/AGG-ASSET.md;13-verification/acceptance/SLC-09/asset-state-machine.md;13-verification/acceptance/SLC-09/invariants-slc09.md;13-verification/tooling/slice-sources.md;15-traceability/rtm-r2.md;15-traceability/trace-slc09.md"
"REQ-RES-006","12","yes","02-requirements/quality-scenarios.md;02-requirements/requirements.md;02-requirements/use-cases.md;03-domain/contexts/BC05/allocation-readiness-spec.md;03-domain/contexts/BC05/queries-slc09.md;03-domain/contexts/BC05/aggregates/AGG-RESOURCE-POOL.md;05-contracts/openapi-readiness-slc09.md;13-verification/acceptance/SLC-09/invariants-slc09.md;13-verification/acceptance/SLC-09/resource-pool-state-machine.md;13-verification/tooling/slice-sources.md;15-traceability/rtm-r2.md;15-traceability/trace-slc09.md"
"REQ-RES-007","11","yes","02-requirements/requirements.md;02-requirements/use-cases.md;03-domain/contexts/BC05/allocation-readiness-spec.md;03-domain/contexts/BC05/queries-slc09.md;03-domain/contexts/BC05/aggregates/AGG-ALLOCATION.md;05-contracts/openapi-readiness-slc09.md;13-verification/acceptance/SLC-09/allocation-state-machine.md;13-verification/acceptance/SLC-09/invariants-slc09.md;13-verification/tooling/slice-sources.md;15-traceability/rtm-r2.md;15-traceability/trace-slc09.md"
"REQ-RES-008","10","yes","02-requirements/quality-scenarios.md;02-requirements/requirements.md;02-requirements/use-cases.md;03-domain/contexts/BC05/allocation-readiness-spec.md;03-domain/contexts/BC05/aggregates/AGG-ALLOCATION.md;13-verification/acceptance/SLC-09/allocation-state-machine.md;13-verification/acceptance/SLC-09/invariants-slc09.md;13-verification/tooling/slice-sources.md;15-traceability/rtm-r2.md;15-traceability/trace-slc09.md"
"REQ-RES-009","11","yes","00-governance/glossary.md;02-requirements/requirements.md;02-requirements/use-cases.md;03-domain/contexts/BC05/allocation-readiness-spec.md;03-domain/contexts/BC05/commands-slc09.md;03-domain/contexts/BC05/aggregates/AGG-ALLOCATION.md;13-verification/acceptance/SLC-09/allocation-state-machine.md;13-verification/acceptance/SLC-09/invariants-slc09.md;13-verification/tooling/slice-sources.md;15-traceability/rtm-r2.md;15-traceability/trace-slc09.md"
"REQ-RES-010","10","yes","02-requirements/requirements.md;02-requirements/use-cases.md;03-domain/contexts/BC05/allocation-readiness-spec.md;03-domain/contexts/BC05/commands-slc09.md;03-domain/contexts/BC05/aggregates/AGG-ALLOCATION.md;13-verification/acceptance/SLC-09/allocation-state-machine.md;13-verification/acceptance/SLC-09/invariants-slc09.md;13-verification/tooling/slice-sources.md;15-traceability/rtm-r2.md;15-traceability/trace-slc09.md"
"REQ-RES-011","9","yes","02-requirements/requirements.md;02-requirements/use-cases.md;03-domain/contexts/BC05/allocation-readiness-spec.md;03-domain/contexts/BC05/aggregates/AGG-ALLOCATION.md;13-verification/acceptance/SLC-09/allocation-state-machine.md;13-verification/acceptance/SLC-09/invariants-slc09.md;13-verification/tooling/slice-sources.md;15-traceability/rtm-r2.md;15-traceability/trace-slc09.md"
"REQ-RES-012","11","yes","02-requirements/requirements.md;02-requirements/use-cases.md;03-domain/contexts/BC05/allocation-readiness-spec.md;03-domain/contexts/BC05/aggregates/AGG-ALLOCATION.md;03-domain/contexts/BC05/aggregates/AGG-ASSET-ASSIGNMENT.md;13-verification/acceptance/SLC-09/allocation-state-machine.md;13-verification/acceptance/SLC-09/asset-assignment-state-machine.md;13-verification/acceptance/SLC-09/invariants-slc09.md;13-verification/tooling/slice-sources.md;15-traceability/rtm-r2.md;15-traceability/trace-slc09.md"
"REQ-RES-013","11","yes","02-requirements/requirements.md;02-requirements/use-cases.md;03-domain/contexts/BC05/allocation-readiness-spec.md;03-domain/contexts/BC05/queries-slc09.md;03-domain/contexts/BC05/aggregates/AGG-ROLE-REQUIREMENT.md;05-contracts/openapi-readiness-slc09.md;13-verification/acceptance/SLC-09/invariants-slc09.md;13-verification/acceptance/SLC-09/role-requirement-state-machine.md;13-verification/tooling/slice-sources.md;15-traceability/rtm-r2.md;15-traceability/trace-slc09.md"
"REQ-RES-014","10","yes","02-requirements/requirements.md;02-requirements/use-cases.md;03-domain/contexts/BC05/allocation-readiness-spec.md;03-domain/contexts/BC05/aggregates/AGG-ASSET-RESERVATION.md;13-verification/acceptance/SLC-09/asset-reservation-state-machine.md;13-verification/acceptance/SLC-09/invariants-slc09.md;13-verification/tooling/slice-sources.md;15-traceability/rtm-r2.md;15-traceability/trace-slc09.md;16-reports/REQUIREMENTS-QUALITY-REPORT-R2.md"
"REQ-SIT-001","11","yes","02-requirements/requirements.md;02-requirements/use-cases.md;03-domain/contexts/BC03/queries-slc06.md;03-domain/contexts/BC03/situation-alerting-spec.md;03-domain/contexts/BC03/aggregates/AGG-SITUATION.md;05-contracts/openapi-intelligence-slc06.md;13-verification/acceptance/SLC-06/invariants-slc06.md;13-verification/acceptance/SLC-06/situation-state-machine.md;13-verification/tooling/slice-sources.md;15-traceability/rtm-r1.md;15-traceability/trace-slc06.md"
"REQ-SIT-002","11","yes","02-requirements/requirements.md;02-requirements/use-cases.md;03-domain/contexts/BC03/queries-slc06.md;03-domain/contexts/BC03/situation-alerting-spec.md;03-domain/contexts/BC03/aggregates/AGG-SITUATION.md;05-contracts/openapi-intelligence-slc06.md;13-verification/acceptance/SLC-06/invariants-slc06.md;13-verification/acceptance/SLC-06/situation-state-machine.md;13-verification/tooling/slice-sources.md;15-traceability/rtm-r1.md;15-traceability/trace-slc06.md"
"REQ-SIT-003","11","yes","02-requirements/requirements.md;02-requirements/use-cases.md;03-domain/contexts/BC03/queries-slc06.md;03-domain/contexts/BC03/situation-alerting-spec.md;03-domain/contexts/BC03/aggregates/AGG-SITUATION.md;05-contracts/openapi-intelligence-slc06.md;13-verification/acceptance/SLC-06/invariants-slc06.md;13-verification/acceptance/SLC-06/situation-state-machine.md;13-verification/tooling/slice-sources.md;15-traceability/rtm-r1.md;15-traceability/trace-slc06.md"
"REQ-SIT-004","11","yes","02-requirements/requirements.md;02-requirements/use-cases.md;03-domain/contexts/BC03/situation-alerting-spec.md;03-domain/contexts/BC03/aggregates/AGG-ALERT-RULE.md;03-domain/contexts/BC03/aggregates/AGG-ALERT.md;13-verification/acceptance/SLC-06/alert-rule-state-machine.md;13-verification/acceptance/SLC-06/alert-state-machine.md;13-verification/acceptance/SLC-06/invariants-slc06.md;13-verification/tooling/slice-sources.md;15-traceability/rtm-r1.md;15-traceability/trace-slc06.md"
"REQ-SIT-004..006","1","no","13-verification/acceptance/SLC-06/invariants-slc06.md"
"REQ-SIT-005","12","yes","02-requirements/requirements.md;02-requirements/use-cases.md;03-domain/contexts/BC03/commands-slc06.md;03-domain/contexts/BC03/queries-slc06.md;03-domain/contexts/BC03/situation-alerting-spec.md;03-domain/contexts/BC03/aggregates/AGG-ALERT.md;05-contracts/openapi-intelligence-slc06.md;13-verification/acceptance/SLC-06/alert-state-machine.md;13-verification/acceptance/SLC-06/invariants-slc06.md;13-verification/tooling/slice-sources.md;15-traceability/rtm-r1.md;15-traceability/trace-slc06.md"
"REQ-SIT-006","10","yes","01-business/business-rules.md;02-requirements/requirements.md;03-domain/contexts/BC03/situation-alerting-spec.md;03-domain/contexts/BC03/aggregates/AGG-ALERT.md;13-verification/acceptance/SLC-06/alert-state-machine.md;13-verification/acceptance/SLC-06/invariants-slc06.md;13-verification/tooling/slice-sources.md;15-traceability/rtm-r1.md;15-traceability/trace-slc06.md;16-reports/SESSION-W2.md"
"REQ-SIT-007","11","yes","02-requirements/requirements.md;02-requirements/use-cases.md;03-domain/contexts/BC03/queries-slc06.md;03-domain/contexts/BC03/situation-alerting-spec.md;04-information/spatial-model.md;05-contracts/openapi-intelligence-slc06.md;13-verification/acceptance/SLC-06/invariants-slc06.md;13-verification/tooling/slice-sources.md;15-traceability/rtm-r1.md;15-traceability/trace-slc06.md;16-reports/SESSION-W2.md"
"REQ-SRC-001","9","yes","02-requirements/requirements.md;02-requirements/use-cases.md;03-domain/contexts/BC07/discovery-architecture.md;03-domain/contexts/BC07/queries-slc05.md;05-contracts/openapi-discovery-slc05.md;13-verification/acceptance/SLC-05/invariants-slc05.md;13-verification/tooling/slice-sources.md;15-traceability/rtm-r1.md;15-traceability/trace-slc05.md"
"REQ-SRC-002","7","yes","01-business/business-rules.md;02-requirements/requirements.md;02-requirements/use-cases.md;03-domain/contexts/BC07/discovery-architecture.md;13-verification/acceptance/SLC-05/invariants-slc05.md;15-traceability/rtm-r1.md;15-traceability/trace-slc05.md"
"REQ-SRC-003","15","yes","02-requirements/requirements.md;02-requirements/use-cases.md;03-domain/contexts/BC02/candidate-generation.md;03-domain/contexts/BC02/aggregates/AGG-MATCH-RULESET.md;03-domain/contexts/BC07/discovery-architecture.md;03-domain/contexts/BC07/queries-slc05.md;04-information/language-model.md;05-contracts/openapi-discovery-slc05.md;13-verification/acceptance/SLC-04/invariants-slc04.md;13-verification/acceptance/SLC-04/match-ruleset-state-machine.md;13-verification/acceptance/SLC-05/invariants-slc05.md;13-verification/tooling/slice-sources.md;15-traceability/rtm-r1.md;15-traceability/trace-slc04.md;15-traceability/trace-slc05.md"
"REQ-SRC-004","11","yes","02-requirements/requirements.md;03-domain/contexts/BC07/discovery-architecture.md;03-domain/contexts/BC07/queries-slc05.md;03-domain/contexts/BC07/aggregates/AGG-PROJECTION-VERSION.md;05-contracts/openapi-discovery-slc05.md;13-verification/fitness-functions.md;13-verification/acceptance/SLC-05/invariants-slc05.md;13-verification/acceptance/SLC-05/projection-version-state-machine.md;13-verification/tooling/slice-sources.md;15-traceability/rtm-r1.md;15-traceability/trace-slc05.md"
"REQ-TRX-001","6","yes","02-requirements/requirements.md;03-domain/contexts/BC05/training-exercise-spec.md;03-domain/contexts/BC05/aggregates/AGG-SCENARIO.md;13-verification/acceptance/SLC-19/scenario-state-machine.md;13-verification/tooling/slice-sources.md;15-traceability/trace-slc19.md"
"REQ-TRX-002","6","yes","02-requirements/requirements.md;03-domain/contexts/BC05/aggregates/AGG-SCENARIO.md;13-verification/acceptance/SLC-19/invariants-slc19.md;13-verification/acceptance/SLC-19/scenario-state-machine.md;13-verification/tooling/slice-sources.md;15-traceability/trace-slc19.md"
"REQ-TRX-003","7","yes","02-requirements/requirements.md;03-domain/contexts/BC05/training-exercise-spec.md;03-domain/contexts/BC05/aggregates/AGG-EXERCISE.md;13-verification/acceptance/SLC-19/exercise-state-machine.md;13-verification/acceptance/SLC-19/invariants-slc19.md;13-verification/tooling/slice-sources.md;15-traceability/trace-slc19.md"
"REQ-TRX-004","5","yes","02-requirements/requirements.md;03-domain/contexts/BC05/aggregates/AGG-EXERCISE.md;13-verification/acceptance/SLC-19/exercise-state-machine.md;13-verification/tooling/slice-sources.md;15-traceability/trace-slc19.md"
"REQ-TRX-005","7","yes","02-requirements/requirements.md;03-domain/contexts/BC05/training-exercise-spec.md;03-domain/contexts/BC05/aggregates/AGG-EXERCISE.md;13-verification/acceptance/SLC-19/exercise-state-machine.md;13-verification/acceptance/SLC-19/invariants-slc19.md;13-verification/tooling/slice-sources.md;15-traceability/trace-slc19.md"
"REQ-TRX-006","6","yes","02-requirements/requirements.md;03-domain/contexts/BC05/aggregates/AGG-EXERCISE.md;13-verification/acceptance/SLC-19/exercise-state-machine.md;13-verification/acceptance/SLC-19/invariants-slc19.md;13-verification/tooling/slice-sources.md;15-traceability/trace-slc19.md"
"REQ-TRX-007","5","yes","02-requirements/requirements.md;03-domain/contexts/BC05/aggregates/AGG-EXERCISE.md;13-verification/acceptance/SLC-19/exercise-state-machine.md;13-verification/tooling/slice-sources.md;15-traceability/trace-slc19.md"
"REQ-TRX-008","6","yes","02-requirements/quality-scenarios.md;02-requirements/requirements.md;03-domain/contexts/BC05/aggregates/AGG-SIMULATION.md;13-verification/acceptance/SLC-19/simulation-state-machine.md;13-verification/tooling/slice-sources.md;15-traceability/trace-slc19.md"
"REQ-TRX-009","5","yes","02-requirements/requirements.md;03-domain/contexts/BC05/aggregates/AGG-SIMULATION.md;13-verification/acceptance/SLC-19/simulation-state-machine.md;13-verification/tooling/slice-sources.md;15-traceability/trace-slc19.md"
"REQ-TRX-010","7","yes","02-requirements/quality-scenarios.md;02-requirements/requirements.md;03-domain/contexts/BC05/aggregates/AGG-SIMULATION.md;13-verification/acceptance/SLC-19/invariants-slc19.md;13-verification/acceptance/SLC-19/simulation-state-machine.md;13-verification/tooling/slice-sources.md;15-traceability/trace-slc19.md"
"REQ-TRX-011","5","yes","02-requirements/requirements.md;03-domain/contexts/BC05/aggregates/AGG-SIMULATION.md;13-verification/acceptance/SLC-19/simulation-state-machine.md;13-verification/tooling/slice-sources.md;15-traceability/trace-slc19.md"
"REQ-TRX-012","4","yes","02-requirements/requirements.md;03-domain/contexts/BC05/training-exercise-spec.md;13-verification/acceptance/SLC-19/invariants-slc19.md;15-traceability/trace-slc19.md"
"REQ-TRX-013","4","yes","02-requirements/requirements.md;03-domain/contexts/BC05/training-exercise-spec.md;13-verification/acceptance/SLC-19/invariants-slc19.md;15-traceability/trace-slc19.md"
"REQ-TRX-014","5","yes","02-requirements/requirements.md;03-domain/contexts/BC05/queries-slc19.md;05-contracts/openapi-readiness-slc19.md;13-verification/tooling/slice-sources.md;15-traceability/trace-slc19.md"
"REQ-TRX-015","5","yes","02-requirements/requirements.md;03-domain/contexts/BC05/queries-slc19.md;05-contracts/openapi-readiness-slc19.md;13-verification/tooling/slice-sources.md;15-traceability/trace-slc19.md"
"RESOURCE-TYPES","1","no","01-business/release-2-scope.md"
"REVIEW-R1.","2","no","16-reports/ARCHITECTURE-REVIEW-R2.md;16-reports/SESSION-W9.md"
"REVIEW-R2.","1","no","16-reports/SESSION-R2-BASELINE.md"
"ROLE-ASSIGNMENT","1","no","13-verification/invariant-properties-slc01.md"
"RSK-001","3","yes","00-governance/registers/risks.md;16-reports/CONSISTENCY-REPORT-R1.md;16-reports/CONSISTENCY-REPORT-R2.md"
"RSK-002","3","yes","00-governance/registers/risks.md;16-reports/CONSISTENCY-REPORT-R1.md;16-reports/CONSISTENCY-REPORT-R2.md"
"RSK-003","3","yes","00-governance/registers/risks.md;16-reports/CONSISTENCY-REPORT-R1.md;16-reports/CONSISTENCY-REPORT-R2.md"
"RSK-004","1","yes","00-governance/registers/risks.md"
"RSK-005","2","yes","00-governance/registers/risks.md;16-reports/ARCHITECTURE-REVIEW-R1.md"
"RSK-006","3","yes","00-governance/registers/risks.md;16-reports/ARCHITECTURE-REVIEW-R1.md;16-reports/ARCHITECTURE-REVIEW-R2.md"
"RSK-007","3","yes","00-governance/registers/risks.md;16-reports/CONSISTENCY-REPORT-R1.md;16-reports/CONSISTENCY-REPORT-R2.md"
"RSK-008","3","yes","00-governance/registers/risks.md;16-reports/CONSISTENCY-REPORT-R1.md;16-reports/CONSISTENCY-REPORT-R2.md"
"RSK-009","2","yes","00-governance/registers/risks.md;16-reports/EVOLUTION-ROADMAP.md"
"RSK-010","3","yes","00-governance/registers/risks.md;16-reports/CONSISTENCY-REPORT-R1.md;16-reports/CONSISTENCY-REPORT-R2.md"
"RSK-011","1","yes","00-governance/registers/risks.md"
"RSK-012","1","yes","00-governance/registers/risks.md"
"RSK-013","4","yes","00-governance/registers/risks.md;16-reports/CONSISTENCY-REPORT-R1.md;16-reports/CONSISTENCY-REPORT-R2.md;16-reports/SESSION-W1.md"
"RSK-014","1","yes","00-governance/registers/risks.md"
"RSK-015","3","yes","00-governance/registers/risks.md;14-slices/SLC-10/atam-lite.md;16-reports/ARCHITECTURE-REVIEW-R2.md"
"RSK-016","1","yes","00-governance/registers/risks.md"
"RSK-017","4","yes","00-governance/registers/risks.md;04-information/entity-resolution.md;14-slices/SLC-04/atam-lite.md;16-reports/SESSION-W3.md"
"RSK-018","6","yes","00-governance/registers/risks.md;14-slices/SLC-01/atam-lite.md;16-reports/ARCHITECTURE-REVIEW-R1.md;16-reports/CONSISTENCY-REPORT-R1.md;16-reports/CONSISTENCY-REPORT-R2.md;16-reports/SESSION-W3.md"
"RSK-019","7","yes","00-governance/registers/risks.md;03-domain/contexts/BC02/claims-temporal-kernel.md;14-slices/SLC-02/atam-lite.md;16-reports/ARCHITECTURE-REVIEW-R1.md;16-reports/SESSION-W3.md;16-reports/SESSION-W4-W7-SLC01.md;16-reports/SESSION-W4-W7-SLC02.md"
"RSK-020","5","yes","00-governance/registers/risks.md;14-slices/SLC-02/atam-lite.md;16-reports/CONSISTENCY-REPORT-R1.md;16-reports/CONSISTENCY-REPORT-R2.md;16-reports/SESSION-W4-W7-SLC02.md"
"RSK-021","7","yes","00-governance/registers/risks.md;03-domain/contexts/BC07/aggregates/AGG-EVAL-SUITE.md;13-verification/tooling/slice-sources.md;14-slices/SLC-04/atam-lite.md;16-reports/ARCHITECTURE-REVIEW-R1.md;16-reports/ARCHITECTURE-REVIEW-R2.md;16-reports/SESSION-W4-W7-SLC04.md"
"RSK-022","4","yes","00-governance/registers/risks.md;12-solution/technology-decisions.md;14-slices/SLC-05/atam-lite.md;16-reports/SESSION-W4-W7-SLC05.md"
"RSK-023","4","yes","00-governance/registers/risks.md;12-solution/w8-inputs.md;14-slices/SLC-06/atam-lite.md;16-reports/SESSION-W4-W7-SLC06.md"
"RSK-024","3","yes","00-governance/registers/risks.md;14-slices/SLC-07/atam-lite.md;16-reports/SESSION-W4-W7-SLC07.md"
"RSK-025","6","yes","00-governance/registers/risks.md;14-slices/SLC-12a/atam-lite.md;16-reports/ARCHITECTURE-REVIEW-R1.md;16-reports/CONSISTENCY-REPORT-R1.md;16-reports/CONSISTENCY-REPORT-R2.md;16-reports/SESSION-W4-W7-SLC12a.md"
"RSK-026","8","yes","00-governance/RATIFICATION-PACKAGE.md;00-governance/registers/assumptions.md;00-governance/registers/risks.md;16-reports/ARCHITECTURE-REVIEW-R1.md;16-reports/CONSISTENCY-REPORT-R1.md;16-reports/CONSISTENCY-REPORT-R2.md;16-reports/IMPLEMENTATION-READINESS-R1.md;16-reports/SESSION-W8.md"
"RSK-027","29","yes","README.md;00-governance/registers/risks.md;01-business/release-2-scope.md;01-business/release-3-scope.md;03-domain/contexts/BC05/allocation-readiness-spec.md;03-domain/contexts/BC05/logistics-spec.md;03-domain/contexts/BC07/grounded-ai-spec.md;09-reliability/fmea-slc18.md;14-slices/slices.md;14-slices/SLC-09/readiness.md;14-slices/SLC-10/readiness.md;14-slices/SLC-12/readiness.md;14-slices/SLC-14/readiness.md;14-slices/SLC-15/readiness.md;14-slices/SLC-16/readiness.md;14-slices/SLC-17/readiness.md;15-traceability/rtm-r2.md;16-reports/ANTI-PATTERN-REPORT-R2.md;16-reports/ARCHITECTURE-REVIEW-R2.md;16-reports/CONSISTENCY-REPORT-R2.md;16-reports/ENGINEERING-BASELINE-R2.md;16-reports/EVOLUTION-ROADMAP.md;16-reports/SESSION-R2-BASELINE.md;16-reports/SESSION-W2-R2.md;16-reports/SESSION-W4-W7-SLC09.md;16-reports/SESSION-W4-W7-SLC12.md;16-reports/SESSION-W4-W7-SLC17.md;16-reports/SESSION-W4-W7-SLC18.md;16-reports/SESSION-W4-W7-SLC19.md"
"RSK-027-","1","no","16-reports/SESSION-R2-BASELINE.md"
"RSK-028","23","yes","README.md;00-governance/registers/risks.md;01-business/release-3-scope.md;02-requirements/quality-scenarios.md;03-domain/contexts/BC04/risk-contingency-spec.md;03-domain/contexts/BC04/aggregates/AGG-INCIDENT.md;03-domain/contexts/BC05/logistics-spec.md;03-domain/contexts/BC05/training-exercise-spec.md;07-quality/workloads-slc17.md;07-quality/workloads-slc18.md;07-quality/workloads-slc19.md;13-verification/tooling/slice-sources.md;14-slices/slices.md;14-slices/SLC-17/atam-lite.md;14-slices/SLC-17/readiness.md;14-slices/SLC-18/readiness.md;14-slices/SLC-19/atam-lite.md;14-slices/SLC-19/readiness.md;15-traceability/quality-verification-matrix.md;16-reports/EVOLUTION-ROADMAP.md;16-reports/SESSION-W4-W7-SLC17.md;16-reports/SESSION-W4-W7-SLC18.md;16-reports/SESSION-W4-W7-SLC19.md"
"RTM-R1","3","yes","15-traceability/rtm-r1.md;16-reports/CONSISTENCY-REPORT-R1.md;16-reports/IMPLEMENTATION-READINESS-R1.md"
"RTM-R2","1","yes","15-traceability/rtm-r2.md"
"SA-003","1","no","13-verification/fitness-functions.md"
"SCALE-ENVELOPE","1","yes","07-quality/scale-envelope.md"
"SECURITY-EXCEPTION","1","no","13-verification/invariant-properties-slc01.md"
"SESSION-R2-BASELINE","1","yes","16-reports/SESSION-R2-BASELINE.md"
"SESSION-R2-BASELINE.","1","no","README.md"
"SESSION-SLC01","1","yes","16-reports/SESSION-W4-W7-SLC01.md"
"SESSION-SLC02","1","yes","16-reports/SESSION-W4-W7-SLC02.md"
"SESSION-SLC03","1","yes","16-reports/SESSION-W4-W7-SLC03.md"
"SESSION-SLC04","1","yes","16-reports/SESSION-W4-W7-SLC04.md"
"SESSION-SLC05","1","yes","16-reports/SESSION-W4-W7-SLC05.md"
"SESSION-SLC06","1","yes","16-reports/SESSION-W4-W7-SLC06.md"
"SESSION-SLC07","1","yes","16-reports/SESSION-W4-W7-SLC07.md"
"SESSION-SLC08","1","yes","16-reports/SESSION-W4-W7-SLC08.md"
"SESSION-SLC09","1","yes","16-reports/SESSION-W4-W7-SLC09.md"
"SESSION-SLC10","1","yes","16-reports/SESSION-W4-W7-SLC10.md"
"SESSION-SLC11","1","yes","16-reports/SESSION-W4-W7-SLC11.md"
"SESSION-SLC12","1","yes","16-reports/SESSION-W4-W7-SLC12.md"
"SESSION-SLC12A","1","yes","16-reports/SESSION-W4-W7-SLC12a.md"
"SESSION-SLC14","1","yes","16-reports/SESSION-W4-W7-SLC14.md"
"SESSION-SLC15","1","yes","16-reports/SESSION-W4-W7-SLC15.md"
"SESSION-SLC16","1","yes","16-reports/SESSION-W4-W7-SLC16.md"
"SESSION-SLC17","1","yes","16-reports/SESSION-W4-W7-SLC17.md"
"SESSION-SLC18","1","yes","16-reports/SESSION-W4-W7-SLC18.md"
"SESSION-SLC19","1","yes","16-reports/SESSION-W4-W7-SLC19.md"
"SESSION-W0","1","yes","16-reports/SESSION-W0.md"
"SESSION-W1","1","yes","16-reports/SESSION-W1.md"
"SESSION-W2","2","yes","00-governance/RATIFICATION-PACKAGE.md;16-reports/SESSION-W2.md"
"SESSION-W2-R2","1","yes","16-reports/SESSION-W2-R2.md"
"SESSION-W3","1","yes","16-reports/SESSION-W3.md"
"SESSION-W4-W7-SLC17.","2","no","README.md;01-business/release-3-scope.md"
"SESSION-W4-W7-SLC18.","2","no","README.md;01-business/release-3-scope.md"
"SESSION-W4-W7-SLC19.","2","no","README.md;01-business/release-3-scope.md"
"SESSION-W8","1","yes","16-reports/SESSION-W8.md"
"SESSION-W9","1","yes","16-reports/SESSION-W9.md"
"SESSION-W9.","1","no","README.md"
"SH-01","1","yes","01-business/stakeholders.md"
"SH-02","1","yes","01-business/stakeholders.md"
"SH-03","1","yes","01-business/stakeholders.md"
"SH-04","1","yes","01-business/stakeholders.md"
"SH-05","1","yes","01-business/stakeholders.md"
"SHA-256","7","no","03-domain/contexts/BC06/products-knowledge-archive-spec.md;03-domain/contexts/BC06/aggregates/AGG-ARCHIVE-PACKAGE.md;13-verification/acceptance/SLC-12/invariants-slc12.md;13-verification/tooling/slice-sources.md;16-reports/ANTI-PATTERN-REPORT-R2.md;16-reports/ARCHITECTURE-REVIEW-R2.md;16-reports/SESSION-W4-W7-SLC12.md"
"SL-01","11","yes","03-domain/ownership.md;13-verification/spec-lint-rules.md;13-verification/tooling/spec-tooling.md;14-slices/SLC-01/readiness.md;16-reports/CONSISTENCY-CHECK-W3.md;16-reports/CONSISTENCY-REPORT-R1.md;16-reports/SESSION-W0.md;16-reports/SESSION-W1.md;16-reports/SESSION-W2.md;16-reports/SESSION-W3.md;16-reports/gate-reports/GATE-STATUS-W0.md"
"SL-02","5","yes","08-security/policies-slc01.md;13-verification/spec-lint-rules.md;13-verification/tooling/spec-tooling.md;14-slices/SLC-01/readiness.md;14-slices/SLC-02/readiness.md"
"SL-02..SL-09","1","no","14-slices/SLC-04/readiness.md"
"SL-03","5","yes","13-verification/spec-lint-rules.md;13-verification/tooling/spec-tooling.md;14-slices/SLC-01/readiness.md;14-slices/SLC-02/readiness.md;16-reports/CONSISTENCY-REPORT-R1.md"
"SL-04","4","yes","13-verification/spec-lint-rules.md;13-verification/tooling/spec-tooling.md;14-slices/SLC-01/readiness.md;14-slices/SLC-02/readiness.md"
"SL-05","186","yes","03-domain/contexts/BC01/aggregates/AGG-AUTHORITY-GRANT.md;03-domain/contexts/BC01/aggregates/AGG-CLEARANCE.md;03-domain/contexts/BC01/aggregates/AGG-DEVICE.md;03-domain/contexts/BC01/aggregates/AGG-HR-SYNC-PROPOSAL.md;03-domain/contexts/BC01/aggregates/AGG-ORGANIZATION.md;03-domain/contexts/BC01/aggregates/AGG-PERSON.md;03-domain/contexts/BC01/aggregates/AGG-ROLE-ASSIGNMENT.md;03-domain/contexts/BC01/aggregates/AGG-ROLE.md;03-domain/contexts/BC01/aggregates/AGG-SERVICE-ACCOUNT.md;03-domain/contexts/BC01/aggregates/AGG-TENANT.md;03-domain/contexts/BC01/aggregates/AGG-USER.md;03-domain/contexts/BC02/aggregates/AGG-ATTACHMENT.md;03-domain/contexts/BC02/aggregates/AGG-CLAIM.md;03-domain/contexts/BC02/aggregates/AGG-COLLECTION-PLAN.md;03-domain/contexts/BC02/aggregates/AGG-COLLECTION-REQUIREMENT.md;03-domain/contexts/BC02/aggregates/AGG-CONFLICT.md;03-domain/contexts/BC02/aggregates/AGG-CORRELATION-PROPOSAL.md;03-domain/contexts/BC02/aggregates/AGG-CORRELATION-RULE.md;03-domain/contexts/BC02/aggregates/AGG-ENTITY.md;03-domain/contexts/BC02/aggregates/AGG-ER-CASE.md;03-domain/contexts/BC02/aggregates/AGG-EVIDENCE-LINK.md;03-domain/contexts/BC02/aggregates/AGG-EVIDENCE.md;03-domain/contexts/BC02/aggregates/AGG-EXTERNAL-ID.md;03-domain/contexts/BC02/aggregates/AGG-IMPORT-BATCH.md;03-domain/contexts/BC02/aggregates/AGG-MATCH-RULESET.md;03-domain/contexts/BC02/aggregates/AGG-OBSERVATION.md;03-domain/contexts/BC02/aggregates/AGG-REALWORLD-EVENT.md;03-domain/contexts/BC02/aggregates/AGG-RELATIONSHIP.md;03-domain/contexts/BC02/aggregates/AGG-SOURCE.md;03-domain/contexts/BC03/aggregates/AGG-ALERT-RULE.md;03-domain/contexts/BC03/aggregates/AGG-ALERT.md;03-domain/contexts/BC03/aggregates/AGG-ANALYSIS-CASE.md;03-domain/contexts/BC03/aggregates/AGG-ANALYSIS-METHOD.md;03-domain/contexts/BC03/aggregates/AGG-ANALYSIS-RUN.md;03-domain/contexts/BC03/aggregates/AGG-ASSESSMENT.md;03-domain/contexts/BC03/aggregates/AGG-CAP-MESSAGE.md;03-domain/contexts/BC03/aggregates/AGG-FINDING.md;03-domain/contexts/BC03/aggregates/AGG-SITUATION.md;03-domain/contexts/BC04/aggregates/AGG-COORDINATION-CASE.md;03-domain/contexts/BC04/aggregates/AGG-DECISION-REQUEST.md;03-domain/contexts/BC04/aggregates/AGG-DECISION.md;03-domain/contexts/BC04/aggregates/AGG-INCIDENT.md;03-domain/contexts/BC04/aggregates/AGG-NOTIFICATION.md;03-domain/contexts/BC04/aggregates/AGG-OUTCOME-TRACKER.md;03-domain/contexts/BC04/aggregates/AGG-PLAN-VERSION.md;03-domain/contexts/BC04/aggregates/AGG-PLAN.md;03-domain/contexts/BC04/aggregates/AGG-RISK.md;03-domain/contexts/BC04/aggregates/AGG-SUBSCRIPTION.md;03-domain/contexts/BC04/aggregates/AGG-TASK-TYPE.md;03-domain/contexts/BC04/aggregates/AGG-TASK.md;03-domain/contexts/BC05/logistics-spec.md;03-domain/contexts/BC05/aggregates/AGG-ALLOCATION.md;03-domain/contexts/BC05/aggregates/AGG-ASSET-ASSIGNMENT.md;03-domain/contexts/BC05/aggregates/AGG-ASSET-RESERVATION.md;03-domain/contexts/BC05/aggregates/AGG-ASSET.md;03-domain/contexts/BC05/aggregates/AGG-EXERCISE.md;03-domain/contexts/BC05/aggregates/AGG-LOGISTICS-REQUEST.md;03-domain/contexts/BC05/aggregates/AGG-MAINTENANCE-ORDER.md;03-domain/contexts/BC05/aggregates/AGG-QUALIFICATION-RECORD.md;03-domain/contexts/BC05/aggregates/AGG-RESOURCE-POOL.md;03-domain/contexts/BC05/aggregates/AGG-ROLE-REQUIREMENT.md;03-domain/contexts/BC05/aggregates/AGG-SCENARIO.md;03-domain/contexts/BC05/aggregates/AGG-SHIPMENT.md;03-domain/contexts/BC05/aggregates/AGG-SIMULATION.md;03-domain/contexts/BC06/aggregates/AGG-ARCHIVE-PACKAGE.md;03-domain/contexts/BC06/aggregates/AGG-DISTRIBUTION.md;03-domain/contexts/BC06/aggregates/AGG-KNOWLEDGE-OBJECT.md;03-domain/contexts/BC06/aggregates/AGG-PRODUCT-TEMPLATE.md;03-domain/contexts/BC06/aggregates/AGG-PRODUCT.md;03-domain/contexts/BC06/aggregates/AGG-RECONSTRUCTION.md;03-domain/contexts/BC07/aggregates/AGG-ADAPTER.md;03-domain/contexts/BC07/aggregates/AGG-AI-REQUEST.md;03-domain/contexts/BC07/aggregates/AGG-AI-RESULT.md;03-domain/contexts/BC07/aggregates/AGG-AI-ROUTING.md;03-domain/contexts/BC07/aggregates/AGG-AI-TOOL.md;03-domain/contexts/BC07/aggregates/AGG-EVAL-SUITE.md;03-domain/contexts/BC07/aggregates/AGG-INTEGRATION-CONNECTION.md;03-domain/contexts/BC07/aggregates/AGG-MODEL-VERSION.md;03-domain/contexts/BC07/aggregates/AGG-PRELOAD-PACKAGE.md;03-domain/contexts/BC07/aggregates/AGG-PROJECTION-VERSION.md;03-domain/contexts/BC07/aggregates/AGG-SENSOR-STREAM.md;03-domain/contexts/BC07/aggregates/AGG-SYNC-CONFLICT.md;03-domain/contexts/BC07/aggregates/AGG-SYNC-SESSION.md;03-domain/contexts/BC08/aggregates/AGG-CLASSIFICATION-SCHEME.md;03-domain/contexts/BC08/aggregates/AGG-DISPOSITION-RUN.md;03-domain/contexts/BC08/aggregates/AGG-ERASURE-REQUEST.md;03-domain/contexts/BC08/aggregates/AGG-LEGAL-HOLD.md;03-domain/contexts/BC08/aggregates/AGG-POLICY-SET.md;03-domain/contexts/BC08/aggregates/AGG-RETENTION-SCHEDULE.md;03-domain/contexts/BC08/aggregates/AGG-SECURITY-EXCEPTION.md;08-security/threat-model-slc19.md;13-verification/spec-lint-rules.md;13-verification/acceptance/SLC-01/authority-grant-state-machine.md;13-verification/acceptance/SLC-01/classification-scheme-state-machine.md;13-verification/acceptance/SLC-01/clearance-state-machine.md;13-verification/acceptance/SLC-01/organization-state-machine.md;13-verification/acceptance/SLC-01/person-state-machine.md;13-verification/acceptance/SLC-01/policy-set-state-machine.md;13-verification/acceptance/SLC-01/role-assignment-state-machine.md;13-verification/acceptance/SLC-01/role-state-machine.md;13-verification/acceptance/SLC-01/security-exception-state-machine.md;13-verification/acceptance/SLC-01/service-account-state-machine.md;13-verification/acceptance/SLC-01/tenant-state-machine.md;13-verification/acceptance/SLC-01/user-state-machine.md;13-verification/acceptance/SLC-02/adapter-state-machine.md;13-verification/acceptance/SLC-02/attachment-state-machine.md;13-verification/acceptance/SLC-02/claim-state-machine.md;13-verification/acceptance/SLC-02/entity-state-machine.md;13-verification/acceptance/SLC-02/evidence-link-state-machine.md;13-verification/acceptance/SLC-02/evidence-state-machine.md;13-verification/acceptance/SLC-02/external-id-state-machine.md;13-verification/acceptance/SLC-02/import-batch-state-machine.md;13-verification/acceptance/SLC-02/observation-state-machine.md;13-verification/acceptance/SLC-02/realworld-event-state-machine.md;13-verification/acceptance/SLC-02/relationship-state-machine.md;13-verification/acceptance/SLC-02/source-state-machine.md;13-verification/acceptance/SLC-03/qualification-record-state-machine.md;13-verification/acceptance/SLC-03/task-state-machine.md;13-verification/acceptance/SLC-03/task-type-state-machine.md;13-verification/acceptance/SLC-04/conflict-state-machine.md;13-verification/acceptance/SLC-04/er-case-state-machine.md;13-verification/acceptance/SLC-04/match-ruleset-state-machine.md;13-verification/acceptance/SLC-05/projection-version-state-machine.md;13-verification/acceptance/SLC-06/alert-rule-state-machine.md;13-verification/acceptance/SLC-06/alert-state-machine.md;13-verification/acceptance/SLC-06/notification-state-machine.md;13-verification/acceptance/SLC-06/situation-state-machine.md;13-verification/acceptance/SLC-06/subscription-state-machine.md;13-verification/acceptance/SLC-07/analysis-case-state-machine.md;13-verification/acceptance/SLC-07/analysis-method-state-machine.md;13-verification/acceptance/SLC-07/analysis-run-state-machine.md;13-verification/acceptance/SLC-07/assessment-state-machine.md;13-verification/acceptance/SLC-07/finding-state-machine.md;13-verification/acceptance/SLC-08/decision-request-state-machine.md;13-verification/acceptance/SLC-08/decision-state-machine.md;13-verification/acceptance/SLC-08/outcome-tracker-state-machine.md;13-verification/acceptance/SLC-08/plan-state-machine.md;13-verification/acceptance/SLC-08/plan-version-state-machine.md;13-verification/acceptance/SLC-09/allocation-state-machine.md;13-verification/acceptance/SLC-09/asset-assignment-state-machine.md;13-verification/acceptance/SLC-09/asset-reservation-state-machine.md;13-verification/acceptance/SLC-09/asset-state-machine.md;13-verification/acceptance/SLC-09/maintenance-order-state-machine.md;13-verification/acceptance/SLC-09/resource-pool-state-machine.md;13-verification/acceptance/SLC-09/role-requirement-state-machine.md;13-verification/acceptance/SLC-10/ai-request-state-machine.md;13-verification/acceptance/SLC-10/ai-result-state-machine.md;13-verification/acceptance/SLC-10/ai-routing-state-machine.md;13-verification/acceptance/SLC-10/ai-tool-state-machine.md;13-verification/acceptance/SLC-10/eval-suite-state-machine.md;13-verification/acceptance/SLC-10/model-version-state-machine.md;13-verification/acceptance/SLC-11/device-state-machine.md;13-verification/acceptance/SLC-11/preload-package-state-machine.md;13-verification/acceptance/SLC-11/sync-conflict-state-machine.md;13-verification/acceptance/SLC-11/sync-session-state-machine.md;13-verification/acceptance/SLC-12/archive-package-state-machine.md;13-verification/acceptance/SLC-12/distribution-state-machine.md;13-verification/acceptance/SLC-12/knowledge-object-state-machine.md;13-verification/acceptance/SLC-12/product-state-machine.md;13-verification/acceptance/SLC-12/product-template-state-machine.md;13-verification/acceptance/SLC-12/reconstruction-state-machine.md;13-verification/acceptance/SLC-12a/disposition-run-state-machine.md;13-verification/acceptance/SLC-12a/erasure-request-state-machine.md;13-verification/acceptance/SLC-12a/legal-hold-state-machine.md;13-verification/acceptance/SLC-12a/retention-schedule-state-machine.md;13-verification/acceptance/SLC-14/collection-plan-state-machine.md;13-verification/acceptance/SLC-14/collection-requirement-state-machine.md;13-verification/acceptance/SLC-15/coordination-case-state-machine.md;13-verification/acceptance/SLC-15/correlation-proposal-state-machine.md;13-verification/acceptance/SLC-15/correlation-rule-state-machine.md;13-verification/acceptance/SLC-16/cap-message-state-machine.md;13-verification/acceptance/SLC-16/hr-sync-proposal-state-machine.md;13-verification/acceptance/SLC-16/integration-connection-state-machine.md;13-verification/acceptance/SLC-16/sensor-stream-state-machine.md;13-verification/acceptance/SLC-17/incident-state-machine.md;13-verification/acceptance/SLC-17/risk-state-machine.md;13-verification/acceptance/SLC-18/logistics-request-state-machine.md;13-verification/acceptance/SLC-18/shipment-state-machine.md;13-verification/acceptance/SLC-19/exercise-state-machine.md;13-verification/acceptance/SLC-19/scenario-state-machine.md;13-verification/acceptance/SLC-19/simulation-state-machine.md;13-verification/tooling/spec-tooling.md;14-slices/SLC-01/readiness.md;14-slices/SLC-02/readiness.md;16-reports/CONSISTENCY-REPORT-R1.md;16-reports/SESSION-W4-W7-SLC18.md"
"SL-06","94","yes","03-domain/contexts/BC01/aggregates/AGG-AUTHORITY-GRANT.md;03-domain/contexts/BC01/aggregates/AGG-CLEARANCE.md;03-domain/contexts/BC01/aggregates/AGG-DEVICE.md;03-domain/contexts/BC01/aggregates/AGG-HR-SYNC-PROPOSAL.md;03-domain/contexts/BC01/aggregates/AGG-ORGANIZATION.md;03-domain/contexts/BC01/aggregates/AGG-PERSON.md;03-domain/contexts/BC01/aggregates/AGG-ROLE-ASSIGNMENT.md;03-domain/contexts/BC01/aggregates/AGG-ROLE.md;03-domain/contexts/BC01/aggregates/AGG-SERVICE-ACCOUNT.md;03-domain/contexts/BC01/aggregates/AGG-TENANT.md;03-domain/contexts/BC01/aggregates/AGG-USER.md;03-domain/contexts/BC02/aggregates/AGG-ATTACHMENT.md;03-domain/contexts/BC02/aggregates/AGG-CLAIM.md;03-domain/contexts/BC02/aggregates/AGG-COLLECTION-PLAN.md;03-domain/contexts/BC02/aggregates/AGG-COLLECTION-REQUIREMENT.md;03-domain/contexts/BC02/aggregates/AGG-CONFLICT.md;03-domain/contexts/BC02/aggregates/AGG-CORRELATION-PROPOSAL.md;03-domain/contexts/BC02/aggregates/AGG-CORRELATION-RULE.md;03-domain/contexts/BC02/aggregates/AGG-ENTITY.md;03-domain/contexts/BC02/aggregates/AGG-ER-CASE.md;03-domain/contexts/BC02/aggregates/AGG-EVIDENCE-LINK.md;03-domain/contexts/BC02/aggregates/AGG-EVIDENCE.md;03-domain/contexts/BC02/aggregates/AGG-EXTERNAL-ID.md;03-domain/contexts/BC02/aggregates/AGG-IMPORT-BATCH.md;03-domain/contexts/BC02/aggregates/AGG-MATCH-RULESET.md;03-domain/contexts/BC02/aggregates/AGG-OBSERVATION.md;03-domain/contexts/BC02/aggregates/AGG-REALWORLD-EVENT.md;03-domain/contexts/BC02/aggregates/AGG-RELATIONSHIP.md;03-domain/contexts/BC02/aggregates/AGG-SOURCE.md;03-domain/contexts/BC03/aggregates/AGG-ALERT-RULE.md;03-domain/contexts/BC03/aggregates/AGG-ALERT.md;03-domain/contexts/BC03/aggregates/AGG-ANALYSIS-CASE.md;03-domain/contexts/BC03/aggregates/AGG-ANALYSIS-METHOD.md;03-domain/contexts/BC03/aggregates/AGG-ANALYSIS-RUN.md;03-domain/contexts/BC03/aggregates/AGG-ASSESSMENT.md;03-domain/contexts/BC03/aggregates/AGG-CAP-MESSAGE.md;03-domain/contexts/BC03/aggregates/AGG-FINDING.md;03-domain/contexts/BC03/aggregates/AGG-SITUATION.md;03-domain/contexts/BC04/aggregates/AGG-COORDINATION-CASE.md;03-domain/contexts/BC04/aggregates/AGG-DECISION-REQUEST.md;03-domain/contexts/BC04/aggregates/AGG-DECISION.md;03-domain/contexts/BC04/aggregates/AGG-INCIDENT.md;03-domain/contexts/BC04/aggregates/AGG-NOTIFICATION.md;03-domain/contexts/BC04/aggregates/AGG-OUTCOME-TRACKER.md;03-domain/contexts/BC04/aggregates/AGG-PLAN-VERSION.md;03-domain/contexts/BC04/aggregates/AGG-PLAN.md;03-domain/contexts/BC04/aggregates/AGG-RISK.md;03-domain/contexts/BC04/aggregates/AGG-SUBSCRIPTION.md;03-domain/contexts/BC04/aggregates/AGG-TASK-TYPE.md;03-domain/contexts/BC04/aggregates/AGG-TASK.md;03-domain/contexts/BC05/aggregates/AGG-ALLOCATION.md;03-domain/contexts/BC05/aggregates/AGG-ASSET-ASSIGNMENT.md;03-domain/contexts/BC05/aggregates/AGG-ASSET-RESERVATION.md;03-domain/contexts/BC05/aggregates/AGG-ASSET.md;03-domain/contexts/BC05/aggregates/AGG-EXERCISE.md;03-domain/contexts/BC05/aggregates/AGG-LOGISTICS-REQUEST.md;03-domain/contexts/BC05/aggregates/AGG-MAINTENANCE-ORDER.md;03-domain/contexts/BC05/aggregates/AGG-QUALIFICATION-RECORD.md;03-domain/contexts/BC05/aggregates/AGG-RESOURCE-POOL.md;03-domain/contexts/BC05/aggregates/AGG-ROLE-REQUIREMENT.md;03-domain/contexts/BC05/aggregates/AGG-SCENARIO.md;03-domain/contexts/BC05/aggregates/AGG-SHIPMENT.md;03-domain/contexts/BC05/aggregates/AGG-SIMULATION.md;03-domain/contexts/BC06/aggregates/AGG-ARCHIVE-PACKAGE.md;03-domain/contexts/BC06/aggregates/AGG-DISTRIBUTION.md;03-domain/contexts/BC06/aggregates/AGG-KNOWLEDGE-OBJECT.md;03-domain/contexts/BC06/aggregates/AGG-PRODUCT-TEMPLATE.md;03-domain/contexts/BC06/aggregates/AGG-PRODUCT.md;03-domain/contexts/BC06/aggregates/AGG-RECONSTRUCTION.md;03-domain/contexts/BC07/aggregates/AGG-ADAPTER.md;03-domain/contexts/BC07/aggregates/AGG-AI-REQUEST.md;03-domain/contexts/BC07/aggregates/AGG-AI-RESULT.md;03-domain/contexts/BC07/aggregates/AGG-AI-ROUTING.md;03-domain/contexts/BC07/aggregates/AGG-AI-TOOL.md;03-domain/contexts/BC07/aggregates/AGG-EVAL-SUITE.md;03-domain/contexts/BC07/aggregates/AGG-INTEGRATION-CONNECTION.md;03-domain/contexts/BC07/aggregates/AGG-MODEL-VERSION.md;03-domain/contexts/BC07/aggregates/AGG-PRELOAD-PACKAGE.md;03-domain/contexts/BC07/aggregates/AGG-PROJECTION-VERSION.md;03-domain/contexts/BC07/aggregates/AGG-SENSOR-STREAM.md;03-domain/contexts/BC07/aggregates/AGG-SYNC-CONFLICT.md;03-domain/contexts/BC07/aggregates/AGG-SYNC-SESSION.md;03-domain/contexts/BC08/aggregates/AGG-CLASSIFICATION-SCHEME.md;03-domain/contexts/BC08/aggregates/AGG-DISPOSITION-RUN.md;03-domain/contexts/BC08/aggregates/AGG-ERASURE-REQUEST.md;03-domain/contexts/BC08/aggregates/AGG-LEGAL-HOLD.md;03-domain/contexts/BC08/aggregates/AGG-POLICY-SET.md;03-domain/contexts/BC08/aggregates/AGG-RETENTION-SCHEDULE.md;03-domain/contexts/BC08/aggregates/AGG-SECURITY-EXCEPTION.md;13-verification/spec-lint-rules.md;13-verification/tooling/slice-sources.md;13-verification/tooling/spec-tooling.md;14-slices/SLC-01/readiness.md;14-slices/SLC-02/readiness.md"
"SL-07","4","yes","13-verification/spec-lint-rules.md;13-verification/tooling/spec-tooling.md;14-slices/SLC-01/readiness.md;14-slices/SLC-02/readiness.md"
"SL-08","2","yes","13-verification/spec-lint-rules.md;14-slices/SLC-01/readiness.md"
"SL-09","31","yes","03-domain/contexts/BC01/queries-slc01.md;03-domain/contexts/BC01/queries-slc11.md;03-domain/contexts/BC01/queries-slc16.md;03-domain/contexts/BC02/queries-slc02.md;03-domain/contexts/BC02/queries-slc04.md;03-domain/contexts/BC02/queries-slc14.md;03-domain/contexts/BC02/queries-slc15.md;03-domain/contexts/BC03/queries-slc06.md;03-domain/contexts/BC03/queries-slc07.md;03-domain/contexts/BC03/queries-slc16.md;03-domain/contexts/BC04/queries-slc03.md;03-domain/contexts/BC04/queries-slc06.md;03-domain/contexts/BC04/queries-slc08.md;03-domain/contexts/BC04/queries-slc15.md;03-domain/contexts/BC04/queries-slc17.md;03-domain/contexts/BC05/queries-slc03.md;03-domain/contexts/BC05/queries-slc09.md;03-domain/contexts/BC05/queries-slc18.md;03-domain/contexts/BC05/queries-slc19.md;03-domain/contexts/BC06/queries-slc12.md;03-domain/contexts/BC07/queries-slc02.md;03-domain/contexts/BC07/queries-slc05.md;03-domain/contexts/BC07/queries-slc10.md;03-domain/contexts/BC07/queries-slc11.md;03-domain/contexts/BC07/queries-slc16.md;03-domain/contexts/BC08/queries-slc01.md;03-domain/contexts/BC08/queries-slc12a.md;13-verification/spec-lint-rules.md;13-verification/tooling/spec-tooling.md;14-slices/SLC-01/readiness.md;14-slices/SLC-02/readiness.md"
"SL-10","4","yes","00-governance/decisions/ADR-P03.md;13-verification/fitness-functions.md;13-verification/spec-lint-rules.md;14-slices/SLC-02/readiness.md"
"SL-11","7","yes","02-requirements/requirements.md;04-information/temporal-model.md;13-verification/fitness-functions.md;13-verification/spec-lint-rules.md;14-slices/SLC-02/readiness.md;16-reports/ANTI-PATTERN-REPORT-R1.md;16-reports/CONSISTENCY-CHECK-W3.md"
"SL-12","4","yes","02-requirements/requirements.md;13-verification/fitness-functions.md;13-verification/spec-lint-rules.md;14-slices/SLC-02/readiness.md"
"SL-13","1","yes","13-verification/spec-lint-rules.md"
"SL-14","1","yes","13-verification/spec-lint-rules.md"
"SL-15","7","yes","13-verification/spec-lint-rules.md;13-verification/tooling/spec-tooling.md;16-reports/SESSION-W0.md;16-reports/SESSION-W1.md;16-reports/SESSION-W2.md;16-reports/SESSION-W3.md;16-reports/gate-reports/GATE-STATUS-W0.md"
"SL-16","3","yes","13-verification/spec-lint-rules.md;16-reports/REQUIREMENTS-QUALITY-REPORT.md;16-reports/SESSION-W2.md"
"SL-17","2","yes","13-verification/spec-lint-rules.md;14-slices/SLC-01/readiness.md"
"SL-18","2","yes","13-verification/spec-lint-rules.md;14-slices/SLC-01/readiness.md"
"SL-19","5","yes","13-verification/spec-lint-rules.md;13-verification/tooling/spec-tooling.md;16-reports/SESSION-W0.md;16-reports/SESSION-W1.md;16-reports/SESSION-W3.md"
"SL-20","9","yes","13-verification/spec-lint-rules.md;13-verification/tooling/spec-tooling.md;14-slices/SLC-01/readiness.md;16-reports/CONSISTENCY-CHECK-W3.md;16-reports/CONSISTENCY-REPORT-R1.md;16-reports/SESSION-W0.md;16-reports/SESSION-W1.md;16-reports/SESSION-W2.md;16-reports/SESSION-W3.md"
"SL-21","1","yes","13-verification/spec-lint-rules.md"
"SL-22","2","yes","13-verification/spec-lint-rules.md;14-slices/SLC-01/readiness.md"
"SL-23","1","yes","13-verification/spec-lint-rules.md"
"SL-24","8","yes","03-domain/contexts/BC04/aggregates/AGG-PLAN-VERSION.md;13-verification/fitness-functions.md;13-verification/spec-lint-rules.md;13-verification/tooling/slice-sources.md;13-verification/tooling/spec-tooling.md;14-slices/SLC-01/readiness.md;14-slices/SLC-04/readiness.md;14-slices/SLC-08/readiness.md"
"SL-25","1","yes","13-verification/spec-lint-rules.md"
"SL-26","3","yes","00-governance/glossary.md;00-governance/registers/risks.md;13-verification/spec-lint-rules.md"
"SL-27","1","yes","13-verification/spec-lint-rules.md"
"SL-28","4","yes","02-requirements/quality-scenarios.md;02-requirements/requirements.md;13-verification/spec-lint-rules.md;14-slices/SLC-01/readiness.md"
"SL-29","6","yes","00-governance/registers/corrections.md;08-security/label-derivation-rules.md;13-verification/spec-lint-rules.md;15-traceability/trace-platform.md;16-reports/CONSISTENCY-REPORT-R1.md;16-reports/SESSION-W4-W7-SLC12a.md"
"SLC-00","4","yes","14-slices/slices.md;16-reports/SESSION-W3.md;16-reports/SLC-00-WALKTHROUGH.md;16-reports/gate-reports/GATE-STATUS-W3.md"
"SLC-00..SLC-13","1","no","16-reports/SESSION-W0.md"
"SLC-00P","1","no","16-reports/METHODOLOGY-RETROSPECTIVE.md"
"SLC-00-WALKTHROUGH","1","yes","16-reports/SLC-00-WALKTHROUGH.md"
"SLC-01","84","yes","00-governance/RATIFICATION-PACKAGE.md;00-governance/registers/corrections.md;00-governance/registers/human-approvals.md;01-business/system-definition.md;02-requirements/quality-scenarios.md;02-requirements/requirements.md;03-domain/contexts/BC01/commands-slc01.md;03-domain/contexts/BC01/events-slc01.md;03-domain/contexts/BC01/queries-slc01.md;03-domain/contexts/BC01/security-context.md;03-domain/contexts/BC01/aggregates/AGG-AUTHORITY-GRANT.md;03-domain/contexts/BC01/aggregates/AGG-CLEARANCE.md;03-domain/contexts/BC01/aggregates/AGG-ORGANIZATION.md;03-domain/contexts/BC01/aggregates/AGG-PERSON.md;03-domain/contexts/BC01/aggregates/AGG-ROLE-ASSIGNMENT.md;03-domain/contexts/BC01/aggregates/AGG-ROLE.md;03-domain/contexts/BC01/aggregates/AGG-SERVICE-ACCOUNT.md;03-domain/contexts/BC01/aggregates/AGG-TENANT.md;03-domain/contexts/BC01/aggregates/AGG-USER.md;03-domain/contexts/BC08/commands-slc01.md;03-domain/contexts/BC08/events-slc01.md;03-domain/contexts/BC08/queries-slc01.md;03-domain/contexts/BC08/aggregates/AGG-CLASSIFICATION-SCHEME.md;03-domain/contexts/BC08/aggregates/AGG-POLICY-SET.md;03-domain/contexts/BC08/aggregates/AGG-SECURITY-EXCEPTION.md;05-contracts/asyncapi-slc01.md;05-contracts/errors-slc01.md;05-contracts/openapi-foundation-internal-slc01.md;05-contracts/openapi-foundation-slc01.md;05-contracts/openapi-governance-slc01.md;06-data/logical-model/slc-01.md;07-quality/workloads-slc01.md;08-security/audit-architecture.md;08-security/label-derivation-rules.md;08-security/policies-slc01.md;08-security/policies-slc02.md;08-security/threat-model-slc01.md;09-reliability/degradation-slc01.md;09-reliability/fmea-slc01.md;09-reliability/observability-slc01.md;12-solution/w8-inputs.md;13-verification/invariant-properties-slc01.md;13-verification/invariant-properties-slc02.md;13-verification/acceptance/SLC-01/authority-grant-state-machine.md;13-verification/acceptance/SLC-01/classification-scheme-state-machine.md;13-verification/acceptance/SLC-01/clearance-state-machine.md;13-verification/acceptance/SLC-01/invariants-slc01.md;13-verification/acceptance/SLC-01/organization-state-machine.md;13-verification/acceptance/SLC-01/person-state-machine.md;13-verification/acceptance/SLC-01/policy-set-state-machine.md;13-verification/acceptance/SLC-01/role-assignment-state-machine.md;13-verification/acceptance/SLC-01/role-state-machine.md;13-verification/acceptance/SLC-01/security-exception-state-machine.md;13-verification/acceptance/SLC-01/service-account-state-machine.md;13-verification/acceptance/SLC-01/tenant-state-machine.md;13-verification/acceptance/SLC-01/user-state-machine.md;13-verification/tooling/slice-sources.md;13-verification/tooling/spec-tooling.md;14-slices/slices.md;14-slices/SLC-01/atam-lite.md;14-slices/SLC-01/readiness.md;14-slices/SLC-02/atam-lite.md;14-slices/SLC-02/readiness.md;14-slices/SLC-03/readiness.md;14-slices/SLC-04/readiness.md;14-slices/SLC-05/readiness.md;14-slices/SLC-08/readiness.md;14-slices/SLC-09/readiness.md;14-slices/SLC-11/readiness.md;14-slices/SLC-12a/readiness.md;14-slices/SLC-16/readiness.md;15-traceability/rtm-r1.md;15-traceability/trace-slc01.md;16-reports/IMPLEMENTATION-READINESS-R1.md;16-reports/SESSION-W3.md;16-reports/SESSION-W4-W7-SLC01.md;16-reports/SESSION-W4-W7-SLC02.md;16-reports/SESSION-W4-W7-SLC03.md;16-reports/SESSION-W4-W7-SLC04.md;16-reports/SESSION-W4-W7-SLC12a.md;16-reports/gate-reports/GATE-STATUS-SLC01.md;16-reports/gate-reports/GATE-STATUS-SLC02.md;16-reports/gate-reports/GATE-STATUS-SLC03.md;16-reports/gate-reports/GATE-STATUS-SLC04.md"
"SLC-01..04","4","yes","03-domain/contexts/BC07/discovery-architecture.md;14-slices/SLC-05/readiness.md;16-reports/SESSION-W4-W7-SLC03.md;16-reports/gate-reports/GATE-STATUS-SLC05.md"
"SLC-01..05","1","no","16-reports/SESSION-W4-W7-SLC05.md"
"SLC-01..06","2","no","16-reports/SESSION-W4-W7-SLC06.md;16-reports/gate-reports/GATE-STATUS-SLC06.md"
"SLC-01..07","2","no","16-reports/SESSION-W4-W7-SLC07.md;16-reports/gate-reports/GATE-STATUS-SLC07.md"
"SLC-01..08","4","no","16-reports/SESSION-W4-W7-SLC08.md;16-reports/SESSION-W4-W7-SLC11.md;16-reports/gate-reports/GATE-STATUS-SLC08.md;16-reports/gate-reports/GATE-STATUS-SLC11.md"
"SLC-02","87","yes","00-governance/RATIFICATION-PACKAGE.md;00-governance/registers/corrections.md;00-governance/registers/human-approvals.md;00-governance/registers/risks.md;02-requirements/quality-scenarios.md;03-domain/contexts/BC02/claims-temporal-kernel.md;03-domain/contexts/BC02/commands-slc02.md;03-domain/contexts/BC02/events-slc02.md;03-domain/contexts/BC02/queries-slc02.md;03-domain/contexts/BC02/aggregates/AGG-ATTACHMENT.md;03-domain/contexts/BC02/aggregates/AGG-CLAIM.md;03-domain/contexts/BC02/aggregates/AGG-ENTITY.md;03-domain/contexts/BC02/aggregates/AGG-EVIDENCE-LINK.md;03-domain/contexts/BC02/aggregates/AGG-EVIDENCE.md;03-domain/contexts/BC02/aggregates/AGG-EXTERNAL-ID.md;03-domain/contexts/BC02/aggregates/AGG-IMPORT-BATCH.md;03-domain/contexts/BC02/aggregates/AGG-OBSERVATION.md;03-domain/contexts/BC02/aggregates/AGG-REALWORLD-EVENT.md;03-domain/contexts/BC02/aggregates/AGG-RELATIONSHIP.md;03-domain/contexts/BC02/aggregates/AGG-SOURCE.md;03-domain/contexts/BC03/aggregates/AGG-CAP-MESSAGE.md;03-domain/contexts/BC07/commands-slc02.md;03-domain/contexts/BC07/enterprise-integration-spec.md;03-domain/contexts/BC07/events-slc02.md;03-domain/contexts/BC07/events-slc16.md;03-domain/contexts/BC07/field-sync-protocol.md;03-domain/contexts/BC07/queries-slc02.md;03-domain/contexts/BC07/aggregates/AGG-ADAPTER.md;04-information/business-objects-kernel.md;05-contracts/asyncapi-slc02.md;05-contracts/asyncapi-slc16.md;05-contracts/errors-slc02.md;05-contracts/openapi-information-slc02.md;05-contracts/openapi-integration-slc02.md;06-data/logical-model/slc-02.md;07-quality/workloads-slc02.md;08-security/label-derivation-rules.md;08-security/policies-slc02.md;08-security/threat-model-slc02.md;09-reliability/degradation-slc02.md;09-reliability/fmea-slc02.md;09-reliability/observability-slc02.md;11-integration/README.md;12-solution/release-configuration-migration.md;12-solution/w8-inputs.md;13-verification/invariant-properties-slc02.md;13-verification/acceptance/SLC-02/adapter-state-machine.md;13-verification/acceptance/SLC-02/attachment-state-machine.md;13-verification/acceptance/SLC-02/claim-state-machine.md;13-verification/acceptance/SLC-02/entity-state-machine.md;13-verification/acceptance/SLC-02/evidence-link-state-machine.md;13-verification/acceptance/SLC-02/evidence-state-machine.md;13-verification/acceptance/SLC-02/external-id-state-machine.md;13-verification/acceptance/SLC-02/import-batch-state-machine.md;13-verification/acceptance/SLC-02/invariants-slc02.md;13-verification/acceptance/SLC-02/observation-state-machine.md;13-verification/acceptance/SLC-02/realworld-event-state-machine.md;13-verification/acceptance/SLC-02/relationship-state-machine.md;13-verification/acceptance/SLC-02/source-state-machine.md;13-verification/tooling/slice-sources.md;13-verification/tooling/spec-tooling.md;14-slices/slices.md;14-slices/SLC-02/atam-lite.md;14-slices/SLC-02/readiness.md;14-slices/SLC-04/readiness.md;14-slices/SLC-05/readiness.md;14-slices/SLC-06/readiness.md;14-slices/SLC-07/readiness.md;14-slices/SLC-11/readiness.md;14-slices/SLC-12a/readiness.md;14-slices/SLC-14/readiness.md;14-slices/SLC-16/readiness.md;15-traceability/rtm-r1.md;15-traceability/trace-slc02.md;16-reports/EVOLUTION-ROADMAP.md;16-reports/IMPLEMENTATION-READINESS-R1.md;16-reports/SESSION-W0.md;16-reports/SESSION-W3.md;16-reports/SESSION-W4-W7-SLC01.md;16-reports/SESSION-W4-W7-SLC02.md;16-reports/SESSION-W4-W7-SLC04.md;16-reports/SESSION-W4-W7-SLC08.md;16-reports/SESSION-W4-W7-SLC11.md;16-reports/SESSION-W4-W7-SLC12a.md;16-reports/gate-reports/GATE-STATUS-SLC01.md;16-reports/gate-reports/GATE-STATUS-SLC02.md;16-reports/gate-reports/GATE-STATUS-SLC04.md"
"SLC-03","96","yes","README.md;00-governance/RATIFICATION-PACKAGE.md;00-governance/registers/corrections.md;00-governance/registers/human-approvals.md;01-business/release-3-scope.md;02-requirements/quality-scenarios.md;02-requirements/requirements.md;03-domain/contexts/BC02/collection-spec.md;03-domain/contexts/BC02/commands-slc14.md;03-domain/contexts/BC02/events-slc14.md;03-domain/contexts/BC02/aggregates/AGG-COLLECTION-PLAN.md;03-domain/contexts/BC04/commands-slc03.md;03-domain/contexts/BC04/commands-slc17.md;03-domain/contexts/BC04/decision-plan-spec.md;03-domain/contexts/BC04/events-slc03.md;03-domain/contexts/BC04/queries-slc03.md;03-domain/contexts/BC04/risk-contingency-spec.md;03-domain/contexts/BC04/task-lifecycle-rules.md;03-domain/contexts/BC04/aggregates/AGG-INCIDENT.md;03-domain/contexts/BC04/aggregates/AGG-TASK-TYPE.md;03-domain/contexts/BC04/aggregates/AGG-TASK.md;03-domain/contexts/BC05/commands-slc03.md;03-domain/contexts/BC05/eligibility-rules.md;03-domain/contexts/BC05/events-slc03.md;03-domain/contexts/BC05/events-slc09.md;03-domain/contexts/BC05/events-slc19.md;03-domain/contexts/BC05/logistics-spec.md;03-domain/contexts/BC05/queries-slc03.md;03-domain/contexts/BC05/training-exercise-spec.md;03-domain/contexts/BC05/aggregates/AGG-ALLOCATION.md;03-domain/contexts/BC05/aggregates/AGG-ASSET-RESERVATION.md;03-domain/contexts/BC05/aggregates/AGG-QUALIFICATION-RECORD.md;03-domain/contexts/BC07/field-sync-protocol.md;05-contracts/asyncapi-slc03.md;05-contracts/asyncapi-slc09.md;05-contracts/asyncapi-slc14.md;05-contracts/asyncapi-slc19.md;05-contracts/errors-slc03.md;05-contracts/openapi-operations-slc03.md;05-contracts/openapi-readiness-slc03.md;06-data/logical-model/slc-03.md;06-data/logical-model/slc-05.md;06-data/logical-model/slc-17.md;06-data/logical-model/slc-19.md;07-quality/workloads-slc03.md;07-quality/workloads-slc19.md;08-security/label-derivation-rules.md;08-security/policies-slc03.md;08-security/threat-model-slc03.md;09-reliability/fmea-slc03.md;09-reliability/fmea-slc08.md;09-reliability/fmea-slc17.md;09-reliability/fmea-slc19.md;09-reliability/observability-slc03.md;12-solution/w8-inputs.md;13-verification/invariant-properties-slc03.md;13-verification/acceptance/SLC-03/invariants-slc03.md;13-verification/acceptance/SLC-03/qualification-record-state-machine.md;13-verification/acceptance/SLC-03/task-state-machine.md;13-verification/acceptance/SLC-03/task-type-state-machine.md;13-verification/acceptance/SLC-17/invariants-slc17.md;13-verification/acceptance/SLC-19/invariants-slc19.md;13-verification/tooling/slice-sources.md;14-slices/slices.md;14-slices/SLC-01/readiness.md;14-slices/SLC-03/atam-lite.md;14-slices/SLC-03/readiness.md;14-slices/SLC-05/readiness.md;14-slices/SLC-08/readiness.md;14-slices/SLC-09/readiness.md;14-slices/SLC-11/readiness.md;14-slices/SLC-12a/readiness.md;14-slices/SLC-14/readiness.md;14-slices/SLC-17/readiness.md;14-slices/SLC-18/readiness.md;14-slices/SLC-19/atam-lite.md;14-slices/SLC-19/readiness.md;15-traceability/rtm-r1.md;15-traceability/trace-slc03.md;15-traceability/trace-slc19.md;16-reports/CONSISTENCY-REPORT-R1.md;16-reports/EVOLUTION-ROADMAP.md;16-reports/IMPLEMENTATION-READINESS-R1.md;16-reports/REQUIREMENTS-QUALITY-REPORT.md;16-reports/SESSION-W4-W7-SLC02.md;16-reports/SESSION-W4-W7-SLC03.md;16-reports/SESSION-W4-W7-SLC04.md;16-reports/SESSION-W4-W7-SLC05.md;16-reports/SESSION-W4-W7-SLC08.md;16-reports/SESSION-W4-W7-SLC12a.md;16-reports/SESSION-W4-W7-SLC14.md;16-reports/SESSION-W4-W7-SLC17.md;16-reports/SESSION-W4-W7-SLC18.md;16-reports/SESSION-W4-W7-SLC19.md;16-reports/gate-reports/GATE-STATUS-SLC03.md;16-reports/gate-reports/GATE-STATUS-SLC04.md"
"SLC-03..08","2","no","16-reports/SESSION-W4-W7-SLC02.md;16-reports/gate-reports/GATE-STATUS-SLC02.md"
"SLC-04","61","yes","00-governance/RATIFICATION-PACKAGE.md;00-governance/registers/human-approvals.md;00-governance/registers/open-questions.md;02-requirements/quality-scenarios.md;03-domain/contexts/BC02/candidate-generation.md;03-domain/contexts/BC02/claims-temporal-kernel.md;03-domain/contexts/BC02/commands-slc04.md;03-domain/contexts/BC02/commands-slc15.md;03-domain/contexts/BC02/conflict-detection-engine.md;03-domain/contexts/BC02/correlation-fusion-spec.md;03-domain/contexts/BC02/events-slc02.md;03-domain/contexts/BC02/events-slc04.md;03-domain/contexts/BC02/events-slc15.md;03-domain/contexts/BC02/queries-slc02.md;03-domain/contexts/BC02/queries-slc04.md;03-domain/contexts/BC02/aggregates/AGG-CONFLICT.md;03-domain/contexts/BC02/aggregates/AGG-CORRELATION-PROPOSAL.md;03-domain/contexts/BC02/aggregates/AGG-ER-CASE.md;03-domain/contexts/BC02/aggregates/AGG-IMPORT-BATCH.md;03-domain/contexts/BC02/aggregates/AGG-MATCH-RULESET.md;03-domain/contexts/BC07/enterprise-integration-spec.md;04-information/business-objects-kernel.md;05-contracts/asyncapi-slc02.md;05-contracts/asyncapi-slc04.md;05-contracts/asyncapi-slc15.md;05-contracts/errors-slc04.md;05-contracts/openapi-information-slc02.md;05-contracts/openapi-information-slc04.md;06-data/logical-model/slc-04.md;07-quality/workloads-slc04.md;08-security/label-derivation-rules.md;08-security/policies-slc04.md;08-security/threat-model-slc04.md;09-reliability/fmea-slc04.md;09-reliability/observability-slc04.md;12-solution/w8-inputs.md;13-verification/invariant-properties-slc04.md;13-verification/acceptance/SLC-04/conflict-state-machine.md;13-verification/acceptance/SLC-04/er-case-state-machine.md;13-verification/acceptance/SLC-04/invariants-slc04.md;13-verification/acceptance/SLC-04/match-ruleset-state-machine.md;13-verification/acceptance/SLC-15/invariants-slc15.md;13-verification/tooling/slice-sources.md;14-slices/slices.md;14-slices/SLC-02/readiness.md;14-slices/SLC-04/atam-lite.md;14-slices/SLC-04/readiness.md;14-slices/SLC-05/readiness.md;14-slices/SLC-07/readiness.md;14-slices/SLC-15/readiness.md;15-traceability/rtm-r1.md;15-traceability/trace-slc02.md;15-traceability/trace-slc04.md;16-reports/ANTI-PATTERN-REPORT-R2.md;16-reports/IMPLEMENTATION-READINESS-R1.md;16-reports/SESSION-W4-W7-SLC02.md;16-reports/SESSION-W4-W7-SLC04.md;16-reports/SESSION-W4-W7-SLC11.md;16-reports/SESSION-W4-W7-SLC12a.md;16-reports/SESSION-W4-W7-SLC15.md;16-reports/gate-reports/GATE-STATUS-SLC04.md"
"SLC-04..SLC-08","1","no","16-reports/SESSION-W4-W7-SLC01.md"
"SLC-05","75","yes","00-governance/RATIFICATION-PACKAGE.md;00-governance/decisions/ADR-P06.md;00-governance/registers/corrections.md;00-governance/registers/human-approvals.md;02-requirements/quality-scenarios.md;03-domain/contexts/BC02/claims-temporal-kernel.md;03-domain/contexts/BC02/events-slc02.md;03-domain/contexts/BC02/events-slc04.md;03-domain/contexts/BC02/events-slc14.md;03-domain/contexts/BC03/events-slc06.md;03-domain/contexts/BC03/events-slc07.md;03-domain/contexts/BC04/events-slc03.md;03-domain/contexts/BC04/events-slc08.md;03-domain/contexts/BC04/events-slc15.md;03-domain/contexts/BC04/events-slc17.md;03-domain/contexts/BC05/events-slc09.md;03-domain/contexts/BC05/events-slc18.md;03-domain/contexts/BC05/events-slc19.md;03-domain/contexts/BC06/events-slc12.md;03-domain/contexts/BC07/commands-slc05.md;03-domain/contexts/BC07/discovery-architecture.md;03-domain/contexts/BC07/events-slc05.md;03-domain/contexts/BC07/queries-slc05.md;03-domain/contexts/BC07/aggregates/AGG-PROJECTION-VERSION.md;05-contracts/asyncapi-slc02.md;05-contracts/asyncapi-slc03.md;05-contracts/asyncapi-slc04.md;05-contracts/asyncapi-slc05.md;05-contracts/asyncapi-slc06.md;05-contracts/asyncapi-slc07.md;05-contracts/asyncapi-slc08.md;05-contracts/asyncapi-slc09.md;05-contracts/asyncapi-slc12.md;05-contracts/asyncapi-slc14.md;05-contracts/asyncapi-slc15.md;05-contracts/asyncapi-slc17.md;05-contracts/asyncapi-slc18.md;05-contracts/asyncapi-slc19.md;05-contracts/errors-slc05.md;05-contracts/openapi-discovery-slc05.md;06-data/logical-model/slc-05.md;07-quality/workloads-slc05.md;08-security/label-derivation-rules.md;08-security/policies-slc05.md;08-security/threat-model-slc05.md;09-reliability/fmea-slc05.md;09-reliability/observability-slc05.md;12-solution/w8-inputs.md;13-verification/invariant-properties-slc05.md;13-verification/acceptance/SLC-05/invariants-slc05.md;13-verification/acceptance/SLC-05/projection-version-state-machine.md;13-verification/tooling/slice-sources.md;14-slices/slices.md;14-slices/SLC-05/atam-lite.md;14-slices/SLC-05/readiness.md;14-slices/SLC-06/readiness.md;14-slices/SLC-10/readiness.md;15-traceability/rtm-r1.md;15-traceability/trace-slc05.md;16-reports/EVOLUTION-ROADMAP.md;16-reports/IMPLEMENTATION-READINESS-R1.md;16-reports/SESSION-W2.md;16-reports/SESSION-W4-W7-SLC03.md;16-reports/SESSION-W4-W7-SLC04.md;16-reports/SESSION-W4-W7-SLC05.md;16-reports/SESSION-W4-W7-SLC10.md;16-reports/SESSION-W4-W7-SLC12a.md;16-reports/gate-reports/GATE-STATUS-SLC03.md;16-reports/gate-reports/GATE-STATUS-SLC05.md;16-reports/gate-reports/GATE-STATUS-SLC06.md;16-reports/gate-reports/GATE-STATUS-SLC07.md;16-reports/gate-reports/GATE-STATUS-SLC08.md;16-reports/gate-reports/GATE-STATUS-SLC11.md;16-reports/gate-reports/GATE-STATUS-SLC12a.md;16-reports/gate-reports/GATE-STATUS-W8.md"
"SLC-06","59","yes","00-governance/RATIFICATION-PACKAGE.md;00-governance/registers/human-approvals.md;02-requirements/quality-scenarios.md;03-domain/contexts/BC02/events-slc02.md;03-domain/contexts/BC02/events-slc04.md;03-domain/contexts/BC03/commands-slc06.md;03-domain/contexts/BC03/events-slc06.md;03-domain/contexts/BC03/queries-slc06.md;03-domain/contexts/BC03/situation-alerting-spec.md;03-domain/contexts/BC03/aggregates/AGG-ALERT-RULE.md;03-domain/contexts/BC03/aggregates/AGG-ALERT.md;03-domain/contexts/BC03/aggregates/AGG-SITUATION.md;03-domain/contexts/BC04/commands-slc06.md;03-domain/contexts/BC04/events-slc03.md;03-domain/contexts/BC04/events-slc06.md;03-domain/contexts/BC04/events-slc17.md;03-domain/contexts/BC04/queries-slc06.md;03-domain/contexts/BC04/aggregates/AGG-NOTIFICATION.md;03-domain/contexts/BC04/aggregates/AGG-SUBSCRIPTION.md;03-domain/contexts/BC05/events-slc09.md;03-domain/contexts/BC07/enterprise-integration-spec.md;05-contracts/asyncapi-slc02.md;05-contracts/asyncapi-slc03.md;05-contracts/asyncapi-slc04.md;05-contracts/asyncapi-slc06.md;05-contracts/asyncapi-slc09.md;05-contracts/asyncapi-slc17.md;05-contracts/errors-slc06.md;05-contracts/openapi-intelligence-slc06.md;05-contracts/openapi-operations-slc06.md;06-data/logical-model/slc-06.md;07-quality/workloads-slc06.md;08-security/label-derivation-rules.md;08-security/policies-slc06.md;08-security/threat-model-slc06.md;09-reliability/fmea-slc03.md;09-reliability/fmea-slc06.md;09-reliability/observability-slc06.md;12-solution/w8-inputs.md;13-verification/invariant-properties-slc06.md;13-verification/acceptance/SLC-06/alert-rule-state-machine.md;13-verification/acceptance/SLC-06/alert-state-machine.md;13-verification/acceptance/SLC-06/invariants-slc06.md;13-verification/acceptance/SLC-06/notification-state-machine.md;13-verification/acceptance/SLC-06/situation-state-machine.md;13-verification/acceptance/SLC-06/subscription-state-machine.md;13-verification/tooling/slice-sources.md;14-slices/slices.md;14-slices/SLC-06/atam-lite.md;14-slices/SLC-06/readiness.md;14-slices/SLC-16/readiness.md;15-traceability/rtm-r1.md;15-traceability/trace-slc06.md;16-reports/IMPLEMENTATION-READINESS-R1.md;16-reports/SESSION-W4-W7-SLC05.md;16-reports/SESSION-W4-W7-SLC06.md;16-reports/SESSION-W4-W7-SLC12a.md;16-reports/gate-reports/GATE-STATUS-SLC05.md;16-reports/gate-reports/GATE-STATUS-SLC06.md"
"SLC-07","46","yes","00-governance/RATIFICATION-PACKAGE.md;00-governance/registers/corrections.md;00-governance/registers/human-approvals.md;02-requirements/quality-scenarios.md;03-domain/contexts/BC03/analysis-reproducibility-spec.md;03-domain/contexts/BC03/commands-slc07.md;03-domain/contexts/BC03/events-slc07.md;03-domain/contexts/BC03/queries-slc07.md;03-domain/contexts/BC03/aggregates/AGG-ANALYSIS-CASE.md;03-domain/contexts/BC03/aggregates/AGG-ANALYSIS-METHOD.md;03-domain/contexts/BC03/aggregates/AGG-ANALYSIS-RUN.md;03-domain/contexts/BC03/aggregates/AGG-ASSESSMENT.md;03-domain/contexts/BC03/aggregates/AGG-FINDING.md;05-contracts/asyncapi-slc07.md;05-contracts/errors-slc07.md;05-contracts/openapi-intelligence-slc07.md;06-data/logical-model/slc-07.md;07-quality/workloads-slc07.md;08-security/label-derivation-rules.md;08-security/policies-slc07.md;08-security/threat-model-slc07.md;09-reliability/fmea-slc07.md;09-reliability/observability-slc07.md;12-solution/w8-inputs.md;13-verification/invariant-properties-slc07.md;13-verification/acceptance/SLC-07/analysis-case-state-machine.md;13-verification/acceptance/SLC-07/analysis-method-state-machine.md;13-verification/acceptance/SLC-07/analysis-run-state-machine.md;13-verification/acceptance/SLC-07/assessment-state-machine.md;13-verification/acceptance/SLC-07/finding-state-machine.md;13-verification/acceptance/SLC-07/invariants-slc07.md;13-verification/tooling/slice-sources.md;14-slices/slices.md;14-slices/SLC-07/atam-lite.md;14-slices/SLC-07/readiness.md;14-slices/SLC-08/readiness.md;14-slices/SLC-12/readiness.md;15-traceability/rtm-r1.md;15-traceability/trace-slc07.md;16-reports/EVOLUTION-ROADMAP.md;16-reports/IMPLEMENTATION-READINESS-R1.md;16-reports/SESSION-W4-W7-SLC06.md;16-reports/SESSION-W4-W7-SLC07.md;16-reports/SESSION-W4-W7-SLC12a.md;16-reports/gate-reports/GATE-STATUS-SLC06.md;16-reports/gate-reports/GATE-STATUS-SLC07.md"
"SLC-08","72","yes","00-governance/RATIFICATION-PACKAGE.md;00-governance/registers/corrections.md;00-governance/registers/human-approvals.md;01-business/release-3-scope.md;01-business/system-definition.md;02-requirements/quality-scenarios.md;02-requirements/requirements.md;03-domain/contexts/BC02/correlation-fusion-spec.md;03-domain/contexts/BC03/analysis-reproducibility-spec.md;03-domain/contexts/BC03/events-slc07.md;03-domain/contexts/BC04/commands-slc08.md;03-domain/contexts/BC04/commands-slc15.md;03-domain/contexts/BC04/commands-slc17.md;03-domain/contexts/BC04/decision-plan-spec.md;03-domain/contexts/BC04/events-slc03.md;03-domain/contexts/BC04/events-slc08.md;03-domain/contexts/BC04/events-slc15.md;03-domain/contexts/BC04/queries-slc08.md;03-domain/contexts/BC04/risk-contingency-spec.md;03-domain/contexts/BC04/task-lifecycle-rules.md;03-domain/contexts/BC04/aggregates/AGG-COORDINATION-CASE.md;03-domain/contexts/BC04/aggregates/AGG-DECISION-REQUEST.md;03-domain/contexts/BC04/aggregates/AGG-DECISION.md;03-domain/contexts/BC04/aggregates/AGG-INCIDENT.md;03-domain/contexts/BC04/aggregates/AGG-OUTCOME-TRACKER.md;03-domain/contexts/BC04/aggregates/AGG-PLAN-VERSION.md;03-domain/contexts/BC04/aggregates/AGG-PLAN.md;03-domain/contexts/BC04/aggregates/AGG-TASK.md;03-domain/contexts/BC05/events-slc09.md;03-domain/contexts/BC05/aggregates/AGG-ASSET-RESERVATION.md;05-contracts/asyncapi-slc03.md;05-contracts/asyncapi-slc07.md;05-contracts/asyncapi-slc08.md;05-contracts/asyncapi-slc09.md;05-contracts/asyncapi-slc15.md;05-contracts/errors-slc08.md;05-contracts/openapi-operations-slc08.md;06-data/logical-model/slc-08.md;06-data/logical-model/slc-17.md;07-quality/workloads-slc08.md;08-security/label-derivation-rules.md;08-security/policies-slc08.md;08-security/threat-model-slc08.md;09-reliability/fmea-slc08.md;09-reliability/fmea-slc17.md;09-reliability/observability-slc08.md;13-verification/invariant-properties-slc08.md;13-verification/acceptance/SLC-08/decision-request-state-machine.md;13-verification/acceptance/SLC-08/decision-state-machine.md;13-verification/acceptance/SLC-08/invariants-slc08.md;13-verification/acceptance/SLC-08/outcome-tracker-state-machine.md;13-verification/acceptance/SLC-08/plan-state-machine.md;13-verification/acceptance/SLC-08/plan-version-state-machine.md;13-verification/tooling/slice-sources.md;14-slices/slices.md;14-slices/SLC-08/atam-lite.md;14-slices/SLC-08/readiness.md;14-slices/SLC-09/readiness.md;14-slices/SLC-12/readiness.md;14-slices/SLC-15/readiness.md;14-slices/SLC-17/readiness.md;14-slices/SLC-18/readiness.md;15-traceability/rtm-r1.md;15-traceability/trace-slc08.md;16-reports/EVOLUTION-ROADMAP.md;16-reports/IMPLEMENTATION-READINESS-R1.md;16-reports/SESSION-W4-W7-SLC07.md;16-reports/SESSION-W4-W7-SLC08.md;16-reports/SESSION-W4-W7-SLC12a.md;16-reports/SESSION-W4-W7-SLC17.md;16-reports/gate-reports/GATE-STATUS-SLC07.md;16-reports/gate-reports/GATE-STATUS-SLC08.md"
"SLC-09","83","yes","README.md;00-governance/registers/corrections.md;00-governance/registers/technical-debt.md;01-business/release-2-scope.md;01-business/release-3-scope.md;01-business/system-definition.md;02-requirements/requirements.md;03-domain/contexts/BC04/events-slc03.md;03-domain/contexts/BC04/risk-contingency-spec.md;03-domain/contexts/BC04/aggregates/AGG-RISK.md;03-domain/contexts/BC05/allocation-readiness-spec.md;03-domain/contexts/BC05/commands-slc09.md;03-domain/contexts/BC05/events-slc09.md;03-domain/contexts/BC05/events-slc18.md;03-domain/contexts/BC05/logistics-spec.md;03-domain/contexts/BC05/queries-slc09.md;03-domain/contexts/BC05/training-exercise-spec.md;03-domain/contexts/BC05/aggregates/AGG-ALLOCATION.md;03-domain/contexts/BC05/aggregates/AGG-ASSET-ASSIGNMENT.md;03-domain/contexts/BC05/aggregates/AGG-ASSET-RESERVATION.md;03-domain/contexts/BC05/aggregates/AGG-ASSET.md;03-domain/contexts/BC05/aggregates/AGG-EXERCISE.md;03-domain/contexts/BC05/aggregates/AGG-LOGISTICS-REQUEST.md;03-domain/contexts/BC05/aggregates/AGG-MAINTENANCE-ORDER.md;03-domain/contexts/BC05/aggregates/AGG-RESOURCE-POOL.md;03-domain/contexts/BC05/aggregates/AGG-ROLE-REQUIREMENT.md;05-contracts/asyncapi-slc03.md;05-contracts/asyncapi-slc09.md;05-contracts/asyncapi-slc18.md;05-contracts/errors-slc09.md;05-contracts/openapi-readiness-slc09.md;06-data/logical-model/slc-09.md;06-data/logical-model/slc-18.md;07-quality/workloads-slc09.md;07-quality/workloads-slc18.md;08-security/label-derivation-rules.md;08-security/policies-slc09.md;08-security/threat-model-slc09.md;08-security/threat-model-slc17.md;08-security/threat-model-slc18.md;09-reliability/fmea-slc09.md;09-reliability/fmea-slc18.md;09-reliability/fmea-slc19.md;09-reliability/observability-slc09.md;12-solution/deployment-units.md;13-verification/invariant-properties-slc09.md;13-verification/invariant-properties-slc18.md;13-verification/acceptance/SLC-09/allocation-state-machine.md;13-verification/acceptance/SLC-09/asset-assignment-state-machine.md;13-verification/acceptance/SLC-09/asset-reservation-state-machine.md;13-verification/acceptance/SLC-09/asset-state-machine.md;13-verification/acceptance/SLC-09/invariants-slc09.md;13-verification/acceptance/SLC-09/maintenance-order-state-machine.md;13-verification/acceptance/SLC-09/resource-pool-state-machine.md;13-verification/acceptance/SLC-09/role-requirement-state-machine.md;13-verification/tooling/slice-sources.md;14-slices/slices.md;14-slices/SLC-09/atam-lite.md;14-slices/SLC-09/readiness.md;14-slices/SLC-16/readiness.md;14-slices/SLC-17/readiness.md;14-slices/SLC-18/atam-lite.md;14-slices/SLC-18/readiness.md;14-slices/SLC-19/atam-lite.md;14-slices/SLC-19/readiness.md;15-traceability/rtm-r2.md;15-traceability/trace-slc09.md;16-reports/ANTI-PATTERN-REPORT-R2.md;16-reports/ARCHITECTURE-REVIEW-R2.md;16-reports/CONSISTENCY-REPORT-R2.md;16-reports/ENGINEERING-BASELINE-R2.md;16-reports/EVOLUTION-ROADMAP.md;16-reports/SESSION-R2-BASELINE.md;16-reports/SESSION-W2-R2.md;16-reports/SESSION-W3.md;16-reports/SESSION-W4-W7-SLC09.md;16-reports/SESSION-W4-W7-SLC10.md;16-reports/SESSION-W4-W7-SLC12.md;16-reports/SESSION-W4-W7-SLC16.md;16-reports/SESSION-W4-W7-SLC17.md;16-reports/SESSION-W4-W7-SLC18.md;16-reports/SESSION-W4-W7-SLC19.md;16-reports/SLC-00-WALKTHROUGH.md"
"SLC-10","51","yes","00-governance/registers/corrections.md;00-governance/registers/human-approvals.md;00-governance/registers/risks.md;01-business/release-2-scope.md;01-business/system-definition.md;03-domain/contexts/BC06/products-knowledge-archive-spec.md;03-domain/contexts/BC07/commands-slc05.md;03-domain/contexts/BC07/commands-slc10.md;03-domain/contexts/BC07/events-slc10.md;03-domain/contexts/BC07/grounded-ai-spec.md;03-domain/contexts/BC07/queries-slc10.md;03-domain/contexts/BC07/aggregates/AGG-AI-REQUEST.md;03-domain/contexts/BC07/aggregates/AGG-AI-RESULT.md;03-domain/contexts/BC07/aggregates/AGG-AI-ROUTING.md;03-domain/contexts/BC07/aggregates/AGG-AI-TOOL.md;03-domain/contexts/BC07/aggregates/AGG-EVAL-SUITE.md;03-domain/contexts/BC07/aggregates/AGG-MODEL-VERSION.md;03-domain/contexts/BC07/aggregates/AGG-PROJECTION-VERSION.md;05-contracts/asyncapi-slc10.md;05-contracts/errors-slc10.md;05-contracts/openapi-ai-slc10.md;06-data/logical-model/slc-10.md;07-quality/workloads-slc10.md;08-security/label-derivation-rules.md;08-security/policies-slc10.md;08-security/threat-model-slc10.md;09-reliability/fmea-slc10.md;09-reliability/observability-slc10.md;12-solution/deployment-units.md;12-solution/technology-decisions.md;13-verification/invariant-properties-slc10.md;13-verification/acceptance/SLC-10/ai-request-state-machine.md;13-verification/acceptance/SLC-10/ai-result-state-machine.md;13-verification/acceptance/SLC-10/ai-routing-state-machine.md;13-verification/acceptance/SLC-10/ai-tool-state-machine.md;13-verification/acceptance/SLC-10/eval-suite-state-machine.md;13-verification/acceptance/SLC-10/invariants-slc10.md;13-verification/acceptance/SLC-10/model-version-state-machine.md;13-verification/tooling/slice-sources.md;14-slices/slices.md;14-slices/SLC-10/atam-lite.md;14-slices/SLC-10/readiness.md;15-traceability/rtm-r2.md;15-traceability/trace-slc10.md;16-reports/ANTI-PATTERN-REPORT-R2.md;16-reports/CONSISTENCY-REPORT-R2.md;16-reports/ENGINEERING-BASELINE-R2.md;16-reports/EVOLUTION-ROADMAP.md;16-reports/SESSION-R2-BASELINE.md;16-reports/SESSION-W4-W7-SLC10.md;16-reports/SESSION-W4-W7-SLC12.md"
"SLC-11","63","yes","00-governance/RATIFICATION-PACKAGE.md;00-governance/decisions/ADR-P09.md;00-governance/registers/corrections.md;00-governance/registers/human-approvals.md;00-governance/registers/unknowns.md;01-business/system-definition.md;02-requirements/quality-scenarios.md;03-domain/contexts/BC01/commands-slc11.md;03-domain/contexts/BC01/events-slc11.md;03-domain/contexts/BC01/queries-slc11.md;03-domain/contexts/BC01/aggregates/AGG-DEVICE.md;03-domain/contexts/BC02/collection-spec.md;03-domain/contexts/BC02/conflict-detection-engine.md;03-domain/contexts/BC04/task-lifecycle-rules.md;03-domain/contexts/BC07/commands-slc11.md;03-domain/contexts/BC07/events-slc11.md;03-domain/contexts/BC07/field-sync-protocol.md;03-domain/contexts/BC07/queries-slc11.md;03-domain/contexts/BC07/aggregates/AGG-PRELOAD-PACKAGE.md;03-domain/contexts/BC07/aggregates/AGG-SYNC-CONFLICT.md;03-domain/contexts/BC07/aggregates/AGG-SYNC-SESSION.md;05-contracts/asyncapi-slc11.md;05-contracts/errors-slc11.md;05-contracts/openapi-field-slc11.md;05-contracts/openapi-foundation-slc11.md;06-data/logical-model/slc-11.md;07-quality/workloads-slc11.md;08-security/label-derivation-rules.md;08-security/policies-slc11.md;08-security/threat-model-slc03.md;08-security/threat-model-slc11.md;09-reliability/dr-and-continuity.md;09-reliability/fmea-slc11.md;09-reliability/observability-slc11.md;11-integration/README.md;12-solution/w8-inputs.md;13-verification/invariant-properties-slc11.md;13-verification/acceptance/SLC-11/device-state-machine.md;13-verification/acceptance/SLC-11/invariants-slc11.md;13-verification/acceptance/SLC-11/preload-package-state-machine.md;13-verification/acceptance/SLC-11/sync-conflict-state-machine.md;13-verification/acceptance/SLC-11/sync-session-state-machine.md;13-verification/tooling/slice-sources.md;14-slices/slices.md;14-slices/SLC-01/readiness.md;14-slices/SLC-03/atam-lite.md;14-slices/SLC-11/atam-lite.md;14-slices/SLC-11/readiness.md;14-slices/SLC-14/readiness.md;15-traceability/rtm-r1.md;15-traceability/trace-slc11.md;16-reports/IMPLEMENTATION-READINESS-R1.md;16-reports/SESSION-W4-W7-SLC02.md;16-reports/SESSION-W4-W7-SLC03.md;16-reports/SESSION-W4-W7-SLC07.md;16-reports/SESSION-W4-W7-SLC08.md;16-reports/SESSION-W4-W7-SLC11.md;16-reports/SESSION-W4-W7-SLC12a.md;16-reports/SESSION-W4-W7-SLC14.md;16-reports/gate-reports/GATE-STATUS-SLC01.md;16-reports/gate-reports/GATE-STATUS-SLC02.md;16-reports/gate-reports/GATE-STATUS-SLC08.md;16-reports/gate-reports/GATE-STATUS-SLC11.md"
"SLC-12","63","yes","00-governance/registers/corrections.md;01-business/release-2-scope.md;01-business/release-3-scope.md;01-business/system-definition.md;02-requirements/use-cases.md;03-domain/contexts/BC02/correlation-fusion-spec.md;03-domain/contexts/BC03/events-slc07.md;03-domain/contexts/BC04/commands-slc17.md;03-domain/contexts/BC04/events-slc17.md;03-domain/contexts/BC04/aggregates/AGG-INCIDENT.md;03-domain/contexts/BC05/events-slc19.md;03-domain/contexts/BC05/training-exercise-spec.md;03-domain/contexts/BC06/commands-slc12.md;03-domain/contexts/BC06/events-slc12.md;03-domain/contexts/BC06/products-knowledge-archive-spec.md;03-domain/contexts/BC06/queries-slc12.md;03-domain/contexts/BC06/aggregates/AGG-ARCHIVE-PACKAGE.md;03-domain/contexts/BC06/aggregates/AGG-DISTRIBUTION.md;03-domain/contexts/BC06/aggregates/AGG-KNOWLEDGE-OBJECT.md;03-domain/contexts/BC06/aggregates/AGG-PRODUCT-TEMPLATE.md;03-domain/contexts/BC06/aggregates/AGG-PRODUCT.md;03-domain/contexts/BC06/aggregates/AGG-RECONSTRUCTION.md;05-contracts/asyncapi-slc07.md;05-contracts/asyncapi-slc12.md;05-contracts/asyncapi-slc17.md;05-contracts/asyncapi-slc19.md;05-contracts/errors-slc12.md;05-contracts/openapi-knowledge-slc12.md;06-data/logical-model/slc-12.md;06-data/logical-model/slc-19.md;07-quality/workloads-slc12.md;08-security/label-derivation-rules.md;08-security/policies-slc12.md;08-security/threat-model-slc12.md;09-reliability/fmea-slc12.md;09-reliability/observability-slc12.md;12-solution/deployment-units.md;13-verification/invariant-properties-slc12.md;13-verification/acceptance/SLC-12/archive-package-state-machine.md;13-verification/acceptance/SLC-12/distribution-state-machine.md;13-verification/acceptance/SLC-12/invariants-slc12.md;13-verification/acceptance/SLC-12/knowledge-object-state-machine.md;13-verification/acceptance/SLC-12/product-state-machine.md;13-verification/acceptance/SLC-12/product-template-state-machine.md;13-verification/acceptance/SLC-12/reconstruction-state-machine.md;13-verification/tooling/slice-sources.md;14-slices/slices.md;14-slices/SLC-10/readiness.md;14-slices/SLC-12/atam-lite.md;14-slices/SLC-12/readiness.md;14-slices/SLC-19/atam-lite.md;14-slices/SLC-19/readiness.md;15-traceability/rtm-r2.md;15-traceability/trace-slc12.md;15-traceability/trace-slc19.md;16-reports/ANTI-PATTERN-REPORT-R2.md;16-reports/ENGINEERING-BASELINE-R2.md;16-reports/EVOLUTION-ROADMAP.md;16-reports/SESSION-W4-W7-SLC09.md;16-reports/SESSION-W4-W7-SLC10.md;16-reports/SESSION-W4-W7-SLC12.md;16-reports/SESSION-W4-W7-SLC18.md;16-reports/SESSION-W4-W7-SLC19.md"
"SLC-13","3","yes","01-business/system-definition.md;02-requirements/use-cases.md;14-slices/slices.md"
"SLC-14","33","yes","00-governance/registers/corrections.md;01-business/release-2-scope.md;03-domain/contexts/BC02/collection-spec.md;03-domain/contexts/BC02/commands-slc14.md;03-domain/contexts/BC02/events-slc14.md;03-domain/contexts/BC02/queries-slc14.md;03-domain/contexts/BC02/aggregates/AGG-COLLECTION-PLAN.md;03-domain/contexts/BC02/aggregates/AGG-COLLECTION-REQUIREMENT.md;05-contracts/asyncapi-slc14.md;05-contracts/errors-slc14.md;05-contracts/openapi-information-slc14.md;06-data/logical-model/slc-14.md;07-quality/workloads-slc14.md;08-security/label-derivation-rules.md;08-security/policies-slc14.md;08-security/threat-model-slc14.md;09-reliability/fmea-slc14.md;09-reliability/observability-slc14.md;13-verification/invariant-properties-slc14.md;13-verification/acceptance/SLC-14/collection-plan-state-machine.md;13-verification/acceptance/SLC-14/collection-requirement-state-machine.md;13-verification/acceptance/SLC-14/invariants-slc14.md;13-verification/tooling/slice-sources.md;14-slices/slices.md;14-slices/SLC-14/atam-lite.md;14-slices/SLC-14/readiness.md;15-traceability/rtm-r2.md;15-traceability/trace-slc14.md;16-reports/CONSISTENCY-REPORT-R2.md;16-reports/ENGINEERING-BASELINE-R2.md;16-reports/SESSION-R2-BASELINE.md;16-reports/SESSION-W4-W7-SLC10.md;16-reports/SESSION-W4-W7-SLC14.md"
"SLC-15","41","yes","01-business/release-2-scope.md;03-domain/contexts/BC02/commands-slc15.md;03-domain/contexts/BC02/correlation-fusion-spec.md;03-domain/contexts/BC02/events-slc15.md;03-domain/contexts/BC02/queries-slc15.md;03-domain/contexts/BC02/aggregates/AGG-CORRELATION-PROPOSAL.md;03-domain/contexts/BC02/aggregates/AGG-CORRELATION-RULE.md;03-domain/contexts/BC04/commands-slc15.md;03-domain/contexts/BC04/events-slc15.md;03-domain/contexts/BC04/events-slc17.md;03-domain/contexts/BC04/queries-slc15.md;03-domain/contexts/BC04/aggregates/AGG-COORDINATION-CASE.md;05-contracts/asyncapi-slc15.md;05-contracts/asyncapi-slc17.md;05-contracts/errors-slc15.md;05-contracts/openapi-information-slc15.md;05-contracts/openapi-operations-slc15.md;06-data/logical-model/slc-15.md;07-quality/workloads-slc15.md;08-security/label-derivation-rules.md;08-security/policies-slc15.md;08-security/threat-model-slc15.md;08-security/threat-model-slc16.md;09-reliability/fmea-slc15.md;09-reliability/observability-slc15.md;13-verification/invariant-properties-slc15.md;13-verification/acceptance/SLC-15/coordination-case-state-machine.md;13-verification/acceptance/SLC-15/correlation-proposal-state-machine.md;13-verification/acceptance/SLC-15/correlation-rule-state-machine.md;13-verification/acceptance/SLC-15/invariants-slc15.md;13-verification/tooling/slice-sources.md;14-slices/slices.md;14-slices/SLC-15/atam-lite.md;14-slices/SLC-15/readiness.md;15-traceability/rtm-r2.md;15-traceability/trace-slc15.md;16-reports/ARCHITECTURE-REVIEW-R2.md;16-reports/ENGINEERING-BASELINE-R2.md;16-reports/SESSION-W4-W7-SLC10.md;16-reports/SESSION-W4-W7-SLC14.md;16-reports/SESSION-W4-W7-SLC15.md"
"SLC-16","49","yes","00-governance/registers/unknowns.md;01-business/release-2-scope.md;03-domain/contexts/BC01/commands-slc16.md;03-domain/contexts/BC01/events-slc16.md;03-domain/contexts/BC01/queries-slc16.md;03-domain/contexts/BC01/aggregates/AGG-HR-SYNC-PROPOSAL.md;03-domain/contexts/BC03/commands-slc16.md;03-domain/contexts/BC03/events-slc16.md;03-domain/contexts/BC03/queries-slc16.md;03-domain/contexts/BC03/aggregates/AGG-CAP-MESSAGE.md;03-domain/contexts/BC07/commands-slc16.md;03-domain/contexts/BC07/enterprise-integration-spec.md;03-domain/contexts/BC07/events-slc16.md;03-domain/contexts/BC07/queries-slc16.md;03-domain/contexts/BC07/aggregates/AGG-INTEGRATION-CONNECTION.md;03-domain/contexts/BC07/aggregates/AGG-SENSOR-STREAM.md;05-contracts/asyncapi-slc16.md;05-contracts/errors-slc16.md;05-contracts/openapi-foundation-slc16.md;05-contracts/openapi-integration-slc16.md;05-contracts/openapi-intelligence-slc16.md;06-data/logical-model/slc-16.md;07-quality/workloads-slc16.md;08-security/label-derivation-rules.md;08-security/policies-slc16.md;08-security/threat-model-slc16.md;09-reliability/fmea-slc16.md;09-reliability/observability-slc16.md;12-solution/deployment-units.md;13-verification/invariant-properties-slc16.md;13-verification/acceptance/SLC-16/cap-message-state-machine.md;13-verification/acceptance/SLC-16/hr-sync-proposal-state-machine.md;13-verification/acceptance/SLC-16/integration-connection-state-machine.md;13-verification/acceptance/SLC-16/invariants-slc16.md;13-verification/acceptance/SLC-16/sensor-stream-state-machine.md;13-verification/tooling/slice-sources.md;14-slices/slices.md;14-slices/SLC-16/atam-lite.md;14-slices/SLC-16/readiness.md;15-traceability/rtm-r2.md;15-traceability/trace-slc16.md;16-reports/ANTI-PATTERN-REPORT-R2.md;16-reports/CONSISTENCY-REPORT-R2.md;16-reports/ENGINEERING-BASELINE-R2.md;16-reports/SESSION-R2-BASELINE.md;16-reports/SESSION-W4-W7-SLC10.md;16-reports/SESSION-W4-W7-SLC15.md;16-reports/SESSION-W4-W7-SLC16.md;16-reports/SESSION-W4-W7-SLC17.md"
"SLC-17","42","yes","README.md;00-governance/registers/corrections.md;00-governance/registers/unknowns.md;01-business/release-3-scope.md;03-domain/contexts/BC04/commands-slc03.md;03-domain/contexts/BC04/commands-slc08.md;03-domain/contexts/BC04/commands-slc17.md;03-domain/contexts/BC04/events-slc17.md;03-domain/contexts/BC04/queries-slc17.md;03-domain/contexts/BC04/risk-contingency-spec.md;03-domain/contexts/BC04/aggregates/AGG-INCIDENT.md;03-domain/contexts/BC04/aggregates/AGG-PLAN.md;03-domain/contexts/BC04/aggregates/AGG-RISK.md;03-domain/contexts/BC04/aggregates/AGG-TASK.md;03-domain/contexts/BC05/logistics-spec.md;03-domain/contexts/BC05/training-exercise-spec.md;05-contracts/asyncapi-slc17.md;05-contracts/errors-slc17.md;05-contracts/openapi-operations-slc17.md;06-data/logical-model/slc-17.md;07-quality/workloads-slc17.md;08-security/label-derivation-rules.md;08-security/policies-slc17.md;08-security/threat-model-slc17.md;09-reliability/fmea-slc17.md;09-reliability/observability-slc17.md;13-verification/invariant-properties-slc17.md;13-verification/acceptance/SLC-17/incident-state-machine.md;13-verification/acceptance/SLC-17/invariants-slc17.md;13-verification/acceptance/SLC-17/risk-state-machine.md;13-verification/tooling/slice-sources.md;14-slices/slices.md;14-slices/SLC-17/atam-lite.md;14-slices/SLC-17/readiness.md;14-slices/SLC-18/atam-lite.md;14-slices/SLC-18/readiness.md;14-slices/SLC-19/atam-lite.md;15-traceability/trace-slc17.md;16-reports/EVOLUTION-ROADMAP.md;16-reports/SESSION-W4-W7-SLC17.md;16-reports/SESSION-W4-W7-SLC18.md;16-reports/SESSION-W4-W7-SLC19.md"
"SLC-17-","1","no","09-reliability/fmea-slc17.md"
"SLC-18","39","yes","README.md;00-governance/registers/corrections.md;01-business/release-3-scope.md;03-domain/contexts/BC05/commands-slc09.md;03-domain/contexts/BC05/commands-slc18.md;03-domain/contexts/BC05/events-slc18.md;03-domain/contexts/BC05/logistics-spec.md;03-domain/contexts/BC05/queries-slc18.md;03-domain/contexts/BC05/training-exercise-spec.md;03-domain/contexts/BC05/aggregates/AGG-ALLOCATION.md;03-domain/contexts/BC05/aggregates/AGG-LOGISTICS-REQUEST.md;03-domain/contexts/BC05/aggregates/AGG-SHIPMENT.md;05-contracts/asyncapi-slc18.md;05-contracts/errors-slc18.md;05-contracts/openapi-readiness-slc18.md;06-data/logical-model/slc-18.md;07-quality/workloads-slc18.md;07-quality/workloads-slc19.md;08-security/policies-slc18.md;08-security/threat-model-slc18.md;08-security/threat-model-slc19.md;09-reliability/fmea-slc18.md;09-reliability/fmea-slc19.md;09-reliability/observability-slc18.md;13-verification/invariant-properties-slc18.md;13-verification/acceptance/SLC-18/invariants-slc18.md;13-verification/acceptance/SLC-18/logistics-request-state-machine.md;13-verification/acceptance/SLC-18/shipment-state-machine.md;13-verification/tooling/slice-sources.md;14-slices/slices.md;14-slices/SLC-17/readiness.md;14-slices/SLC-18/atam-lite.md;14-slices/SLC-18/readiness.md;14-slices/SLC-19/atam-lite.md;14-slices/SLC-19/readiness.md;15-traceability/trace-slc18.md;16-reports/SESSION-W4-W7-SLC17.md;16-reports/SESSION-W4-W7-SLC18.md;16-reports/SESSION-W4-W7-SLC19.md"
"SLC-19","31","yes","README.md;00-governance/registers/corrections.md;01-business/release-3-scope.md;03-domain/contexts/BC05/commands-slc19.md;03-domain/contexts/BC05/events-slc19.md;03-domain/contexts/BC05/queries-slc19.md;03-domain/contexts/BC05/training-exercise-spec.md;03-domain/contexts/BC05/aggregates/AGG-EXERCISE.md;03-domain/contexts/BC05/aggregates/AGG-SCENARIO.md;03-domain/contexts/BC05/aggregates/AGG-SIMULATION.md;05-contracts/asyncapi-slc19.md;05-contracts/errors-slc19.md;05-contracts/openapi-readiness-slc19.md;06-data/logical-model/slc-19.md;07-quality/workloads-slc19.md;08-security/policies-slc19.md;08-security/threat-model-slc19.md;09-reliability/fmea-slc19.md;09-reliability/observability-slc19.md;13-verification/invariant-properties-slc19.md;13-verification/acceptance/SLC-19/exercise-state-machine.md;13-verification/acceptance/SLC-19/invariants-slc19.md;13-verification/acceptance/SLC-19/scenario-state-machine.md;13-verification/acceptance/SLC-19/simulation-state-machine.md;13-verification/tooling/slice-sources.md;14-slices/slices.md;14-slices/SLC-19/atam-lite.md;14-slices/SLC-19/readiness.md;15-traceability/trace-slc19.md;16-reports/SESSION-W4-W7-SLC18.md;16-reports/SESSION-W4-W7-SLC19.md"
"SLICE-SOURCES","1","yes","13-verification/tooling/slice-sources.md"
"SM-ADAPTER","1","yes","03-domain/contexts/BC07/aggregates/AGG-ADAPTER.md"
"SM-AI-REQUEST","1","yes","03-domain/contexts/BC07/aggregates/AGG-AI-REQUEST.md"
"SM-AI-RESULT","1","yes","03-domain/contexts/BC07/aggregates/AGG-AI-RESULT.md"
"SM-AI-ROUTING","1","yes","03-domain/contexts/BC07/aggregates/AGG-AI-ROUTING.md"
"SM-AI-TOOL","1","yes","03-domain/contexts/BC07/aggregates/AGG-AI-TOOL.md"
"SM-ALERT","1","yes","03-domain/contexts/BC03/aggregates/AGG-ALERT.md"
"SM-ALERT-RULE","1","yes","03-domain/contexts/BC03/aggregates/AGG-ALERT-RULE.md"
"SM-ALLOCATION","1","yes","03-domain/contexts/BC05/aggregates/AGG-ALLOCATION.md"
"SM-ANALYSIS-CASE","1","yes","03-domain/contexts/BC03/aggregates/AGG-ANALYSIS-CASE.md"
"SM-ANALYSIS-METHOD","1","yes","03-domain/contexts/BC03/aggregates/AGG-ANALYSIS-METHOD.md"
"SM-ANALYSIS-RUN","1","yes","03-domain/contexts/BC03/aggregates/AGG-ANALYSIS-RUN.md"
"SM-ARCHIVE-PACKAGE","1","yes","03-domain/contexts/BC06/aggregates/AGG-ARCHIVE-PACKAGE.md"
"SM-ASSESSMENT","1","yes","03-domain/contexts/BC03/aggregates/AGG-ASSESSMENT.md"
"SM-ASSET","1","yes","03-domain/contexts/BC05/aggregates/AGG-ASSET.md"
"SM-ASSET-ASSIGNMENT","1","yes","03-domain/contexts/BC05/aggregates/AGG-ASSET-ASSIGNMENT.md"
"SM-ASSET-RESERVATION","1","yes","03-domain/contexts/BC05/aggregates/AGG-ASSET-RESERVATION.md"
"SM-ATTACHMENT","1","yes","03-domain/contexts/BC02/aggregates/AGG-ATTACHMENT.md"
"SM-AUTHORITY-GRANT","1","yes","03-domain/contexts/BC01/aggregates/AGG-AUTHORITY-GRANT.md"
"SM-CAP-MESSAGE","1","yes","03-domain/contexts/BC03/aggregates/AGG-CAP-MESSAGE.md"
"SM-CLAIM","1","yes","03-domain/contexts/BC02/aggregates/AGG-CLAIM.md"
"SM-CLASSIFICATION-SCHEME","1","yes","03-domain/contexts/BC08/aggregates/AGG-CLASSIFICATION-SCHEME.md"
"SM-CLEARANCE","1","yes","03-domain/contexts/BC01/aggregates/AGG-CLEARANCE.md"
"SM-COLLECTION-PLAN","1","yes","03-domain/contexts/BC02/aggregates/AGG-COLLECTION-PLAN.md"
"SM-COLLECTION-REQUIREMENT","1","yes","03-domain/contexts/BC02/aggregates/AGG-COLLECTION-REQUIREMENT.md"
"SM-CONFLICT","1","yes","03-domain/contexts/BC02/aggregates/AGG-CONFLICT.md"
"SM-COORDINATION-CASE","1","yes","03-domain/contexts/BC04/aggregates/AGG-COORDINATION-CASE.md"
"SM-CORRELATION-PROPOSAL","1","yes","03-domain/contexts/BC02/aggregates/AGG-CORRELATION-PROPOSAL.md"
"SM-CORRELATION-RULE","1","yes","03-domain/contexts/BC02/aggregates/AGG-CORRELATION-RULE.md"
"SM-DECISION","1","yes","03-domain/contexts/BC04/aggregates/AGG-DECISION.md"
"SM-DECISION-REQUEST","1","yes","03-domain/contexts/BC04/aggregates/AGG-DECISION-REQUEST.md"
"SM-DEVICE","1","yes","03-domain/contexts/BC01/aggregates/AGG-DEVICE.md"
"SM-DISPOSITION-RUN","1","yes","03-domain/contexts/BC08/aggregates/AGG-DISPOSITION-RUN.md"
"SM-DISTRIBUTION","1","yes","03-domain/contexts/BC06/aggregates/AGG-DISTRIBUTION.md"
"SM-ENTITY","1","yes","03-domain/contexts/BC02/aggregates/AGG-ENTITY.md"
"SM-ERASURE-REQUEST","1","yes","03-domain/contexts/BC08/aggregates/AGG-ERASURE-REQUEST.md"
"SM-ER-CASE","1","yes","03-domain/contexts/BC02/aggregates/AGG-ER-CASE.md"
"SM-EVAL-SUITE","1","yes","03-domain/contexts/BC07/aggregates/AGG-EVAL-SUITE.md"
"SM-EVIDENCE","1","yes","03-domain/contexts/BC02/aggregates/AGG-EVIDENCE.md"
"SM-EVIDENCE-LINK","1","yes","03-domain/contexts/BC02/aggregates/AGG-EVIDENCE-LINK.md"
"SM-EXERCISE","1","yes","03-domain/contexts/BC05/aggregates/AGG-EXERCISE.md"
"SM-EXTERNAL-ID","1","yes","03-domain/contexts/BC02/aggregates/AGG-EXTERNAL-ID.md"
"SM-FINDING","1","yes","03-domain/contexts/BC03/aggregates/AGG-FINDING.md"
"SM-HR-SYNC-PROPOSAL","1","yes","03-domain/contexts/BC01/aggregates/AGG-HR-SYNC-PROPOSAL.md"
"SM-IMPORT-BATCH","1","yes","03-domain/contexts/BC02/aggregates/AGG-IMPORT-BATCH.md"
"SM-INCIDENT","1","yes","03-domain/contexts/BC04/aggregates/AGG-INCIDENT.md"
"SM-INTEGRATION-CONNECTION","1","yes","03-domain/contexts/BC07/aggregates/AGG-INTEGRATION-CONNECTION.md"
"SM-KNOWLEDGE-OBJECT","1","yes","03-domain/contexts/BC06/aggregates/AGG-KNOWLEDGE-OBJECT.md"
"SM-LEGAL-HOLD","1","yes","03-domain/contexts/BC08/aggregates/AGG-LEGAL-HOLD.md"
"SM-LOGISTICS-REQUEST","1","yes","03-domain/contexts/BC05/aggregates/AGG-LOGISTICS-REQUEST.md"
"SM-MAINTENANCE-ORDER","1","yes","03-domain/contexts/BC05/aggregates/AGG-MAINTENANCE-ORDER.md"
"SM-MATCH-RULESET","1","yes","03-domain/contexts/BC02/aggregates/AGG-MATCH-RULESET.md"
"SM-MODEL-VERSION","1","yes","03-domain/contexts/BC07/aggregates/AGG-MODEL-VERSION.md"
"SM-NOTIFICATION","1","yes","03-domain/contexts/BC04/aggregates/AGG-NOTIFICATION.md"
"SM-OBSERVATION","1","yes","03-domain/contexts/BC02/aggregates/AGG-OBSERVATION.md"
"SM-ORGANIZATION","1","yes","03-domain/contexts/BC01/aggregates/AGG-ORGANIZATION.md"
"SM-OUTCOME-TRACKER","1","yes","03-domain/contexts/BC04/aggregates/AGG-OUTCOME-TRACKER.md"
"SM-PERSON","1","yes","03-domain/contexts/BC01/aggregates/AGG-PERSON.md"
"SM-PLAN","2","yes","00-governance/registers/open-questions.md;03-domain/contexts/BC04/aggregates/AGG-PLAN.md"
"SM-PLAN-VERSION","1","yes","03-domain/contexts/BC04/aggregates/AGG-PLAN-VERSION.md"
"SM-POLICY-SET","1","yes","03-domain/contexts/BC08/aggregates/AGG-POLICY-SET.md"
"SM-PRELOAD-PACKAGE","1","yes","03-domain/contexts/BC07/aggregates/AGG-PRELOAD-PACKAGE.md"
"SM-PRODUCT","1","yes","03-domain/contexts/BC06/aggregates/AGG-PRODUCT.md"
"SM-PRODUCT-TEMPLATE","1","yes","03-domain/contexts/BC06/aggregates/AGG-PRODUCT-TEMPLATE.md"
"SM-PROJECTION-VERSION","1","yes","03-domain/contexts/BC07/aggregates/AGG-PROJECTION-VERSION.md"
"SM-QUALIFICATION-RECORD","1","yes","03-domain/contexts/BC05/aggregates/AGG-QUALIFICATION-RECORD.md"
"SM-REALWORLD-EVENT","1","yes","03-domain/contexts/BC02/aggregates/AGG-REALWORLD-EVENT.md"
"SM-RECONSTRUCTION","1","yes","03-domain/contexts/BC06/aggregates/AGG-RECONSTRUCTION.md"
"SM-RELATIONSHIP","1","yes","03-domain/contexts/BC02/aggregates/AGG-RELATIONSHIP.md"
"SM-RESOURCE-POOL","1","yes","03-domain/contexts/BC05/aggregates/AGG-RESOURCE-POOL.md"
"SM-RETENTION-SCHEDULE","1","yes","03-domain/contexts/BC08/aggregates/AGG-RETENTION-SCHEDULE.md"
"SM-RISK","1","yes","03-domain/contexts/BC04/aggregates/AGG-RISK.md"
"SM-ROLE","1","yes","03-domain/contexts/BC01/aggregates/AGG-ROLE.md"
"SM-ROLE-ASSIGNMENT","1","yes","03-domain/contexts/BC01/aggregates/AGG-ROLE-ASSIGNMENT.md"
"SM-ROLE-REQUIREMENT","1","yes","03-domain/contexts/BC05/aggregates/AGG-ROLE-REQUIREMENT.md"
"SM-SCENARIO","1","yes","03-domain/contexts/BC05/aggregates/AGG-SCENARIO.md"
"SM-SECURITY-EXCEPTION","1","yes","03-domain/contexts/BC08/aggregates/AGG-SECURITY-EXCEPTION.md"
"SM-SENSOR-STREAM","1","yes","03-domain/contexts/BC07/aggregates/AGG-SENSOR-STREAM.md"
"SM-SERVICE-ACCOUNT","1","yes","03-domain/contexts/BC01/aggregates/AGG-SERVICE-ACCOUNT.md"
"SM-SHIPMENT","1","yes","03-domain/contexts/BC05/aggregates/AGG-SHIPMENT.md"
"SM-SIMULATION","1","yes","03-domain/contexts/BC05/aggregates/AGG-SIMULATION.md"
"SM-SITUATION","1","yes","03-domain/contexts/BC03/aggregates/AGG-SITUATION.md"
"SM-SOURCE","1","yes","03-domain/contexts/BC02/aggregates/AGG-SOURCE.md"
"SM-SUBSCRIPTION","1","yes","03-domain/contexts/BC04/aggregates/AGG-SUBSCRIPTION.md"
"SM-SYNC-CONFLICT","1","yes","03-domain/contexts/BC07/aggregates/AGG-SYNC-CONFLICT.md"
"SM-SYNC-SESSION","1","yes","03-domain/contexts/BC07/aggregates/AGG-SYNC-SESSION.md"
"SM-TASK","5","yes","00-governance/registers/open-questions.md;00-governance/registers/unknowns.md;02-requirements/requirements.md;03-domain/contexts/BC04/decision-plan-spec.md;03-domain/contexts/BC04/aggregates/AGG-TASK.md"
"SM-TASK-TYPE","1","yes","03-domain/contexts/BC04/aggregates/AGG-TASK-TYPE.md"
"SM-TENANT","1","yes","03-domain/contexts/BC01/aggregates/AGG-TENANT.md"
"SM-USER","1","yes","03-domain/contexts/BC01/aggregates/AGG-USER.md"
"SPATIAL-MODEL","1","yes","04-information/spatial-model.md"
"SPEC-AI","8","yes","00-governance/glossary.md;03-domain/contexts/BC07/grounded-ai-spec.md;03-domain/contexts/BC07/aggregates/AGG-AI-REQUEST.md;12-solution/technology-decisions.md;13-verification/tooling/slice-sources.md;15-traceability/trace-slc10.md;16-reports/ENGINEERING-BASELINE-R2.md;16-reports/SESSION-R2-BASELINE.md"
"SPEC-ALLOCATION","13","yes","00-governance/glossary.md;00-governance/registers/technical-debt.md;02-requirements/requirements.md;03-domain/contexts/BC05/allocation-readiness-spec.md;03-domain/contexts/BC05/logistics-spec.md;03-domain/contexts/BC05/aggregates/AGG-ALLOCATION.md;03-domain/contexts/BC05/aggregates/AGG-RESOURCE-POOL.md;07-quality/workloads-slc18.md;08-security/threat-model-slc18.md;09-reliability/fmea-slc18.md;13-verification/tooling/slice-sources.md;14-slices/SLC-09/readiness.md;15-traceability/trace-slc09.md"
"SPEC-ANALYSIS","6","yes","00-governance/glossary.md;03-domain/contexts/BC03/analysis-reproducibility-spec.md;12-solution/technology-decisions.md;12-solution/w8-inputs.md;15-traceability/trace-slc07.md;16-reports/ARCHITECTURE-REVIEW-R1.md"
"SPEC-COLLECTION","5","yes","00-governance/glossary.md;03-domain/contexts/BC02/collection-spec.md;03-domain/contexts/BC02/aggregates/AGG-COLLECTION-REQUIREMENT.md;13-verification/tooling/slice-sources.md;15-traceability/trace-slc14.md"
"SPEC-CONFLICT-DETECTION","2","yes","03-domain/contexts/BC02/conflict-detection-engine.md;15-traceability/trace-slc04.md"
"SPEC-DISCOVERY","14","yes","00-governance/glossary.md;00-governance/decisions/ADR-P05.md;00-governance/decisions/ADR-P06.md;00-governance/registers/corrections.md;00-governance/registers/risks.md;03-domain/contexts/BC07/discovery-architecture.md;03-domain/contexts/BC07/grounded-ai-spec.md;08-security/threat-model-slc05.md;12-solution/technology-decisions.md;12-solution/w8-inputs.md;14-slices/SLC-05/atam-lite.md;14-slices/SLC-05/readiness.md;15-traceability/trace-slc05.md;16-reports/SESSION-W4-W7-SLC05.md"
"SPEC-ELIGIBILITY","4","yes","00-governance/glossary.md;03-domain/contexts/BC05/allocation-readiness-spec.md;03-domain/contexts/BC05/eligibility-rules.md;15-traceability/trace-slc03.md"
"SPEC-ER-CANDIDATES","3","yes","00-governance/glossary.md;03-domain/contexts/BC02/candidate-generation.md;15-traceability/trace-slc04.md"
"SPEC-FIELD-SYNC","7","yes","00-governance/glossary.md;00-governance/registers/corrections.md;03-domain/contexts/BC07/field-sync-protocol.md;04-information/conflict-model.md;12-solution/technology-decisions.md;12-solution/w8-inputs.md;15-traceability/trace-slc11.md"
"SPEC-FUSION","2","yes","03-domain/contexts/BC02/correlation-fusion-spec.md;15-traceability/trace-slc15.md"
"SPEC-INTEGRATION","3","yes","00-governance/glossary.md;03-domain/contexts/BC07/enterprise-integration-spec.md;15-traceability/trace-slc16.md"
"SPEC-KEYS-DISPOSITION","6","yes","00-governance/glossary.md;00-governance/registers/corrections.md;08-security/key-hierarchy-and-disposition.md;12-solution/technology-decisions.md;12-solution/w8-inputs.md;15-traceability/trace-slc12a.md"
"SPEC-LOGISTICS","3","yes","03-domain/contexts/BC05/logistics-spec.md;14-slices/SLC-18/atam-lite.md;15-traceability/trace-slc18.md"
"SPEC-PKA","4","yes","00-governance/glossary.md;03-domain/contexts/BC06/products-knowledge-archive-spec.md;03-domain/contexts/BC07/grounded-ai-spec.md;15-traceability/trace-slc12.md"
"SPEC-PLAN","13","yes","00-governance/glossary.md;00-governance/RATIFICATION-PACKAGE.md;01-business/release-3-scope.md;03-domain/contexts/BC04/commands-slc08.md;03-domain/contexts/BC04/decision-plan-spec.md;03-domain/contexts/BC04/events-slc08.md;03-domain/contexts/BC04/aggregates/AGG-PLAN-VERSION.md;05-contracts/asyncapi-slc08.md;13-verification/acceptance/SLC-08/invariants-slc08.md;13-verification/tooling/slice-sources.md;14-slices/SLC-08/readiness.md;15-traceability/trace-slc08.md;16-reports/ARCHITECTURE-REVIEW-R1.md"
"SPEC-RISK-CONTINGENCY","3","yes","03-domain/contexts/BC04/risk-contingency-spec.md;03-domain/contexts/BC05/logistics-spec.md;15-traceability/trace-slc17.md"
"SPEC-SITUATION","8","yes","00-governance/glossary.md;03-domain/contexts/BC03/commands-slc06.md;03-domain/contexts/BC03/situation-alerting-spec.md;03-domain/contexts/BC03/aggregates/AGG-SITUATION.md;12-solution/technology-decisions.md;12-solution/w8-inputs.md;13-verification/tooling/slice-sources.md;15-traceability/trace-slc06.md"
"SPEC-TASK-RULES","5","yes","00-governance/registers/corrections.md;00-governance/registers/open-questions.md;03-domain/contexts/BC04/task-lifecycle-rules.md;14-slices/SLC-03/readiness.md;15-traceability/trace-slc03.md"
"SPEC-TOOLING","1","yes","13-verification/tooling/spec-tooling.md"
"SPEC-TRAINING-EXERCISE","2","yes","03-domain/contexts/BC05/training-exercise-spec.md;15-traceability/trace-slc19.md"
"SR-00","7","yes","00-governance/registers/risks.md;01-business/system-definition.md;03-domain/contexts/BC07/discovery-architecture.md;07-quality/scale-envelope.md;08-security/audit-architecture.md;08-security/key-hierarchy-and-disposition.md;16-reports/SESSION-W1.md"
"SR-01","2","yes","07-quality/scale-envelope.md;12-solution/technology-decisions.md"
"SR-01..SR-12","1","no","16-reports/SESSION-W1.md"
"SR-02","3","yes","06-data/logical-model/slc-01.md;07-quality/scale-envelope.md;13-verification/fitness-functions.md"
"SR-03","1","yes","07-quality/scale-envelope.md"
"SR-04","1","yes","07-quality/scale-envelope.md"
"SR-05","6","yes","02-requirements/requirements.md;03-domain/contexts/BC02/aggregates/AGG-ATTACHMENT.md;07-quality/scale-envelope.md;07-quality/workloads-slc07.md;12-solution/technology-decisions.md;13-verification/tooling/slice-sources.md"
"SR-06","2","yes","02-requirements/requirements.md;07-quality/scale-envelope.md"
"SR-07","3","yes","02-requirements/quality-scenarios.md;02-requirements/requirements.md;07-quality/scale-envelope.md"
"SR-08","5","yes","00-governance/decisions/ADR-P01.md;04-information/temporal-model.md;06-data/logical-model/slc-02.md;07-quality/cost-model.md;07-quality/scale-envelope.md"
"SR-09","4","yes","00-governance/glossary.md;00-governance/decisions/ADR-P04.md;02-requirements/requirements.md;07-quality/scale-envelope.md"
"SR-10","9","yes","00-governance/decisions/ADR-P05.md;00-governance/registers/risks.md;03-domain/bc-boundary-test.md;03-domain/contexts/BC07/discovery-architecture.md;07-quality/cost-model.md;07-quality/scale-envelope.md;12-solution/technology-decisions.md;13-verification/fitness-functions.md;16-reports/SESSION-W1.md"
"SR-11","1","yes","07-quality/scale-envelope.md"
"SR-12","3","yes","02-requirements/requirements.md;07-quality/scale-envelope.md;13-verification/fitness-functions.md"
"TB-01","3","yes","08-security/threat-model.md;08-security/trust-boundaries.md;12-solution/deployment-units.md"
"TB-02","3","yes","03-domain/contexts/BC01/security-context.md;08-security/threat-model.md;08-security/trust-boundaries.md"
"TB-03","2","yes","08-security/threat-model.md;08-security/trust-boundaries.md"
"TB-04","3","yes","08-security/threat-model-slc05.md;08-security/threat-model.md;08-security/trust-boundaries.md"
"TB-05","3","yes","08-security/threat-model.md;08-security/trust-boundaries.md;12-solution/cell-architecture.md"
"TB-06","5","yes","08-security/threat-model.md;08-security/trust-boundaries.md;12-solution/deployment-units.md;16-reports/ARCHITECTURE-REVIEW-R2.md;16-reports/CONSISTENCY-REPORT-R2.md"
"TB-07","2","yes","08-security/threat-model.md;08-security/trust-boundaries.md"
"TB-08","3","yes","03-domain/bc-boundary-test.md;08-security/threat-model.md;08-security/trust-boundaries.md"
"TB-09","2","yes","08-security/threat-model.md;08-security/trust-boundaries.md"
"TB-10","2","yes","08-security/threat-model.md;08-security/trust-boundaries.md"
"TD-01","4","yes","00-governance/registers/assumptions.md;12-solution/technology-decisions.md;16-reports/ANTI-PATTERN-REPORT-R1.md;16-reports/EVOLUTION-ROADMAP.md"
"TD-01..TD-17","1","no","00-governance/decisions/ADR-P05.md"
"TD-02","4","yes","00-governance/registers/risks.md;12-solution/technology-decisions.md;14-slices/slices.md;16-reports/gate-reports/GATE-STATUS-W8.md"
"TD-03","4","yes","00-governance/registers/assumptions.md;07-quality/cost-model.md;12-solution/technology-decisions.md;16-reports/EVOLUTION-ROADMAP.md"
"TD-04","3","yes","00-governance/registers/assumptions.md;12-solution/technology-decisions.md;16-reports/EVOLUTION-ROADMAP.md"
"TD-05","2","yes","12-solution/technology-decisions.md;16-reports/ANTI-PATTERN-REPORT-R1.md"
"TD-06","1","yes","12-solution/technology-decisions.md"
"TD-07","1","yes","12-solution/technology-decisions.md"
"TD-08","3","yes","12-solution/c4-containers.md;12-solution/technology-decisions.md;16-reports/IMPLEMENTATION-READINESS-R1.md"
"TD-09","1","yes","12-solution/technology-decisions.md"
"TD-10","2","yes","11-integration/README.md;12-solution/technology-decisions.md"
"TD-11","1","yes","12-solution/technology-decisions.md"
"TD-12","2","yes","03-domain/contexts/BC07/grounded-ai-spec.md;12-solution/technology-decisions.md"
"TD-13","1","yes","12-solution/technology-decisions.md"
"TD-14","3","yes","07-quality/performance-test-strategy.md;12-solution/technology-decisions.md;15-traceability/trace-platform.md"
"TD-15","2","yes","12-solution/technology-decisions.md;16-reports/EVOLUTION-ROADMAP.md"
"TD-16","3","yes","00-governance/registers/risks.md;12-solution/technology-decisions.md;12-solution/ui-architecture.md"
"TD-17","2","yes","12-solution/release-configuration-migration.md;12-solution/technology-decisions.md"
"TD-18","6","yes","03-domain/contexts/BC07/grounded-ai-spec.md;12-solution/deployment-units.md;12-solution/technology-decisions.md;16-reports/CONSISTENCY-REPORT-R2.md;16-reports/ENGINEERING-BASELINE-R2.md;16-reports/SESSION-W4-W7-SLC10.md"
"TD-19","5","yes","03-domain/contexts/BC07/grounded-ai-spec.md;12-solution/technology-decisions.md;16-reports/ARCHITECTURE-REVIEW-R2.md;16-reports/ENGINEERING-BASELINE-R2.md;16-reports/SESSION-W4-W7-SLC10.md"
"TECH-DECISIONS","6","yes","00-governance/glossary.md;00-governance/decisions/ADR-P05.md;00-governance/registers/corrections.md;12-solution/technology-decisions.md;16-reports/ANTI-PATTERN-REPORT-R1.md;16-reports/gate-reports/GATE-STATUS-FINAL-R1.md"
"TEMPORAL-MODEL","7","yes","03-domain/contexts/BC02/claims-temporal-kernel.md;03-domain/contexts/BC03/analysis-reproducibility-spec.md;03-domain/contexts/BC03/aggregates/AGG-ANALYSIS-CASE.md;03-domain/contexts/BC04/decision-plan-spec.md;04-information/temporal-model.md;13-verification/acceptance/SLC-02/invariants-slc02.md;13-verification/tooling/slice-sources.md"
"THR-001","1","yes","08-security/threat-model.md"
"THR-002","1","yes","08-security/threat-model.md"
"THR-003","1","yes","08-security/threat-model.md"
"THR-004","1","yes","08-security/threat-model.md"
"THR-005","1","yes","08-security/threat-model.md"
"THR-006","1","yes","08-security/threat-model.md"
"THR-007","1","yes","08-security/threat-model.md"
"THR-008","1","yes","08-security/threat-model.md"
"THR-009","1","yes","08-security/threat-model.md"
"THR-010","1","yes","08-security/threat-model.md"
"THR-011","1","yes","08-security/threat-model.md"
"THR-012","3","yes","03-domain/contexts/BC01/aggregates/AGG-DEVICE.md;08-security/threat-model.md;13-verification/tooling/slice-sources.md"
"THR-013","2","yes","02-requirements/requirements.md;08-security/threat-model.md"
"THR-014","1","yes","08-security/threat-model.md"
"THR-015","1","yes","08-security/threat-model.md"
"THR-016","1","yes","08-security/threat-model.md"
"THR-017","1","yes","08-security/threat-model.md"
"THR-018","1","yes","08-security/threat-model.md"
"THR-019","2","yes","08-security/threat-model.md;12-solution/technology-decisions.md"
"THR-020","1","yes","08-security/threat-model.md"
"THREAT-MODEL","1","yes","08-security/threat-model.md"
"THREAT-MODEL-SLC01","1","yes","08-security/threat-model-slc01.md"
"THREAT-MODEL-SLC02","1","yes","08-security/threat-model-slc02.md"
"THREAT-MODEL-SLC03","1","yes","08-security/threat-model-slc03.md"
"THREAT-MODEL-SLC04","1","yes","08-security/threat-model-slc04.md"
"THREAT-MODEL-SLC05","1","yes","08-security/threat-model-slc05.md"
"THREAT-MODEL-SLC06","1","yes","08-security/threat-model-slc06.md"
"THREAT-MODEL-SLC07","1","yes","08-security/threat-model-slc07.md"
"THREAT-MODEL-SLC08","1","yes","08-security/threat-model-slc08.md"
"THREAT-MODEL-SLC09","1","yes","08-security/threat-model-slc09.md"
"THREAT-MODEL-SLC10","1","yes","08-security/threat-model-slc10.md"
"THREAT-MODEL-SLC11","1","yes","08-security/threat-model-slc11.md"
"THREAT-MODEL-SLC12","1","yes","08-security/threat-model-slc12.md"
"THREAT-MODEL-SLC12A","1","yes","08-security/threat-model-slc12a.md"
"THREAT-MODEL-SLC14","1","yes","08-security/threat-model-slc14.md"
"THREAT-MODEL-SLC15","1","yes","08-security/threat-model-slc15.md"
"THREAT-MODEL-SLC16","1","yes","08-security/threat-model-slc16.md"
"THREAT-MODEL-SLC17","1","yes","08-security/threat-model-slc17.md"
"THREAT-MODEL-SLC18","1","yes","08-security/threat-model-slc18.md"
"THREAT-MODEL-SLC19","1","yes","08-security/threat-model-slc19.md"
"THR-S01-01","4","yes","02-requirements/requirements.md;03-domain/contexts/BC01/aggregates/AGG-HR-SYNC-PROPOSAL.md;08-security/threat-model-slc01.md;13-verification/tooling/slice-sources.md"
"THR-S01-02","1","yes","08-security/threat-model-slc01.md"
"THR-S01-03","1","yes","08-security/threat-model-slc01.md"
"THR-S01-04","2","yes","08-security/threat-model-slc01.md;14-slices/SLC-01/atam-lite.md"
"THR-S01-05","1","yes","08-security/threat-model-slc01.md"
"THR-S01-06","1","yes","08-security/threat-model-slc01.md"
"THR-S01-07","1","yes","08-security/threat-model-slc01.md"
"THR-S01-08","1","yes","08-security/threat-model-slc01.md"
"THR-S01-09","1","yes","08-security/threat-model-slc01.md"
"THR-S01-10","1","yes","08-security/threat-model-slc01.md"
"THR-S01-11","2","yes","08-security/threat-model-slc01.md;14-slices/SLC-01/atam-lite.md"
"THR-S01-12","2","yes","08-security/threat-model-slc01.md;13-verification/acceptance/SLC-01/invariants-slc01.md"
"THR-S02-01","1","yes","08-security/threat-model-slc02.md"
"THR-S02-02","1","yes","08-security/threat-model-slc02.md"
"THR-S02-03","1","yes","08-security/threat-model-slc02.md"
"THR-S02-04","1","yes","08-security/threat-model-slc02.md"
"THR-S02-05","1","yes","08-security/threat-model-slc02.md"
"THR-S02-06","1","yes","08-security/threat-model-slc02.md"
"THR-S02-07","1","yes","08-security/threat-model-slc02.md"
"THR-S02-08","1","yes","08-security/threat-model-slc02.md"
"THR-S02-09","1","yes","08-security/threat-model-slc02.md"
"THR-S02-10","1","yes","08-security/threat-model-slc02.md"
"THR-S03-01","1","yes","08-security/threat-model-slc03.md"
"THR-S03-02","1","yes","08-security/threat-model-slc03.md"
"THR-S03-03","1","yes","08-security/threat-model-slc03.md"
"THR-S03-04","1","yes","08-security/threat-model-slc03.md"
"THR-S03-05","1","yes","08-security/threat-model-slc03.md"
"THR-S03-06","1","yes","08-security/threat-model-slc03.md"
"THR-S04-01","1","yes","08-security/threat-model-slc04.md"
"THR-S04-02","1","yes","08-security/threat-model-slc04.md"
"THR-S04-02..04","1","no","13-verification/acceptance/SLC-04/invariants-slc04.md"
"THR-S04-03","1","yes","08-security/threat-model-slc04.md"
"THR-S04-04","1","yes","08-security/threat-model-slc04.md"
"THR-S04-05","1","yes","08-security/threat-model-slc04.md"
"THR-S04-06","1","yes","08-security/threat-model-slc04.md"
"THR-S04-07","1","yes","08-security/threat-model-slc04.md"
"THR-S05-01","2","yes","03-domain/contexts/BC07/discovery-architecture.md;08-security/threat-model-slc05.md"
"THR-S05-02","1","yes","08-security/threat-model-slc05.md"
"THR-S05-03","1","yes","08-security/threat-model-slc05.md"
"THR-S05-04","2","yes","08-security/threat-model-slc05.md;13-verification/acceptance/SLC-05/invariants-slc05.md"
"THR-S05-05","1","yes","08-security/threat-model-slc05.md"
"THR-S05-06","1","yes","08-security/threat-model-slc05.md"
"THR-S05-07","1","yes","08-security/threat-model-slc05.md"
"THR-S05-08","2","yes","08-security/threat-model-slc05.md;14-slices/SLC-05/atam-lite.md"
"THR-S06-01","1","yes","08-security/threat-model-slc06.md"
"THR-S06-02","1","yes","08-security/threat-model-slc06.md"
"THR-S06-03","1","yes","08-security/threat-model-slc06.md"
"THR-S06-04","1","yes","08-security/threat-model-slc06.md"
"THR-S06-05","1","yes","08-security/threat-model-slc06.md"
"THR-S06-06","1","yes","08-security/threat-model-slc06.md"
"THR-S06-07","1","yes","08-security/threat-model-slc06.md"
"THR-S07-01","1","yes","08-security/threat-model-slc07.md"
"THR-S07-02","1","yes","08-security/threat-model-slc07.md"
"THR-S07-03","1","yes","08-security/threat-model-slc07.md"
"THR-S07-04","1","yes","08-security/threat-model-slc07.md"
"THR-S07-05","1","yes","08-security/threat-model-slc07.md"
"THR-S07-06","1","yes","08-security/threat-model-slc07.md"
"THR-S08-01","1","yes","08-security/threat-model-slc08.md"
"THR-S08-02","1","yes","08-security/threat-model-slc08.md"
"THR-S08-03","1","yes","08-security/threat-model-slc08.md"
"THR-S08-04","1","yes","08-security/threat-model-slc08.md"
"THR-S08-05","1","yes","08-security/threat-model-slc08.md"
"THR-S08-06","1","yes","08-security/threat-model-slc08.md"
"THR-S09-01","1","yes","08-security/threat-model-slc09.md"
"THR-S09-02","1","yes","08-security/threat-model-slc09.md"
"THR-S09-03","2","yes","08-security/threat-model-slc09.md;13-verification/acceptance/SLC-09/invariants-slc09.md"
"THR-S09-04","1","yes","08-security/threat-model-slc09.md"
"THR-S10-01","1","yes","08-security/threat-model-slc10.md"
"THR-S10-02","1","yes","08-security/threat-model-slc10.md"
"THR-S10-03","1","yes","08-security/threat-model-slc10.md"
"THR-S10-04","2","yes","08-security/threat-model-slc10.md;14-slices/SLC-10/atam-lite.md"
"THR-S10-05","1","yes","08-security/threat-model-slc10.md"
"THR-S10-06","1","yes","08-security/threat-model-slc10.md"
"THR-S11-01","1","yes","08-security/threat-model-slc11.md"
"THR-S11-02","1","yes","08-security/threat-model-slc11.md"
"THR-S11-03","1","yes","08-security/threat-model-slc11.md"
"THR-S11-04","1","yes","08-security/threat-model-slc11.md"
"THR-S11-05","1","yes","08-security/threat-model-slc11.md"
"THR-S11-06","1","yes","08-security/threat-model-slc11.md"
"THR-S12-01","1","yes","08-security/threat-model-slc12a.md"
"THR-S12-02","1","yes","08-security/threat-model-slc12a.md"
"THR-S12-03","1","yes","08-security/threat-model-slc12a.md"
"THR-S12-04","1","yes","08-security/threat-model-slc12a.md"
"THR-S12-05","1","yes","08-security/threat-model-slc12a.md"
"THR-S12-P1","1","yes","08-security/threat-model-slc12.md"
"THR-S12-P2","2","yes","08-security/threat-model-slc12.md;14-slices/SLC-12/atam-lite.md"
"THR-S12-P3","1","yes","08-security/threat-model-slc12.md"
"THR-S12-P4","1","yes","08-security/threat-model-slc12.md"
"THR-S12-P5","1","yes","08-security/threat-model-slc12.md"
"THR-S14-01","1","yes","08-security/threat-model-slc14.md"
"THR-S14-02","1","yes","08-security/threat-model-slc14.md"
"THR-S15-01","1","yes","08-security/threat-model-slc15.md"
"THR-S15-02","1","yes","08-security/threat-model-slc15.md"
"THR-S15-03","1","yes","08-security/threat-model-slc15.md"
"THR-S15-04","1","yes","08-security/threat-model-slc15.md"
"THR-S16-01","1","yes","08-security/threat-model-slc16.md"
"THR-S16-02","1","yes","08-security/threat-model-slc16.md"
"THR-S16-03","1","yes","08-security/threat-model-slc16.md"
"THR-S16-04","1","yes","08-security/threat-model-slc16.md"
"THR-S16-05","2","yes","08-security/threat-model-slc16.md;14-slices/SLC-16/atam-lite.md"
"THR-S17-01","1","yes","08-security/threat-model-slc17.md"
"THR-S17-02","1","yes","08-security/threat-model-slc17.md"
"THR-S17-03","1","yes","08-security/threat-model-slc17.md"
"THR-S17-04","1","yes","08-security/threat-model-slc17.md"
"THR-S17-05","1","yes","08-security/threat-model-slc17.md"
"THR-S18-01","1","yes","08-security/threat-model-slc18.md"
"THR-S18-02","1","yes","08-security/threat-model-slc18.md"
"THR-S18-03","1","yes","08-security/threat-model-slc18.md"
"THR-S18-04","1","yes","08-security/threat-model-slc18.md"
"THR-S18-05","1","yes","08-security/threat-model-slc18.md"
"THR-S19-01","1","yes","08-security/threat-model-slc19.md"
"THR-S19-02","1","yes","08-security/threat-model-slc19.md"
"THR-S19-03","1","yes","08-security/threat-model-slc19.md"
"THR-S19-04","1","yes","08-security/threat-model-slc19.md"
"THR-S19-05","1","yes","08-security/threat-model-slc19.md"
"TRACE-PLATFORM","3","yes","00-governance/registers/corrections.md;12-solution/w8-inputs.md;15-traceability/trace-platform.md"
"TRACE-SLC01","1","yes","15-traceability/trace-slc01.md"
"TRACE-SLC02","1","yes","15-traceability/trace-slc02.md"
"TRACE-SLC03","1","yes","15-traceability/trace-slc03.md"
"TRACE-SLC04","1","yes","15-traceability/trace-slc04.md"
"TRACE-SLC05","1","yes","15-traceability/trace-slc05.md"
"TRACE-SLC06","1","yes","15-traceability/trace-slc06.md"
"TRACE-SLC07","1","yes","15-traceability/trace-slc07.md"
"TRACE-SLC08","1","yes","15-traceability/trace-slc08.md"
"TRACE-SLC09","1","yes","15-traceability/trace-slc09.md"
"TRACE-SLC10","1","yes","15-traceability/trace-slc10.md"
"TRACE-SLC11","1","yes","15-traceability/trace-slc11.md"
"TRACE-SLC12","1","yes","15-traceability/trace-slc12.md"
"TRACE-SLC12A","1","yes","15-traceability/trace-slc12a.md"
"TRACE-SLC14","1","yes","15-traceability/trace-slc14.md"
"TRACE-SLC15","1","yes","15-traceability/trace-slc15.md"
"TRACE-SLC16","1","yes","15-traceability/trace-slc16.md"
"TRACE-SLC17","1","yes","15-traceability/trace-slc17.md"
"TRACE-SLC18","1","yes","15-traceability/trace-slc18.md"
"TRACE-SLC19","1","yes","15-traceability/trace-slc19.md"
"TRUST-BOUNDARIES","1","yes","08-security/trust-boundaries.md"
"TST-ADAPTER-SM","3","yes","13-verification/acceptance/SLC-02/adapter-state-machine.md;15-traceability/rtm-r1.md;15-traceability/trace-slc02.md"
"TST-AI-REQUEST-SM","3","yes","13-verification/acceptance/SLC-10/ai-request-state-machine.md;15-traceability/rtm-r2.md;15-traceability/trace-slc10.md"
"TST-AI-RESULT-SM","3","yes","13-verification/acceptance/SLC-10/ai-result-state-machine.md;15-traceability/rtm-r2.md;15-traceability/trace-slc10.md"
"TST-AI-ROUTING-SM","3","yes","13-verification/acceptance/SLC-10/ai-routing-state-machine.md;15-traceability/rtm-r2.md;15-traceability/trace-slc10.md"
"TST-AI-TOOL-SM","3","yes","13-verification/acceptance/SLC-10/ai-tool-state-machine.md;15-traceability/rtm-r2.md;15-traceability/trace-slc10.md"
"TST-ALERT-RULE-SM","3","yes","13-verification/acceptance/SLC-06/alert-rule-state-machine.md;15-traceability/rtm-r1.md;15-traceability/trace-slc06.md"
"TST-ALERT-SM","3","yes","13-verification/acceptance/SLC-06/alert-state-machine.md;15-traceability/rtm-r1.md;15-traceability/trace-slc06.md"
"TST-ALLOCATION-SM","3","yes","13-verification/acceptance/SLC-09/allocation-state-machine.md;15-traceability/rtm-r2.md;15-traceability/trace-slc09.md"
"TST-ANALYSIS-CASE-SM","3","yes","13-verification/acceptance/SLC-07/analysis-case-state-machine.md;15-traceability/rtm-r1.md;15-traceability/trace-slc07.md"
"TST-ANALYSIS-METHOD-SM","3","yes","13-verification/acceptance/SLC-07/analysis-method-state-machine.md;15-traceability/rtm-r1.md;15-traceability/trace-slc07.md"
"TST-ANALYSIS-RUN-SM","3","yes","13-verification/acceptance/SLC-07/analysis-run-state-machine.md;15-traceability/rtm-r1.md;15-traceability/trace-slc07.md"
"TST-ARCHIVE-PACKAGE-SM","3","yes","13-verification/acceptance/SLC-12/archive-package-state-machine.md;15-traceability/rtm-r2.md;15-traceability/trace-slc12.md"
"TST-ASSESSMENT-SM","3","yes","13-verification/acceptance/SLC-07/assessment-state-machine.md;15-traceability/rtm-r1.md;15-traceability/trace-slc07.md"
"TST-ASSET-ASSIGNMENT-SM","3","yes","13-verification/acceptance/SLC-09/asset-assignment-state-machine.md;15-traceability/rtm-r2.md;15-traceability/trace-slc09.md"
"TST-ASSET-RESERVATION-SM","3","yes","13-verification/acceptance/SLC-09/asset-reservation-state-machine.md;15-traceability/rtm-r2.md;15-traceability/trace-slc09.md"
"TST-ASSET-SM","3","yes","13-verification/acceptance/SLC-09/asset-state-machine.md;15-traceability/rtm-r2.md;15-traceability/trace-slc09.md"
"TST-ATTACHMENT-SM","3","yes","13-verification/acceptance/SLC-02/attachment-state-machine.md;15-traceability/rtm-r1.md;15-traceability/trace-slc02.md"
"TST-AUTHORITY-GRANT-SM","3","yes","13-verification/acceptance/SLC-01/authority-grant-state-machine.md;15-traceability/rtm-r1.md;15-traceability/trace-slc01.md"
"TST-CAP-MESSAGE-SM","3","yes","13-verification/acceptance/SLC-16/cap-message-state-machine.md;15-traceability/rtm-r2.md;15-traceability/trace-slc16.md"
"TST-CLAIM-SM","3","yes","13-verification/acceptance/SLC-02/claim-state-machine.md;15-traceability/rtm-r1.md;15-traceability/trace-slc02.md"
"TST-CLASSIFICATION-SCHEME-SM","3","yes","13-verification/acceptance/SLC-01/classification-scheme-state-machine.md;15-traceability/rtm-r1.md;15-traceability/trace-slc01.md"
"TST-CLEARANCE-SM","3","yes","13-verification/acceptance/SLC-01/clearance-state-machine.md;15-traceability/rtm-r1.md;15-traceability/trace-slc01.md"
"TST-COLLECTION-PLAN-SM","3","yes","13-verification/acceptance/SLC-14/collection-plan-state-machine.md;15-traceability/rtm-r2.md;15-traceability/trace-slc14.md"
"TST-COLLECTION-REQUIREMENT-SM","3","yes","13-verification/acceptance/SLC-14/collection-requirement-state-machine.md;15-traceability/rtm-r2.md;15-traceability/trace-slc14.md"
"TST-CONFLICT-SM","3","yes","13-verification/acceptance/SLC-04/conflict-state-machine.md;15-traceability/rtm-r1.md;15-traceability/trace-slc04.md"
"TST-COORDINATION-CASE-SM","3","yes","13-verification/acceptance/SLC-15/coordination-case-state-machine.md;15-traceability/rtm-r2.md;15-traceability/trace-slc15.md"
"TST-CORRELATION-PROPOSAL-SM","3","yes","13-verification/acceptance/SLC-15/correlation-proposal-state-machine.md;15-traceability/rtm-r2.md;15-traceability/trace-slc15.md"
"TST-CORRELATION-RULE-SM","3","yes","13-verification/acceptance/SLC-15/correlation-rule-state-machine.md;15-traceability/rtm-r2.md;15-traceability/trace-slc15.md"
"TST-DECISION-REQUEST-SM","3","yes","13-verification/acceptance/SLC-08/decision-request-state-machine.md;15-traceability/rtm-r1.md;15-traceability/trace-slc08.md"
"TST-DECISION-SM","3","yes","13-verification/acceptance/SLC-08/decision-state-machine.md;15-traceability/rtm-r1.md;15-traceability/trace-slc08.md"
"TST-DEVICE-SM","3","yes","13-verification/acceptance/SLC-11/device-state-machine.md;15-traceability/rtm-r1.md;15-traceability/trace-slc11.md"
"TST-DISPOSITION-RUN-SM","3","yes","13-verification/acceptance/SLC-12a/disposition-run-state-machine.md;15-traceability/rtm-r1.md;15-traceability/trace-slc12a.md"
"TST-DISTRIBUTION-SM","3","yes","13-verification/acceptance/SLC-12/distribution-state-machine.md;15-traceability/rtm-r2.md;15-traceability/trace-slc12.md"
"TST-ENTITY-SM","3","yes","13-verification/acceptance/SLC-02/entity-state-machine.md;15-traceability/rtm-r1.md;15-traceability/trace-slc02.md"
"TST-ERASURE-REQUEST-SM","3","yes","13-verification/acceptance/SLC-12a/erasure-request-state-machine.md;15-traceability/rtm-r1.md;15-traceability/trace-slc12a.md"
"TST-ER-CASE-SM","3","yes","13-verification/acceptance/SLC-04/er-case-state-machine.md;15-traceability/rtm-r1.md;15-traceability/trace-slc04.md"
"TST-EVAL-SUITE-SM","3","yes","13-verification/acceptance/SLC-10/eval-suite-state-machine.md;15-traceability/rtm-r2.md;15-traceability/trace-slc10.md"
"TST-EVIDENCE-LINK-SM","3","yes","13-verification/acceptance/SLC-02/evidence-link-state-machine.md;15-traceability/rtm-r1.md;15-traceability/trace-slc02.md"
"TST-EVIDENCE-SM","3","yes","13-verification/acceptance/SLC-02/evidence-state-machine.md;15-traceability/rtm-r1.md;15-traceability/trace-slc02.md"
"TST-EXERCISE-SM","2","yes","13-verification/acceptance/SLC-19/exercise-state-machine.md;15-traceability/trace-slc19.md"
"TST-EXTERNAL-ID-SM","3","yes","13-verification/acceptance/SLC-02/external-id-state-machine.md;15-traceability/rtm-r1.md;15-traceability/trace-slc02.md"
"TST-FINDING-SM","3","yes","13-verification/acceptance/SLC-07/finding-state-machine.md;15-traceability/rtm-r1.md;15-traceability/trace-slc07.md"
"TST-HR-SYNC-PROPOSAL-SM","3","yes","13-verification/acceptance/SLC-16/hr-sync-proposal-state-machine.md;15-traceability/rtm-r2.md;15-traceability/trace-slc16.md"
"TST-IMPORT-BATCH-SM","3","yes","13-verification/acceptance/SLC-02/import-batch-state-machine.md;15-traceability/rtm-r1.md;15-traceability/trace-slc02.md"
"TST-INCIDENT-SM","3","yes","13-verification/acceptance/SLC-17/incident-state-machine.md;15-traceability/quality-verification-matrix.md;15-traceability/trace-slc17.md"
"TST-INTEGRATION-CONNECTION-SM","3","yes","13-verification/acceptance/SLC-16/integration-connection-state-machine.md;15-traceability/rtm-r2.md;15-traceability/trace-slc16.md"
"TST-KNOWLEDGE-OBJECT-SM","3","yes","13-verification/acceptance/SLC-12/knowledge-object-state-machine.md;15-traceability/rtm-r2.md;15-traceability/trace-slc12.md"
"TST-LEGAL-HOLD-SM","3","yes","13-verification/acceptance/SLC-12a/legal-hold-state-machine.md;15-traceability/rtm-r1.md;15-traceability/trace-slc12a.md"
"TST-LOGISTICS-REQUEST-SM","2","yes","13-verification/acceptance/SLC-18/logistics-request-state-machine.md;15-traceability/trace-slc18.md"
"TST-MAINTENANCE-ORDER-SM","3","yes","13-verification/acceptance/SLC-09/maintenance-order-state-machine.md;15-traceability/rtm-r2.md;15-traceability/trace-slc09.md"
"TST-MATCH-RULESET-SM","3","yes","13-verification/acceptance/SLC-04/match-ruleset-state-machine.md;15-traceability/rtm-r1.md;15-traceability/trace-slc04.md"
"TST-MODEL-VERSION-SM","3","yes","13-verification/acceptance/SLC-10/model-version-state-machine.md;15-traceability/rtm-r2.md;15-traceability/trace-slc10.md"
"TST-NOTIFICATION-SM","3","yes","13-verification/acceptance/SLC-06/notification-state-machine.md;15-traceability/rtm-r1.md;15-traceability/trace-slc06.md"
"TST-OBSERVATION-SM","3","yes","13-verification/acceptance/SLC-02/observation-state-machine.md;15-traceability/rtm-r1.md;15-traceability/trace-slc02.md"
"TST-ORGANIZATION-SM","3","yes","13-verification/acceptance/SLC-01/organization-state-machine.md;15-traceability/rtm-r1.md;15-traceability/trace-slc01.md"
"TST-OUTCOME-TRACKER-SM","3","yes","13-verification/acceptance/SLC-08/outcome-tracker-state-machine.md;15-traceability/rtm-r1.md;15-traceability/trace-slc08.md"
"TST-PERSON-SM","3","yes","13-verification/acceptance/SLC-01/person-state-machine.md;15-traceability/rtm-r1.md;15-traceability/trace-slc01.md"
"TST-PLAN-SM","3","yes","13-verification/acceptance/SLC-08/plan-state-machine.md;15-traceability/rtm-r1.md;15-traceability/trace-slc08.md"
"TST-PLAN-VERSION-SM","3","yes","13-verification/acceptance/SLC-08/plan-version-state-machine.md;15-traceability/rtm-r1.md;15-traceability/trace-slc08.md"
"TST-POLICY-SET-SM","3","yes","13-verification/acceptance/SLC-01/policy-set-state-machine.md;15-traceability/rtm-r1.md;15-traceability/trace-slc01.md"
"TST-PRELOAD-PACKAGE-SM","3","yes","13-verification/acceptance/SLC-11/preload-package-state-machine.md;15-traceability/rtm-r1.md;15-traceability/trace-slc11.md"
"TST-PRODUCT-SM","3","yes","13-verification/acceptance/SLC-12/product-state-machine.md;15-traceability/rtm-r2.md;15-traceability/trace-slc12.md"
"TST-PRODUCT-TEMPLATE-SM","3","yes","13-verification/acceptance/SLC-12/product-template-state-machine.md;15-traceability/rtm-r2.md;15-traceability/trace-slc12.md"
"TST-PROJECTION-VERSION-SM","3","yes","13-verification/acceptance/SLC-05/projection-version-state-machine.md;15-traceability/rtm-r1.md;15-traceability/trace-slc05.md"
"TST-QUALIFICATION-RECORD-SM","3","yes","13-verification/acceptance/SLC-03/qualification-record-state-machine.md;15-traceability/rtm-r1.md;15-traceability/trace-slc03.md"
"TST-REALWORLD-EVENT-SM","3","yes","13-verification/acceptance/SLC-02/realworld-event-state-machine.md;15-traceability/rtm-r1.md;15-traceability/trace-slc02.md"
"TST-RECONSTRUCTION-SM","3","yes","13-verification/acceptance/SLC-12/reconstruction-state-machine.md;15-traceability/rtm-r2.md;15-traceability/trace-slc12.md"
"TST-RELATIONSHIP-SM","3","yes","13-verification/acceptance/SLC-02/relationship-state-machine.md;15-traceability/rtm-r1.md;15-traceability/trace-slc02.md"
"TST-RESOURCE-POOL-SM","3","yes","13-verification/acceptance/SLC-09/resource-pool-state-machine.md;15-traceability/rtm-r2.md;15-traceability/trace-slc09.md"
"TST-RETENTION-SCHEDULE-SM","3","yes","13-verification/acceptance/SLC-12a/retention-schedule-state-machine.md;15-traceability/rtm-r1.md;15-traceability/trace-slc12a.md"
"TST-RISK-SM","2","yes","13-verification/acceptance/SLC-17/risk-state-machine.md;15-traceability/trace-slc17.md"
"TST-ROLE-ASSIGNMENT-SM","3","yes","13-verification/acceptance/SLC-01/role-assignment-state-machine.md;15-traceability/rtm-r1.md;15-traceability/trace-slc01.md"
"TST-ROLE-REQUIREMENT-SM","3","yes","13-verification/acceptance/SLC-09/role-requirement-state-machine.md;15-traceability/rtm-r2.md;15-traceability/trace-slc09.md"
"TST-ROLE-SM","3","yes","13-verification/acceptance/SLC-01/role-state-machine.md;15-traceability/rtm-r1.md;15-traceability/trace-slc01.md"
"TST-SCENARIO-SM","2","yes","13-verification/acceptance/SLC-19/scenario-state-machine.md;15-traceability/trace-slc19.md"
"TST-SECURITY-EXCEPTION-SM","3","yes","13-verification/acceptance/SLC-01/security-exception-state-machine.md;15-traceability/rtm-r1.md;15-traceability/trace-slc01.md"
"TST-SENSOR-STREAM-SM","3","yes","13-verification/acceptance/SLC-16/sensor-stream-state-machine.md;15-traceability/rtm-r2.md;15-traceability/trace-slc16.md"
"TST-SERVICE-ACCOUNT-SM","3","yes","13-verification/acceptance/SLC-01/service-account-state-machine.md;15-traceability/rtm-r1.md;15-traceability/trace-slc01.md"
"TST-SHIPMENT-SM","2","yes","13-verification/acceptance/SLC-18/shipment-state-machine.md;15-traceability/trace-slc18.md"
"TST-SIMULATION-SM","2","yes","13-verification/acceptance/SLC-19/simulation-state-machine.md;15-traceability/trace-slc19.md"
"TST-SITUATION-SM","3","yes","13-verification/acceptance/SLC-06/situation-state-machine.md;15-traceability/rtm-r1.md;15-traceability/trace-slc06.md"
"TST-SLC01-INVARIANTS","3","yes","13-verification/acceptance/SLC-01/invariants-slc01.md;15-traceability/rtm-r1.md;15-traceability/trace-slc01.md"
"TST-SLC02-INVARIANTS","3","yes","13-verification/acceptance/SLC-02/invariants-slc02.md;15-traceability/rtm-r1.md;15-traceability/trace-slc02.md"
"TST-SLC03-INVARIANTS","3","yes","13-verification/acceptance/SLC-03/invariants-slc03.md;15-traceability/rtm-r1.md;15-traceability/trace-slc03.md"
"TST-SLC04-INVARIANTS","3","yes","13-verification/acceptance/SLC-04/invariants-slc04.md;15-traceability/rtm-r1.md;15-traceability/trace-slc04.md"
"TST-SLC05-INVARIANTS","3","yes","13-verification/acceptance/SLC-05/invariants-slc05.md;15-traceability/rtm-r1.md;15-traceability/trace-slc05.md"
"TST-SLC06-INVARIANTS","3","yes","13-verification/acceptance/SLC-06/invariants-slc06.md;15-traceability/rtm-r1.md;15-traceability/trace-slc06.md"
"TST-SLC07-INVARIANTS","3","yes","13-verification/acceptance/SLC-07/invariants-slc07.md;15-traceability/rtm-r1.md;15-traceability/trace-slc07.md"
"TST-SLC08-INVARIANTS","3","yes","13-verification/acceptance/SLC-08/invariants-slc08.md;15-traceability/rtm-r1.md;15-traceability/trace-slc08.md"
"TST-SLC09-INVARIANTS","3","yes","13-verification/acceptance/SLC-09/invariants-slc09.md;15-traceability/rtm-r2.md;15-traceability/trace-slc09.md"
"TST-SLC10-INVARIANTS","3","yes","13-verification/acceptance/SLC-10/invariants-slc10.md;15-traceability/rtm-r2.md;15-traceability/trace-slc10.md"
"TST-SLC11-INVARIANTS","3","yes","13-verification/acceptance/SLC-11/invariants-slc11.md;15-traceability/rtm-r1.md;15-traceability/trace-slc11.md"
"TST-SLC12A-INVARIANTS","3","yes","13-verification/acceptance/SLC-12a/invariants-slc12a.md;15-traceability/rtm-r1.md;15-traceability/trace-slc12a.md"
"TST-SLC12-INVARIANTS","3","yes","13-verification/acceptance/SLC-12/invariants-slc12.md;15-traceability/rtm-r2.md;15-traceability/trace-slc12.md"
"TST-SLC14-INVARIANTS","3","yes","13-verification/acceptance/SLC-14/invariants-slc14.md;15-traceability/rtm-r2.md;15-traceability/trace-slc14.md"
"TST-SLC15-INVARIANTS","3","yes","13-verification/acceptance/SLC-15/invariants-slc15.md;15-traceability/rtm-r2.md;15-traceability/trace-slc15.md"
"TST-SLC16-INVARIANTS","3","yes","13-verification/acceptance/SLC-16/invariants-slc16.md;15-traceability/rtm-r2.md;15-traceability/trace-slc16.md"
"TST-SLC17-INVARIANTS","3","yes","13-verification/acceptance/SLC-17/invariants-slc17.md;15-traceability/quality-verification-matrix.md;15-traceability/trace-slc17.md"
"TST-SLC18-INVARIANTS","2","yes","13-verification/acceptance/SLC-18/invariants-slc18.md;15-traceability/trace-slc18.md"
"TST-SLC19-INVARIANTS","2","yes","13-verification/acceptance/SLC-19/invariants-slc19.md;15-traceability/trace-slc19.md"
"TST-SOURCE-SM","3","yes","13-verification/acceptance/SLC-02/source-state-machine.md;15-traceability/rtm-r1.md;15-traceability/trace-slc02.md"
"TST-SUBSCRIPTION-SM","3","yes","13-verification/acceptance/SLC-06/subscription-state-machine.md;15-traceability/rtm-r1.md;15-traceability/trace-slc06.md"
"TST-SYNC-CONFLICT-SM","3","yes","13-verification/acceptance/SLC-11/sync-conflict-state-machine.md;15-traceability/rtm-r1.md;15-traceability/trace-slc11.md"
"TST-SYNC-SESSION-SM","3","yes","13-verification/acceptance/SLC-11/sync-session-state-machine.md;15-traceability/rtm-r1.md;15-traceability/trace-slc11.md"
"TST-TASK-SM","3","yes","13-verification/acceptance/SLC-03/task-state-machine.md;15-traceability/rtm-r1.md;15-traceability/trace-slc03.md"
"TST-TASK-TYPE-SM","3","yes","13-verification/acceptance/SLC-03/task-type-state-machine.md;15-traceability/rtm-r1.md;15-traceability/trace-slc03.md"
"TST-TENANT-SM","3","yes","13-verification/acceptance/SLC-01/tenant-state-machine.md;15-traceability/rtm-r1.md;15-traceability/trace-slc01.md"
"TST-USER-SM","3","yes","13-verification/acceptance/SLC-01/user-state-machine.md;15-traceability/rtm-r1.md;15-traceability/trace-slc01.md"
"UC-001","2","yes","02-requirements/requirements.md;02-requirements/use-cases.md"
"UC-002","2","yes","02-requirements/requirements.md;02-requirements/use-cases.md"
"UC-003","2","yes","02-requirements/requirements.md;02-requirements/use-cases.md"
"UC-004","2","yes","02-requirements/requirements.md;02-requirements/use-cases.md"
"UC-005","2","yes","02-requirements/requirements.md;02-requirements/use-cases.md"
"UC-006","2","yes","02-requirements/requirements.md;02-requirements/use-cases.md"
"UC-007","2","yes","02-requirements/requirements.md;02-requirements/use-cases.md"
"UC-008","2","yes","02-requirements/requirements.md;02-requirements/use-cases.md"
"UC-009","2","no","00-governance/registers/open-questions.md;16-reports/SESSION-W0.md"
"UC-010","2","yes","02-requirements/requirements.md;02-requirements/use-cases.md"
"UC-011","2","yes","02-requirements/requirements.md;02-requirements/use-cases.md"
"UC-012","2","yes","02-requirements/requirements.md;02-requirements/use-cases.md"
"UC-013","2","yes","02-requirements/requirements.md;02-requirements/use-cases.md"
"UC-014","3","yes","02-requirements/requirements.md;02-requirements/use-cases.md;16-reports/REQUIREMENTS-QUALITY-REPORT.md"
"UC-015","2","yes","02-requirements/requirements.md;02-requirements/use-cases.md"
"UC-016","2","yes","02-requirements/requirements.md;02-requirements/use-cases.md"
"UC-017","2","no","00-governance/registers/open-questions.md;16-reports/SESSION-W0.md"
"UC-020","2","yes","02-requirements/requirements.md;02-requirements/use-cases.md"
"UC-020..023","1","no","00-governance/decisions/ADR-P07.md"
"UC-021","2","yes","02-requirements/requirements.md;02-requirements/use-cases.md"
"UC-022","2","yes","02-requirements/requirements.md;02-requirements/use-cases.md"
"UC-023","2","yes","02-requirements/requirements.md;02-requirements/use-cases.md"
"UC-024","2","yes","02-requirements/requirements.md;02-requirements/use-cases.md"
"UC-030","2","yes","02-requirements/requirements.md;02-requirements/use-cases.md"
"UC-031","2","yes","02-requirements/requirements.md;02-requirements/use-cases.md"
"UC-032","2","yes","02-requirements/requirements.md;02-requirements/use-cases.md"
"UC-033","2","yes","02-requirements/requirements.md;02-requirements/use-cases.md"
"UC-034","2","yes","02-requirements/requirements.md;02-requirements/use-cases.md"
"UC-035","2","yes","02-requirements/requirements.md;02-requirements/use-cases.md"
"UC-036","2","yes","02-requirements/requirements.md;02-requirements/use-cases.md"
"UC-040","2","yes","02-requirements/requirements.md;02-requirements/use-cases.md"
"UC-041","4","yes","00-governance/glossary.md;00-governance/registers/corrections.md;02-requirements/requirements.md;02-requirements/use-cases.md"
"UC-042","2","yes","02-requirements/requirements.md;02-requirements/use-cases.md"
"UC-043","2","yes","02-requirements/requirements.md;02-requirements/use-cases.md"
"UC-044","2","yes","02-requirements/requirements.md;02-requirements/use-cases.md"
"UC-045","2","yes","02-requirements/requirements.md;02-requirements/use-cases.md"
"UC-046","2","yes","02-requirements/requirements.md;02-requirements/use-cases.md"
"UC-050","2","yes","02-requirements/requirements.md;02-requirements/use-cases.md"
"UC-051","2","yes","02-requirements/requirements.md;02-requirements/use-cases.md"
"UC-052","3","yes","02-requirements/requirements.md;02-requirements/use-cases.md;16-reports/REQUIREMENTS-QUALITY-REPORT-R2.md"
"UC-053","4","yes","00-governance/glossary.md;00-governance/registers/corrections.md;02-requirements/requirements.md;02-requirements/use-cases.md"
"UC-054","2","yes","02-requirements/requirements.md;02-requirements/use-cases.md"
"UC-055","2","yes","02-requirements/requirements.md;02-requirements/use-cases.md"
"UC-060","2","yes","02-requirements/requirements.md;02-requirements/use-cases.md"
"UC-061","2","yes","02-requirements/requirements.md;02-requirements/use-cases.md"
"UC-062","2","yes","02-requirements/requirements.md;02-requirements/use-cases.md"
"UC-063","2","yes","02-requirements/requirements.md;02-requirements/use-cases.md"
"UC-064","2","yes","02-requirements/requirements.md;02-requirements/use-cases.md"
"UC-065","2","yes","02-requirements/requirements.md;02-requirements/use-cases.md"
"UC-070","2","yes","02-requirements/requirements.md;02-requirements/use-cases.md"
"UC-071","2","yes","02-requirements/requirements.md;02-requirements/use-cases.md"
"UC-072","2","yes","02-requirements/requirements.md;02-requirements/use-cases.md"
"UC-073","2","yes","02-requirements/requirements.md;02-requirements/use-cases.md"
"UC-074","2","yes","02-requirements/requirements.md;02-requirements/use-cases.md"
"UC-080","3","yes","00-governance/registers/open-questions.md;02-requirements/requirements.md;02-requirements/use-cases.md"
"UC-080..UC-084","1","no","02-requirements/use-cases.md"
"UC-080..UC-105","1","no","16-reports/SESSION-W2.md"
"UC-081","2","yes","02-requirements/requirements.md;02-requirements/use-cases.md"
"UC-082","2","yes","02-requirements/requirements.md;02-requirements/use-cases.md"
"UC-083","2","yes","02-requirements/requirements.md;02-requirements/use-cases.md"
"UC-084","2","yes","02-requirements/requirements.md;02-requirements/use-cases.md"
"UC-085","3","yes","00-governance/registers/corrections.md;02-requirements/requirements.md;02-requirements/use-cases.md"
"UC-085..UC-088","1","no","02-requirements/use-cases.md"
"UC-086","2","yes","02-requirements/requirements.md;02-requirements/use-cases.md"
"UC-087","2","yes","02-requirements/requirements.md;02-requirements/use-cases.md"
"UC-088","2","yes","02-requirements/requirements.md;02-requirements/use-cases.md"
"UC-089","3","yes","00-governance/registers/corrections.md;02-requirements/requirements.md;02-requirements/use-cases.md"
"UC-090","2","yes","02-requirements/requirements.md;02-requirements/use-cases.md"
"UC-091","2","yes","02-requirements/requirements.md;02-requirements/use-cases.md"
"UC-092","2","yes","02-requirements/requirements.md;02-requirements/use-cases.md"
"UC-093","2","yes","02-requirements/requirements.md;02-requirements/use-cases.md"
"UC-094","2","yes","02-requirements/requirements.md;02-requirements/use-cases.md"
"UC-095","2","yes","02-requirements/requirements.md;02-requirements/use-cases.md"
"UC-096","2","yes","02-requirements/requirements.md;02-requirements/use-cases.md"
"UC-097","2","yes","02-requirements/requirements.md;02-requirements/use-cases.md"
"UC-098","2","yes","02-requirements/requirements.md;02-requirements/use-cases.md"
"UC-099","2","yes","02-requirements/requirements.md;02-requirements/use-cases.md"
"UC-101","2","yes","02-requirements/requirements.md;02-requirements/use-cases.md"
"UC-102","2","yes","02-requirements/requirements.md;02-requirements/use-cases.md"
"UC-103","2","yes","02-requirements/requirements.md;02-requirements/use-cases.md"
"UC-104","2","yes","02-requirements/requirements.md;02-requirements/use-cases.md"
"UC-105","2","yes","02-requirements/requirements.md;02-requirements/use-cases.md"
"UC-110","2","yes","02-requirements/requirements.md;02-requirements/use-cases.md"
"UC-110..UC-132","1","no","16-reports/REQUIREMENTS-QUALITY-REPORT-R2.md"
"UC-111","2","yes","02-requirements/requirements.md;02-requirements/use-cases.md"
"UC-112","2","yes","02-requirements/requirements.md;02-requirements/use-cases.md"
"UC-120","2","yes","02-requirements/requirements.md;02-requirements/use-cases.md"
"UC-121","2","yes","02-requirements/requirements.md;02-requirements/use-cases.md"
"UC-122","2","yes","02-requirements/requirements.md;02-requirements/use-cases.md"
"UC-130","2","yes","02-requirements/requirements.md;02-requirements/use-cases.md"
"UC-131","2","yes","02-requirements/requirements.md;02-requirements/use-cases.md"
"UC-132","2","yes","02-requirements/requirements.md;02-requirements/use-cases.md"
"UC-CAT","1","yes","02-requirements/use-cases.md"
"UI-ARCHITECTURE","2","yes","12-solution/ui-architecture.md;15-traceability/trace-platform.md"
"UNK-001","4","yes","00-governance/elicitation/W1-answers.md;00-governance/elicitation/W1-questions.md;00-governance/registers/unknowns.md;16-reports/gate-reports/GATE-STATUS-W0.md"
"UNK-002","22","yes","README.md;00-governance/RATIFICATION-PACKAGE.md;00-governance/decisions/ADR-P04.md;00-governance/decisions/ADR-P08.md;00-governance/elicitation/W1-answers.md;00-governance/elicitation/W1-questions.md;00-governance/registers/human-approvals.md;00-governance/registers/unknowns.md;01-business/system-definition.md;08-security/privacy-threats.md;14-slices/slices.md;14-slices/SLC-12a/readiness.md;16-reports/ARCHITECTURE-REVIEW-R1.md;16-reports/CONSISTENCY-REPORT-R1.md;16-reports/CONSISTENCY-REPORT-R2.md;16-reports/IMPLEMENTATION-READINESS-R1.md;16-reports/SESSION-W1.md;16-reports/SESSION-W4-W7-SLC12a.md;16-reports/gate-reports/GATE-STATUS-SLC12a.md;16-reports/gate-reports/GATE-STATUS-W1.md;16-reports/gate-reports/GATE-STATUS-W3.md;16-reports/gate-reports/GATE-STATUS-W8.md"
"UNK-003","4","yes","00-governance/decisions/ADR-P05.md;00-governance/elicitation/W1-answers.md;00-governance/elicitation/W1-questions.md;00-governance/registers/unknowns.md"
"UNK-004","5","yes","00-governance/decisions/ADR-P04.md;00-governance/elicitation/W1-answers.md;00-governance/elicitation/W1-questions.md;00-governance/registers/assumptions.md;00-governance/registers/unknowns.md"
"UNK-005","3","yes","00-governance/elicitation/W1-answers.md;00-governance/elicitation/W1-questions.md;00-governance/registers/unknowns.md"
"UNK-006","5","yes","00-governance/decisions/ADR-P04.md;00-governance/decisions/ADR-P06.md;00-governance/elicitation/W1-answers.md;00-governance/elicitation/W1-questions.md;00-governance/registers/unknowns.md"
"UNK-007","7","yes","00-governance/decisions/ADR-P01.md;00-governance/decisions/ADR-P03.md;00-governance/elicitation/W1-answers.md;00-governance/elicitation/W1-questions.md;00-governance/registers/unknowns.md;16-reports/SESSION-W0.md;16-reports/gate-reports/GATE-STATUS-W0.md"
"UNK-008","3","yes","00-governance/elicitation/W1-answers.md;00-governance/elicitation/W1-questions.md;00-governance/registers/unknowns.md"
"UNK-009","4","yes","00-governance/decisions/ADR-P09.md;00-governance/elicitation/W1-answers.md;00-governance/elicitation/W1-questions.md;00-governance/registers/unknowns.md"
"UNK-010","7","yes","00-governance/decisions/ADR-P12.md;00-governance/elicitation/W1-answers.md;00-governance/elicitation/W1-questions.md;00-governance/registers/dependencies.md;00-governance/registers/unknowns.md;01-business/release-2-scope.md;16-reports/REQUIREMENTS-QUALITY-REPORT.md"
"UNK-011","5","yes","00-governance/decisions/ADR-P15.md;00-governance/elicitation/W1-answers.md;00-governance/elicitation/W1-questions.md;00-governance/registers/assumptions.md;00-governance/registers/unknowns.md"
"UNK-012","27","yes","00-governance/RATIFICATION-PACKAGE.md;00-governance/decisions/ADR-P05.md;00-governance/elicitation/W1-answers.md;00-governance/elicitation/W1-questions.md;00-governance/registers/assumptions.md;00-governance/registers/dependencies.md;00-governance/registers/risks.md;00-governance/registers/unknowns.md;01-business/release-2-scope.md;01-business/system-definition.md;07-quality/cost-model.md;12-solution/deployment-units.md;12-solution/technology-decisions.md;16-reports/ANTI-PATTERN-REPORT-R2.md;16-reports/ARCHITECTURE-REVIEW-R1.md;16-reports/ARCHITECTURE-REVIEW-R2.md;16-reports/CONSISTENCY-REPORT-R1.md;16-reports/CONSISTENCY-REPORT-R2.md;16-reports/ENGINEERING-BASELINE-R2.md;16-reports/IMPLEMENTATION-READINESS-R1.md;16-reports/SESSION-R2-BASELINE.md;16-reports/SESSION-W1.md;16-reports/SESSION-W2-R2.md;16-reports/SESSION-W8.md;16-reports/gate-reports/GATE-STATUS-W0.md;16-reports/gate-reports/GATE-STATUS-W1.md;16-reports/gate-reports/GATE-STATUS-W3.md"
"UNK-013","3","yes","00-governance/elicitation/W1-answers.md;00-governance/elicitation/W1-questions.md;00-governance/registers/unknowns.md"
"UNK-014","4","yes","00-governance/elicitation/W1-answers.md;00-governance/elicitation/W1-questions.md;00-governance/registers/unknowns.md;12-solution/release-configuration-migration.md"
"UNK-015","4","yes","00-governance/decisions/ADR-P01.md;00-governance/elicitation/W1-answers.md;00-governance/elicitation/W1-questions.md;00-governance/registers/unknowns.md"
"UNK-016","5","yes","00-governance/registers/unknowns.md;02-requirements/quality-scenarios.md;16-reports/SESSION-W1.md;16-reports/SESSION-W2.md;16-reports/gate-reports/GATE-STATUS-W1.md"
"UNK-017","3","yes","00-governance/elicitation/W1-answers.md;00-governance/elicitation/W1-questions.md;00-governance/registers/unknowns.md"
"UNK-018","7","yes","00-governance/glossary.md;00-governance/decisions/ADR-P04.md;00-governance/elicitation/W1-answers.md;00-governance/elicitation/W1-questions.md;00-governance/registers/assumptions.md;00-governance/registers/unknowns.md;16-reports/gate-reports/GATE-STATUS-W0.md"
"UNK-019","4","yes","00-governance/elicitation/W1-answers.md;00-governance/elicitation/W1-questions.md;00-governance/registers/unknowns.md;16-reports/gate-reports/GATE-STATUS-W0.md"
"UNK-020","4","yes","00-governance/elicitation/W1-answers.md;00-governance/elicitation/W1-questions.md;00-governance/registers/assumptions.md;00-governance/registers/unknowns.md"
"UNK-021","11","yes","00-governance/registers/unknowns.md;01-business/release-2-scope.md;03-domain/contexts/BC07/enterprise-integration-spec.md;14-slices/slices.md;14-slices/SLC-16/readiness.md;16-reports/ARCHITECTURE-REVIEW-R2.md;16-reports/CONSISTENCY-REPORT-R2.md;16-reports/ENGINEERING-BASELINE-R2.md;16-reports/SESSION-R2-BASELINE.md;16-reports/SESSION-W2-R2.md;16-reports/SESSION-W4-W7-SLC16.md"
"UNK-022","4","yes","README.md;00-governance/registers/unknowns.md;01-business/release-3-scope.md;16-reports/EVOLUTION-ROADMAP.md"
"VALUE-STREAMS","1","yes","01-business/value-streams.md"
"VS01","6","no","01-business/processes.md;01-business/value-streams.md;02-requirements/requirements.md;02-requirements/use-cases.md;03-domain/contexts/BC02/collection-spec.md;16-reports/SESSION-W4-W7-SLC14.md"
"VS02","3","no","01-business/processes.md;01-business/value-streams.md;02-requirements/use-cases.md"
"VS03","3","no","01-business/processes.md;01-business/value-streams.md;02-requirements/use-cases.md"
"VS04","4","no","00-governance/registers/corrections.md;01-business/processes.md;01-business/value-streams.md;02-requirements/use-cases.md"
"VS05","4","no","00-governance/registers/corrections.md;01-business/processes.md;01-business/value-streams.md;02-requirements/use-cases.md"
"VS06","4","no","01-business/processes.md;01-business/value-streams.md;02-requirements/requirements.md;02-requirements/use-cases.md"
"VS07","3","no","01-business/processes.md;01-business/value-streams.md;02-requirements/use-cases.md"
"WL-01","10","yes","00-governance/registers/assumptions.md;00-governance/registers/unknowns.md;02-requirements/quality-scenarios.md;07-quality/performance-test-strategy.md;07-quality/workloads-slc17.md;07-quality/workloads-slc18.md;07-quality/workloads.md;12-solution/cell-architecture.md;12-solution/technology-decisions.md;15-traceability/quality-verification-matrix.md"
"WL-02","4","yes","00-governance/decisions/ADR-P05.md;02-requirements/quality-scenarios.md;07-quality/workloads.md;15-traceability/quality-verification-matrix.md"
"WL-03","6","yes","00-governance/decisions/ADR-P12.md;00-governance/registers/assumptions.md;02-requirements/quality-scenarios.md;07-quality/workloads.md;15-traceability/quality-verification-matrix.md;16-reports/REQUIREMENTS-QUALITY-REPORT.md"
"WL-04","4","yes","00-governance/decisions/ADR-P02.md;02-requirements/quality-scenarios.md;07-quality/workloads.md;15-traceability/quality-verification-matrix.md"
"WL-05","1","yes","07-quality/workloads.md"
"WL-06","8","yes","00-governance/decisions/ADR-P05.md;00-governance/decisions/ADR-P07.md;00-governance/registers/assumptions.md;00-governance/registers/unknowns.md;02-requirements/quality-scenarios.md;03-domain/bc-boundary-test.md;07-quality/workloads.md;15-traceability/quality-verification-matrix.md"
"WL-08","6","yes","00-governance/decisions/ADR-P05.md;00-governance/registers/assumptions.md;02-requirements/quality-scenarios.md;07-quality/workloads.md;15-traceability/quality-verification-matrix.md;16-reports/REQUIREMENTS-QUALITY-REPORT.md"
"WL-09","2","yes","07-quality/workloads-slc18.md;07-quality/workloads.md"
"WL-11","5","yes","00-governance/registers/unknowns.md;02-requirements/quality-scenarios.md;07-quality/workloads.md;15-traceability/quality-verification-matrix.md;16-reports/REQUIREMENTS-QUALITY-REPORT.md"
"WL-12","3","yes","02-requirements/quality-scenarios.md;07-quality/workloads.md;15-traceability/quality-verification-matrix.md"
"WL-14","2","yes","02-requirements/quality-scenarios.md;15-traceability/quality-verification-matrix.md"
"WL-15","3","yes","02-requirements/quality-scenarios.md;07-quality/workloads.md;15-traceability/quality-verification-matrix.md"
"WL-16","1","yes","07-quality/workloads.md"
"WL-SLC01","1","yes","07-quality/workloads-slc01.md"
"WL-SLC02","1","yes","07-quality/workloads-slc02.md"
"WL-SLC03","1","yes","07-quality/workloads-slc03.md"
"WL-SLC04","1","yes","07-quality/workloads-slc04.md"
"WL-SLC05","1","yes","07-quality/workloads-slc05.md"
"WL-SLC06","1","yes","07-quality/workloads-slc06.md"
"WL-SLC07","1","yes","07-quality/workloads-slc07.md"
"WL-SLC08","1","yes","07-quality/workloads-slc08.md"
"WL-SLC09","1","yes","07-quality/workloads-slc09.md"
"WL-SLC10","1","yes","07-quality/workloads-slc10.md"
"WL-SLC11","1","yes","07-quality/workloads-slc11.md"
"WL-SLC12","1","yes","07-quality/workloads-slc12.md"
"WL-SLC12A","1","yes","07-quality/workloads-slc12a.md"
"WL-SLC14","1","yes","07-quality/workloads-slc14.md"
"WL-SLC15","1","yes","07-quality/workloads-slc15.md"
"WL-SLC16","1","yes","07-quality/workloads-slc16.md"
"WL-SLC17","1","yes","07-quality/workloads-slc17.md"
"WL-SLC18","1","yes","07-quality/workloads-slc18.md"
"WL-SLC19","1","yes","07-quality/workloads-slc19.md"
